Key	en	es	zhCN	fr	de	pt	ru	pt-br	zhTW	ja	tr	cz	it
MasterVolume	Volume generale	Volumen principal	主音量	Volume général	Gesamtlautstärke	Volume Geral	Общая громкость	Volume Mestre	主音量	マスターボリューム	Ana ses	Hlavní hlasitost	Volume generale
MusicVolume	Volume musica	Volumen de la música	游戏音乐音量	Volume musique	Musik	Volume da Música	Музыка	Volume Música	音樂音量	BGM	Müzik sesi	Hlasitost hudby	Volume musica
AmbientSounds	Volume ambientale	Sonidos ambientales	环境音效音量	Sons ambiants	Umgebung	Sons de Ambiente	Окружение	Sons Ambientes	環境音效	環境音	Ortam Sesleri	Okolní zvuky	Volume ambientale
SoundEffects	Effetti sonori	Efectos de sonido	游戏音效音量	Effets sonores	Effekte	Efeitos sonoros	Эффекты	Efeitos Sonoros	遊戲音效	サウンドエフェクト	Ses efektleri	Zvukové efekty	Effetti sonori
InterfaceSounds	Suoni interfaccia	Sonidos de interfaz	界面音效音量	Sons de l'interface	Oberfläche	Sons de interface	Интерфейс	Sons Interface	介面音效	インターフェース音	Arayüz Sesleri	Zvuky rozhraní	Suoni interfaccia
FormattedBringItemToTarget	Porta {0} a {1}	Llevar {0} a {1}	将{0}带到{1}	Apporter {0} à {1}	Bringe {0} zu {1}	Entrega {0} em {1}	Доставлять {0} в {1}	Entrega {0} para {1}	將{0}帶到{1}	{0}を{1}に運搬	{0}'ı {1}'a getirin	Přineste {0} až {1}	Porta {0} a {1}
FormattedHarvestItem	Raccogli {0}	Cosechar {0}	采集{0}	Récolter {0}	Ernte {0}	Apanha {0}	Добывать {0}	Colheita {0}	採集{0}	{0}を収穫	{0} hasat	Skliďte {0}	Raccogli {0}
FormattedSupplyTargetWithItem	Rifornisci {0} a {1}	Abastecer {0} con {1}	为{0}供应{1}	Approvisionner {0} avec {1}	Versorge {0} mit {1}	Fornece {0} com {1}	Снабжать здание {0} предметом {1}	Fornecer {0} com {1}	為{0}供應{1}	{0}を{1}に供給	{0}'a {1} sağlayın	Zásobte {0} s {1}	Rifornisci {0} a {1}
FormattedSupplyTargetWithEverything	Rifornisci {0}	Abastecer {0}	供应{0}	Approvisionner {0}	Versorge {0}	Fornece {0}	Снабжать здание {0} всеми необходимыми предметами	Fornecer {0}	供應{0}	{0}を供給	{0}'ı tedarik edin	Zásobte {0}	Rifornisci {0}
FormattedDeliverItem	Consegna {0}...	Entregar {0}	运送{0}...	Livrer {0}...	Liefere {0}...	Entregar {0}...	Доставить {0}	Entregar {0}...	運送{0}...	{0}を配送...	{0}'ı teslim edin...	Sbírej: {0}...	Consegna {0}...
DeliverEverything	Consegna tutto	Entregar todo	运送所有东西	Tout livrer	Liefere alles	Pegue tudo	Доставить всё	Pegar tudo	運送所有物品	すべてを配送	Her şeyi al	Dodejte všechno	Consegna tutto
FormattedDeliverItemFromTargetToTarget	Consegna {0} da {1} a {2}	Entregar {0} de {1} a {2}	将{0}从{1}送到{2}	Livrer {0} de {1} à {2}	Liefere {0} von {1} zu {2}	Entrega {0} de {1} para {2}	Доставить {0} из {1} в {2}	Entrega {0} de {1} a {2}	將{0}從{1}送到{2}	{0}を{1}から{2}に配送	{0}'ı {1}'den {2}'ye teslim edin	Dodejte {0} z {1} do {2}	Consegna {0} da {1} a {2}
FormattedDeliverEverythingFromTargetToTarget	Consegna tutto da {0} a {1}	Entregar todo desde {0} a {1}	将所有东西从{0}送到{1}	Livrer tout de {0} à {1}	Liefere alles von {0} zu {1}	Entrega tudo de {0} para {1}	Доставлять всё из {0} в {1}	Entregue tudo, de {0} a {1}	將所有物品從{0}送到{1}	{0}から{1}へすべてを配送	{0} ile {1} arasındaki her şeyi teslim edin	Dodejte vše z {0} do {1}	Consegna tutto da {0} a {1}
FormattedDropOffItemToTarget	Lascia {0} a {1}	Dejar {0} en {1}	将{0}放到{1}	Déposer {0} à {1}	Entlade {0} bei {1}	Larga {0} para {1}	Выгрузить {0} в {1}	Deixa {0} para {1}	將{0}放到{1}	{0}を{1}にドロップ	{0}'ı {1}'a bırakın	Odvezte {0} do {1}	Lascia {0} a {1}
FormattedDropOffEverythingToTarget	Lascia tutto a {0}	Dejar todo en {0}	将所有东西放到{0}	Tout déposer à {0}	Entlade alles bei {0}	Larga tudo em {0}	Выгрузить всё в {0}	Deixe tudo para {0}	將所有物品放到{0}	{0}にすべてドロップ	Her şeyi {0}'a bırakın	Odevzdat vše do {0}	Lascia tutto a {0}
BehaviorTypeHarvestItem	Raccogli	Cosechar	采集	Récolter	Ernte	Colher	Добыть	Colheita	採集	収穫	Hasat	Skliďte	Raccogli
BehaviorTypePickUpItem	Prendi	Recoger	拿起	Ramasser	Aufnehmen	Apanhar	Подобрать	Coleta	拿起	拾う	Toplamak	Vzít	Prendi
BehaviorTypeSupplyItem	Rifornisci	Suministrar	供应	Approvisionner	Beliefern	Fornece	Запасы	Fornecimento	供應	供給	Tedarik	Zásobte	Rifornisci
BehaviorTypeDropOffItem	Lascia	Dejar	放下	Déposer	Entladen	Larga	Выбросить	Entrega	放下	ドロップ	Bırakmak	Uložit	Lascia
BehaviorTypeMoveToPosition	Spostare	Muevete	移动	Déplacer	Bewegen	Mover	Переехать	Mover	移動	移動	Taşınmak	V pohybu	Spostare
BehaviorTargetNearest	più vicino	Más cercano	最近的设施	le plus proche	(Ziel wählen)	mais próximo	<укажите цель>	Mais Próximo	最近	最寄り	en yakın	nejbližší	più vicino
BehaviorTargetLocation	luogo	Ubicación	位置	emplacement	Ort	localização	точку	Localização	位置	ロケーション	konum	umístění	luogo
BiomeTypePlainsAndRivers	Pianure e fiumi	Llanuras y ríos	平原与河流	Plaines et rivières	Ebenen und Flüsse	Planícies e rios	Равнины и реки	Planícies e Rios	平原與河流	平原と河川	Ovalar ve Nehirler	Pláně a řeky	Pianure e fiumi
BiomeTypeMountainLakes	Laghi montani	Lagos de montaña	高山与湖泊	Lacs de montagne	Bergseen	Montanhas e Rios	Горные озёра	Montanha e Lagos	高山湖泊	山岳湖	Dağ Gölleri	Horská jezera	Laghi montani
BiomeTypePlateaus	Altopiano	Mesetas	高原	Plateaux	Hochebenen	planaltos	Плоскогорья	Platôs	高原	台地	Yaylalar	Náhorní plošina	Altopiano
BiomeTypeEmpty	Vuoto	Vacío	空地	Vide	Leer	Esvaziar	Без предустановок	Vazios	空地	空き地	Boş	Prázdný	Vuoto
BiomeTypeVolcanicIslands	Isole vulcaniche	Islas volcánicas	火山群岛	Îles volcaniques	Vulkaninseln	Ilhas vulcânicas	Вулканические острова	Ilhas Vulcânicas	火山群島	火山諸島	Volkanik Adalar	Sopečné ostrovy	Isole vulcaniche
BiomeTypeArchipelago	Arcipelago	Archipiélago	群岛	Archipel	Archipel	Arquipélago	Архипелаг	Arquipélago	群島	列島	Takımadalar	Souostroví	Arcipelago
BiomeTypeSuperFlat	Piatto	Plano	平原	Plat	Flach	Plano	Равнины	Plano	平原	平地	Düz	Plochý	Piatto
BiomeTypeCraters	Crateri	Cráteres	陨石坑	Cratères	Krater	Crateras	Кратеры	Crateras	隕石坑	クレーター	Kraterler	Krátery	Crateri
BiomeTypeDesertCliffs	Rocce desertiche	Acantilados del desierto	沙漠悬崖	Falaises désertiques	Wüstenklippen	Penhascos do Deserto	Пустынные cкалы	Penhascos do Deserto	沙漠懸崖	砂漠の崖	Çöl Kayalıkları	Pouštní útesy	Rocce desertiche
BiomeTypeFoothillCanyons	Canyon collinosi	Cañones al pie de colina	山脚峡谷	Contreforts	Vorgebirgeschluchten	Cânions do sopé	Горные ущелья	Cânions de Pé do Morro	山麓峽谷	峡谷のふもと	Etek Kanyonları	Podhorské kaňony	Canyon collinosi
BiomeTypeGrandCanyons	Grand canyon	Gran Cañon	大峡谷	Grands canyons	Riesige Schluchten	Grandes Canyons	Великие каньоны	Grandes Cânions	大峽谷	グランドキャニオン	Büyük Kanyonlar	Grand Canyons.	Grand canyon
BiomeTypeHighFoothills	Colline alte	Altas colinas	高原山脚	Collines hautes	Hohes Vorgebirge	Contrafortes altos	Предгорье	Altos Montes	高山麓	山ろく地帯	Yüksek Dağ Etekleri	Vysoké podhůří	Colline alte
BiomeTypeHighRidges	Crinali	Crestas	高耸山脊	Récifs	Gebirgskrate	Cumes	Горные хребты	Cumes	山脊	分水嶺	Sırtlar	Hřebeny	Crinali
BiomeTypeIslands	Isole	Islas	群岛	Îles	Inseln	Ilhas	Острова	Ilhas	島嶼	島々	Adalar	Ostrovy	Isole
BiomeTypeLakeland	Terra dei laghi	Lagos	湖地	Lacs	Seenlandschaft	Lagolândia	Озера	Terrenos do Lago	湖地	湖水地方	Göl Bölgesi	Jezerní země	Terra dei laghi
BiomeTypeSwampForest	Foresta paludosa	Bosque pantanoso	沼泽森林	Forêt marécageuse	Sumpfwald	Floresta Pântano	Болотистые леса	Floresta de Pântano	沼澤森林	湿地林	Bataklık Ormanı	Les v bažinách	Foresta paludosa
BiomeTypeFlatWithDesert	Piatto con deserto	Piso con desierto	平坦沙漠	Plat avec désert	Flach mit Wüste	Plano com Deserto	Плоская с пустыней	Plano com Deserto	與沙漠平坦	砂漠とフラット	#N/A	#N/A	Piatto con deserto
InvalidReasonAccessPointBlocked	Accesso negato	Salida bloqueada	输出口有遮挡	Sortie bloquée	Ausgabe blockiert	Saída Bloqueada	Выход заблокирован	Saída Bloqueada	輸出被擋住	ブロックされた出力	Çıkış Engellendi	Výstup blokován	Accesso negato
InvalidReasonAgentCanNotHarvest	Questo lavoratore non può raccogliere quell'oggetto	Este trabajador no puede cosechar ese objeto	这名工人不能采集那个资源	Ce Travailleur ne peut pas récolter cet objet	Dieser Arbeiter kann das nicht ernten	Este Trabalhador nao pode apanhar este item	Рабочий не может добыть этот элемент	Esse Trabalhador não pode colher esse item	該工人不能採集該資源	ワーカーはそのアイテムを収穫できません	Bu İşçi o öğeyi hasat edemiyor	Tento pracovník nemůže sklízet tuto položku	Questo lavoratore non può raccogliere quell'oggetto
InvalidReasonAgentCanNotPlant	Solo i lavoratori possono piantare	Sólo los trabajadores pueden plantar	只有工人可以种植	Seuls les Travailleurs peuvent planter	Nur Arbeiter können anpflanzen	Apenas os trabalhadores podem plantar	Сажать могут только Рабочие	Somente os trabalhadores podem plantar	只有工人可以種植	ワーカーだけが植えられます	Yalnızca İşçiler ekim yapabilir	Pouze pracovníci mohou sázet	Solo i lavoratori possono piantare
InvalidReasonAlreadyFull	Già pieno	Lleno	已满	Déjà plein	Bereits voll	já completa	Уже заполнено	Já está cheio	已滿	既にいっぱいです	Zaten dolu	Již plné	Già pieno
InvalidReasonBuildingBlocked	Costruzione bloccata	El edificio está bloqueado	建筑被挡住	Bâtiment bloqué	Gebäude ist blockiert	Obra bloqueada	Здание заблокировано	O edifício está bloqueado	建築被擋住	建物がブロックされています	Bina engellendi	Budova je blokována	Costruzione bloccata
InvalidReasonCanNotAfford	Non puoi permettertelo, porta più risorse alla base o agli edifici di deposito	No te lo puedes permitir, lleva más recursos al Centro Ciudad o a los almacenes.	资源不足，请存放更多的资源到城镇中心或仓库建筑	Resssources insuffisantes, apportez plus de ressources au Centre-Ville ou aux bâtiments de stockage	Zu teuer, bringe mehr Rohstoffe zur Basis oder einem Lager	Recursos insuficientes, entregue mais na base ou no armazém	Не хватает ресурсов в Общем инвентаре	Não é possível pagar, trazer mais recursos para o Centro da Cidade ou edifícios de armazenamento	資源不足，為城鎮中心或倉庫建築帶來更多資源 	資源が不足しています。町の中心または倉庫に資源を保管してください。	Param yetmiyor, Şehir Merkezine veya Depo binalarına daha fazla kaynak getir	Nemůžete si dovolit přinést více zdrojů do centra města nebo do skladovacích budov	Non puoi permettertelo, porta più risorse alla base o agli edifici di deposito
InvalidReasonCanNotNavigate	Impossibile da navigare	No se puede navegar.	找不到路	Ne trouve pas de chemin adéquat	Navigieren nicht möglich	Não é possível navegar	Невозможно добраться	Não é possível navegar	不能導航	ナビゲートできません	Gezinilemiyor	Nelze navigovat	Impossibile da navigare
InvalidReasonCanNotTargetResource	Impossibile individuare la risorsa	No se puede seleccionar el recurso como objetivo	无法定位资源	Impossible de cibler la ressource	Rohstoffauswahl nicht möglich	Não pode apontar a recursos	Невозможно найти ресурс	Não é possível direcionar recursos	不能定位資源	資源をターゲットできません	Kaynak hedeflenemiyor	Nelze najít cílový zdroj	Impossibile individuare la risorsa
InvalidReasonInvalidBuildingAttach	Deve essere connesso ad un edifcio valido	Se debe adjuntar a una construcción válida	必须与有效的建筑相连	Doit être relié à un bâtiment valide	Muss mit gültigem Gebäude verbunden sein	Tem de anexar a um edifício valido	Необходимо присоединить к правильному зданию	Deve ser fixado em um edifício válido	必須附加到有效的建築	有効な建物にアタッチする必要があります	Geçerli binaya eklenmelidir	Musí se připojit k platné budově	Deve essere connesso ad un edifcio valido
InvalidReasonInvalidPath	Impossibile da attraversare	No transitable	路径无效	Non praticable	Nicht passierbar	Não pode atravessar	Неправильный путь	Não atravessável	無法穿越	通過できません	Geçilemez	Není průchozí	Impossibile da attraversare
InvalidReasonIsSupportingOtherEntity	Supporta altre entità	Está apoyando a otra entidad	正在支撑其他物体	Soutient une autre entité	Unterstützt andere Einheiten	Está a suportar outra entidade	Поддерживает другой объект	Está dando suporte a outra entidade	正在支撐其它實體	他のものを支えています	Başka bir varlığı destekliyor	Podporuje další subjekt	Supporta altre entità
InvalidReasonNotEnoughPopulation	Capacità di popolazione insufficiente, costruisci o aggiorna più case	No hay suficiente capacidad de población. Construye o Mejora más Casas.	工人容量不足 - 请建造或升级更多房屋	Pas assez de capacité de travail - Construisez ou améliorez plus de maisons	Bevölkerungsmaximum erreicht - Baue neue oder verbessere Häuser	Insuficiente capacidade de população - Construa ou melhore mais casas	Превышен Лимит населения. Постройте дополнительные Дома или улучшите существующие	Capacidade insuficiente de trabalhadores - Construir ou aumentar o nível das Casas	工人容量不足 - 建造或升級更多房屋	人口収容量が足りません。住宅を増やすかレベルアップしてください。	Yeterli işçi kapasitesi yok - Daha fazla Ev İnşa Edin veya Seviyesini Yükseltin	Nedostatek pracovních míst - postavte nebo upgradujte více domů	Capacità di popolazione insufficiente, costruisci o aggiorna più case
InvalidReasonNotEnoughHouseCapacity	Capacità casa insufficiente, aggiorna la tua base	No hay suficiente capacidad de Casas. Mejora tu Nivel de Población	房屋容量不足 - 请升级城镇中心	Pas assez de capacité d'habitation - Augmentez le niveau de population	max. Häuserkapazität erreicht - Erhöhe dein Bevölkerungslimit	Insuficiente capacidade de casas - Melhore a base	Превышен Лимит построенных зданий. Необходимо улучшить Городской центр	Capacidade insuficiente para abrigar casas - Aumente o nível do Centro da Cidade	房屋容量不足 - 提升人口水平	住宅上限に達しています。人口レベルを増やしてください。	Yeterli ev kapasitesi yok - Nüfus Seviyesini artırın	Nedostatečná kapacita domu - zvyšte úroveň populace	Capacità casa insufficiente, aggiorna la tua base
InvalidReasonMaxBuildingCountReached	Il numero massimo di questo tipo è stato costruito	Número máximo de edificios permitidos ya construídos	已建造此类型的最大数量	Nombre maximum atteint pour ce type de bâtiment	Die maximale Anzahl dieses Haustyps wurde gebaut	Número máximo deste tipo foi construído	Построено максимальное количество зданий этого типа	O número máximo desse tipo foi construído	已建造此類型的最大數量	建設数が最大に達しています	Bu türden maksimum sayıda inşa edilmiştir	Bylo vyrobeno maximální množství tohoto typu	Il numero massimo di questo tipo è stato costruito
InvalidReasonNotRollableItem	Oggetto non rotolante	Este elemento no rueda	不是可滚动的物品	N'est pas un objet roulant	Gegenstand kann nicht gerollt werden	Nao é possivel dar roll neste item	Этот предмет невозможно перекатывать по Желобу	Não é um item rolável	不是可滾動的物品	転がすことができるアイテムではありません	Yuvarlanabilir bir öğe değil	Toto není rolovatelná položka	Oggetto non rotolante
InvalidReasonNeedsSupportBlock	Richiede un blocco di sostegno	Necesita bloque de soporte	需要支撑块	A besoin de bloc de support	Benötigt Stützblock	É necessario um bloco de apoio	Нужен опорный блок	Precisa de bloco de Suporte	需要支撐塊	支えるブロックが必要です	Destek bloğuna ihtiyaç var	Potřebuje podpůrný blok	Richiede un blocco di sostegno
InvalidReasonOccupied	Occupato	Ocupado	被占用	Occupé	Belegt	Ocupado	Занято	Ocupado	被佔用	占有されています	Dolu	Obsazený	Occupato
InvalidReasonRequiredSupportsAreOccupied	Supporti necessari bloccati	Soportes necesarios bloqueados	所需的支撑被挡住	Supports nécessaires bloqués	Erforderliche Stützblöcke sind blockiert	Blocos de apoio bloqueados	Требуемая опора заблокирована	Suporte necessário bloqueado	所需的支撐被擋住	支えが必要なため、ブロックされています	Gerekli Destekler Engellendi	Požadované podpory blokovány	Supporti necessari bloccati
InvalidReasonRequiresSeaLevel	Può essere posizionato solo sotto il livello del mare	Sólo puede colocarse bajo el nivel del mar	只能放置在海平面以下	Peut uniquement être placé sous le niveau de la mer	Kann nur unter dem Meeresspiegel platziert werden	Só pode ser colocado abaixo do nivel do mar	Можно разместить только под водой	Só pode ser colocado sob o nível do mar	只能放置在海平面下	海面下にしか設置できません	Yalnızca deniz seviyesinin altına yerleştirilebilir	Může být umístěno pouze pod hladinou moře	Può essere posizionato solo sotto il livello del mare
InvalidReasonRequiresTerrain	Può essere posizionato solo sul terreno	Sólo puede colocarse sobre un terreno	只能放置在地面上	Peut uniquement être placé sur terre	Kann nur auf dem Land platziert werden	Só pode ser colocado em terra	Можно разместить только на земле	Só pode ser colocado em terreno	只能放置在地面上	地面にしか設置できません	Yalnızca araziye yerleştirilebilir	Může být umístěno pouze na terénu	Può essere posizionato solo sul terreno
InvalidReasonRequiresTriggerTarget	Obiettivo clic su un blocco di overlay	Seleccione un bloque superpuesto	点击一个覆盖块	Visez et cliquez sur un bloc superposé	Klicke auf einen Überlagerungs-Block als Ziel	Clique num bloco sobreposto	Выберите целевой блок	Clique no alvo em um bloco de sobreposição	目標-點擊一個覆蓋塊	オーバーレイブロックをターゲットクリック	Bir kaplama bloğunu hedefleyerek tıklayın	Cíl-klikněte na překryvný blok	Obiettivo clic su un blocco di overlay
InvalidReasonRequiresFarmTile	Può disporre solo su Tile Farm	Sólo puede colocarse en una casilla de Granja	只能放置在农场地块上	Peut uniquement être placé sur une Tuile de ferme	Kann nur auf einem Farmfeld platziert werden	Só pode ser colocado num campo da fazenda	Можно разместить только на Полях Фермы	Só pode ser colocado em Terreno de Cultivo	只能放置在農地上	農業タイルにだけ設置できます	Yalnızca Çiftlik Döşemesine yerleştirilebilir	Lze umístit pouze na farmářská políčka	Può disporre solo su Tile Farm
InvalidReasonRequiresTreePlanter	Può disporre solo su albero Planter	Sólo puede colocarse en un soporte para árbol	只能放置于植树机上	Peut uniquement être placé sur un Planteur d'arbre	Kann nur auf einem Baumsetzer platziert werden	Só pode ser colocado num plantador de Árvore	Можно разместить только в Посадочном контейнере	Só pode ser colocado no plantador de árvores	只能放置在樹木種植機上	ツリープランターにだけ設置できます	Yalnızca Ağaç Dikiciye yerleştirilebilir	Může umístit pouze na ovocné sady	Può disporre solo su albero Planter
InvalidReasonRequiresMineShaft	Can unica prospettiva per i minerali all'interno della miniera Alberi	Solo se puede minar subterráneamente con Minas	只能在矿井内勘探矿物	Peut seulement prospecter du minerai à l'intérieur des Puits de mine	Kann nur nach Erz innerhalb eines Minenschachts suchen	só pode prospectar minérios dentro de poços de minas	Проводить геологоразведку можно только в Шахтах	Só pode prospectar minérios dentro de tuneis de Minas	只能在礦井內勘探礦物	坑道内の鉱石のみ調査できます	Yalnızca Maden Şaftlarındaki cevherleri arayabilir	Může hledat rudy pouze v důlních šachtách	Can unica prospettiva per i minerali all'interno della miniera Alberi
InvalidReasonSteepTerrain	Terreno è troppo ripida	El terreno es demasiado escarpado	地面过于陡峭	Terrain trop raide	Gelände zu steil	Terreno muito inclinado	Неровная поверхность	Terreno muito íngreme	地形太陡峭	地形が急すぎます	Arazi çok dik	Terén je příliš strmý	Terreno è troppo ripida
InvalidReasonTargetBlockedByWater	Bersaglio è bloccato da Acqua	El objetivo está bloqueado por Agua	目标被水挡住	Cible bloquée par l'eau	Gelände durch Wasser blockiert	Bloqueado por água	Цель блокируется водой	O alvo é bloqueado por Água	目標被水擋住	ターゲットは水面によってブロックされています	Hedef Su tarafından engellendi	Cíl je blokován vodou	Bersaglio è bloccato da Acqua
InvalidReasonTargetNotCompatibleWithAction	Obiettivo incompatibile	Objeto incompatible	目标不兼容	Cible incompatible	Ungeeignetes Ziel	Alvo inompatível	Действие не совместимо с целью	Alvo Incompatível	目標不相容	適用できないターゲットです	Uyumsuz Hedef	Nekompatibilní cíl	Obiettivo incompatibile
InvalidReasonUnevenTerrain	Non puoi costruire sui terreni irregolari	No se puede construir en un terreno desigual	无法在不平坦的地面上建造	Impossible de construire sur un terrain accidenté	Kann nicht auf unebenem Gelände bauen	Não pode construir em terreno irregular	Нельзя строить на неровной местности	Não é possível construir em terrenos irregulares	不能在不平坦的地形上建造	凹凸のある地形には建てられません	Engebeli arazide inşaat yapılamaz	Nemůžete stavět na nerovném terénu	Non puoi costruire sui terreni irregolari
InvalidReasonTerrainNotPurchasedYet	Terreno non ancora acquistato	Terreno no comprado aun	尚未购买该土地	Terrain pas encore acheté	Gelände noch nicht gekauft	Terreno ainda não adquirido	Территория еще не приобретена	Terreno ainda não adquirido	尚未購買該土地	未購入の土地です	Arazi henüz satın alınmadı	Terén ještě není zakoupen	Terreno non ancora acquistato
InvalidReasonNoChuteDropoff	Può scendere solo off per Chute punti finali	Solo se puede dejar en los extremos de la tolva	只能放置在滑道的端点位置	Peut seulement déposer aux points finaux des Glissières	Kann nur zu Rampenendpunkten abfallen	Só pode largar no inicio/fim das calhas	Можно положить только на конечную точку Желоба	Só é possível deixar nos pontos finais do Calhas	只能放到滑槽端點	シュートの終点にのみドロップできます	Yalnızca Chute uç noktalarına bırakılabilir	Může spadnout pouze do koncových bodů skluzu	Può scendere solo off per Chute punti finali
InvalidReasonRequiresOmniPlanter	Può disporre solo su Ore Planter	Solo se puede colocar en un Plantador de Minerales	只可用于矿石种植机	Peut seulement être placé sur un Planteur de minerai	Kann nur auf Erzvorkommen platziert werden	só pode colocar em OmniPlanter	Можно разместить только на Инкубаторе минералов	Só pode ser colocado no Plantador Omni	只能放置在神力種植機上	オムニプランターにのみ置くことができます	Yalnızca OmniPlanter'a yerleştirilebilir	Lze umístit pouze na OmniPlanter	Può disporre solo su Ore Planter
InvalidReasonRequiresShallowWater	Può essere posizionato solo in acque poco profonde	Solo se puede colocar en aguas poco profundas	只能放置在浅水中	Ne peut être placé qu'en eau peu profonde	Kann nur in flachem Wasser platziert werden	só pode ser colocado em água rasa	Можно разместить только на мелководье	Só pode ser colocado em águas rasas	只能放置在淺水中	浅瀬にのみ設置できます	Sadece sığ suya yerleştirilebilir	Lze umístit pouze v mělké vodě	Può essere posizionato solo in acque poco profonde
InvalidReasonStorageBuildingNotEmpty	Non può spostare gli edifici di stoccaggio a meno che non siano vuoti	No se puede mover edificios de almacenamiento a menos que estén vacíos	只能移动空的储存建筑	Ne peux pas déplacer les bâtiments de stockage tant qu'ils ne sont pas vides	Lagergebäude können nicht bewegt werden, wenn sie nicht leer sind	Não é possível mover edifícios de armazenamento a menos que eles estão vazios	Нельзя перемещать Хранилище, пока в нем есть предметы	Não é possível mover Edifícios de Armazenamento a menos que eles estejam vazios	無法移動儲存建築，除非它們是空的	空になっていない限り、倉庫を移動することはできません。	Boş olmadıkları sürece Depolama binaları taşınamaz	Nelze přesunout skladovací budovy, pokud nejsou prázdné	Non può spostare gli edifici di stoccaggio a meno che non siano vuoti
InvalidReasonInvalidTerrain	Tipo di terreno incompatibile	Incompatibilidad por Tipo de Terreno	不相容的地形类型	Type de terrain incompatible	Inkompatibler Terraintyp	Incompatíveis tipo de terreno	Несовместимый тип почвы	Tipo de terreno incompatível	不相容的地形類型	親和性がない地形タイプです	Uyumsuz Arazi Tipi	Nekompatibilní typ terénu	Tipo di terreno incompatibile
InvalidReasonUndergroundTerrain	Non può essere costruito sottoterra	No se puede construir bajo tierra	无法建造在地下	Construction impossible sous terre	Kann nicht underirdisch bauen	Não pode construir subterrâneo	Не могу построить под землей	Não é possível construir no subsolo	不能建造在地下	地下には建設できません	Yeraltı inşaatı yapılamıyor	Podzemí nelze stavět	Non può essere costruito sottoterra
BuildingDescriptionAirshipDock	Consente ai dirigibili di trasferire i loro beni molto più rapidamente	Los dirigibles permiten transferir tus bienes mucho más rápido	允许飞艇更迅速地转移它们的货物	Permet aux ballons dirigeables de transférer leurs marchandises beaucoup plus rapidement.	Ermöglicht Luftschiffen ihre Waren viel schneller zu übertragen	Permite Dirigíveis para transferir seus bens muito mais rapidamente	Позволяет дирежаблям быстрее доставлять товары	Permite que os dirigíveis transfiram suas mercadorias muito mais rapidamente	允許飛船更快地運送它們的貨物”	飛行船によってより速く商品を輸送できるようになります	Hava Gemilerinin mallarını çok daha hızlı transfer etmelerini sağlar	Umožňuje vzducholodím převážet své zboží mnohem rychleji	Consente ai dirigibili di trasferire i loro beni molto più rapidamente
BuildingDescriptionBakery	Produce cibi cotti	Produce una variedad de valiosos alimentos cocinados	生产多种有价值的熟食	Produit une variété de plats préparés.	Produziert viele verschiedene, gekochte Lebensmitteln	Produz uma variadade de bons alimentos cozinhados	Производит разнообразные ценные продукты питания	Produz uma variedade de valiosos alimentos cozidos	生產各種有價值的熟食	バラエティーに富んだ料理を提供します	Çeşitli değerli pişmiş gıda maddeleri üretir	Produkuje různé cenné vařené potraviny	Produce cibi cotti
BuildingDescriptionBarn	Fornisce storage condiviso che i giocatori possono usare per effettuare edifici e lavoratori	Proporciona almacenamiento compartido que los jugadores pueden utilizar al colocar los edificios y los trabajadores.	提供共享库存，玩家可以在放置建筑和工人时使用	Fournit du stockage partagé que le joueur peut utiliser pour placer des bâtiments et des travailleurs.	Lokales Lager, kann vom Spieler auch global für den Bau von Gebäuden, Strassen und anderen Blöcken genutzt werden	Fornece armazenamento partilhado que os jogadores podem usar quando colocam construções e tabalhadores	Складское здание с четырьмя ячейками хранения. Филиал Общего инвенаря	Fornece armazenamento compartilhado que os jogadores podem usar ao colocar edifícios e trabalhadores	提供共享庫存，玩家可以在放置建築和工人時使用	共有ストレージを提供します。配置されたアイテムはすべて、構築およびアップグレードするために使用できます。	Oyuncuların binaları ve işçileri yerleştirirken kullanabileceği ortak depolama alanı sağlar	Poskytuje sdílené skladování, které hráči mohou používat při umístění budov a pracovníků	Fornisce storage condiviso che i giocatori possono usare per effettuare edifici e lavoratori
BuildingDescriptionBase	casa base con immagazzinaggio abbondante. Tutti gli elementi posizionati qui possono essere usati dal giocatore per costruire e aggiornare	Base con almacenamiento abundante. Cualquier objeto colocado aquí puede utilizarse para construir y mejorar.	拥有充足储存空间的城镇中心，在这里存放的任何物品都可被用于建造与升级	La Base principale, qui est pourvue d'un grand espace de stockage. Tous les objet placés ici pourront être utilisés par le joueur afin de construire et d'améliorer des bâtiments.	Basis mit reichlich Stauraum. Alle Gegenstände, die hier gelagert werden, können zum Bauen und Verbessern genutzt werden	Base com grande armazenamento. Os items aqui colocados podem ser usados pelo jogador para construir ou melhorar edificios	Главное здание с огромным хранилищем. Любые предметы, расположенные здесь, могут быть использованы для строительства и улучшений	Centro da Cidade com armazenamento abundante. Todos os itens colocados aqui podem ser usados pelo jogador para Construir e Melhorar	擁有充足儲存空間的基地。 放置在這裡的任何物品都可以被玩家用來建造和升級	沢山のアイテムを保管できる町の中心。保管されたアイテムは建築やアップグレードのために使用できます。	Bol depolama alanına sahip ana üs. Buraya yerleştirilen herhangi bir öğe, oyuncu tarafından inşa etmek ve yükseltmek için kullanılabilir.	Domácí základna s velkým skladem. Všechny položky zde umístěné mohou být jakkoliv použity	casa base con immagazzinaggio abbondante. Tutti gli elementi posizionati qui possono essere usati dal giocatore per costruire e aggiornare
BuildingDescriptionCrate	Fornisce lo spazio di archiviazione per memorizzare gli oggetti piccoli. Fa contenuto non auto-uscita a scivoli	Proporciona espacio de almacenamiento para guardar objetos pequeños. Su contenido no se mueve a las rampas automáticamente.	提供较小的储存空间用于存储物品，不会自动输出到滑道	Fournit un peu de stockage pour entreposer des objets. Les objets ne sont pas placés automatiquement dans les glissières.	Bietet einen kleinen lokalen Lagerraum für Gegenstände. Entlädt nicht automatisch auf Rutschen	Oferece armazenamento basico para armazenar items.Não envia items automaticamente para as calhas.	Место для хранения предметов одного типа. Не имеет выводов на путепроводы	Oferece um pequeno espaço de armazenamento para guardar itens. Não descarrega automaticamente o conteúdo para as calhas	提供小的儲存空間來存放物品。 不自動輸出物品到滑槽	アイテムを保管できる木箱。保管アイテムをシュートに自動で出力することはできません。	Öğeleri saklamak için küçük depolama alanı sağlar. İçerikleri kanallara otomatik olarak çıkarmaz	Poskytuje malé úložné prostory pro ukládání položek. Není zde automatický výstupní obsah ke skluzu materiálů	Fornisce lo spazio di archiviazione per memorizzare gli oggetti piccoli. Fa contenuto non auto-uscita a scivoli
BuildingDescriptionCrusher	Estratti eterei da Elemental Stones	Rompe minerales elementales a fragmentos elementales.	将元素矿石打碎成元素碎片	Extrait de l'Éther à partir des Gemmes élémentaires.	Extrahiert Äther aus Elementarsteinen	Extrai éter a partir de pedras elementais	Извлекает эфир из Камней стихии и создает Эсенцию	Extrai Éter de Pedras Elementais	從元素礦石中提取乙太	元素の鉱石からエーテルを抽出します	Element Taşlarından Eter Çıkarır	Extrahuje éter z elementárních kamenů	Estratti eterei da Elemental Stones
BuildingDescriptionDiffuser	Fornisce una presa dalla rete in modo Mana articoli possono essere restituiti al mondo, di solito in modo che possano essere ricaricate	Proporciona una salida de la red de Maná para que los artículos puedan ser devueltos al mundo y así ser recargados.	提供魔力管道的出口，以便物品返回世界进行充能等操作	Fournit une sortie à un Réseau de mana afin que les objets puissent retourner dans le monde, généralement pour être rechargés.	Holt Mana- und Elementarkristalle aus Mana-Rohren in die Welt zurück, üblicherweise um sie wieder aufzuladen	Fornece uma saída da rede de Mana onde items são devolvidos para o mundo, em geral, para que possam ser recarregadas	Извлекает предметы из сети Манопровода, возвращая их в мир. Как правило, используется для перезарядки кристаллов	Fornece uma saída da Grade de Mana para que os itens possam ser devolvidos ao mundo, geralmente para que possam ser recarregados.	提供魔力網格的出口，以便物品可以返回世界，通常可以為它們充能	マナグリッドからの出口となり、マナ結晶を物質世界に戻します。枯渇したマナ結晶は再チャージできます。	Mana ağından bir çıkış sağlar, böylece öğeler dünyaya geri gönderilebilir ve genellikle yeniden şarj edilebilirler.	Poskytuje výstup z mřížky na Manu, takže položky mohou být vráceny do světa, obvykle mohou být dobíjeny	Fornisce una presa dalla rete in modo Mana articoli possono essere restituiti al mondo, di solito in modo che possano essere ricaricate
BuildingDescriptionEnchantedForge	Processi oggetti magici che utilizzano il calore e la pressione	Procesa los objetos mágicos utilizando calor y presión.	使用热力与压力来加工魔力物品	Transforme les objets magiques en utilisant la chaleur et la pression.	Verarbeitet magische Gegenstände unter Verwendung von Wärme und Druck	Processa itens mágicos usando calor e pressão	Создаёт магические предметы, используя тепло и давление	Processa itens Mágicos usando Calor & Pressão	使用熱力和壓力加工魔法物品	熱と圧力を駆使して魔法のアイテムを生産します	Büyülü nesneleri ısı ve basınç kullanarak işler	Zpracovává magické předměty pomocí tepla a tlaku	Processi oggetti magici che utilizzano il calore e la pressione
BuildingDescriptionEnchanter	Impregna energia magica in elementi per rendere i prodotti di produzione avanzati e farmaci	Infunde energía mágica a los objetos para crear artículos de producción avanzados y medicina.	将魔法能量注入物品以制造更为高级的商品与药品	Imprègne les objets d'énergie magique pour la production avancée de ressources et médicaments.	Veredelt Gegenstände mit magischer Energie zur Herstellung hochwertiger Waren und Medikamente	Imbui energia mágica em itens para produzir bens de produção avançada e medicamentos	Наполняет предметы магической энергией, создавая из них ценные товары и медицинские препараты	Imbui Energia Mágica em itens para fazer produtos de produção avançados e medicamentos	將魔法能量注入物品中以製作先進商品和藥品	アイテムへ魔法のエネルギーを注入して、高価なグッズや医薬品を生産します。	Gelişmiş üretim malları ve ilaçları yapmak için eşyalara büyülü enerji aşılar	Naplňuje magickou energii do předmětů k výrobě pokročilých materiálů a léků	Impregna energia magica in elementi per rendere i prodotti di produzione avanzati e farmaci
BuildingDescriptionExtractor	Invia Cristalli Mana Mana nella griglia in modo che possano essere convogliati in giro per alimentare diverse strutture	Envía cristales de Maná a la red de Maná, para proporcionar poder a varios edificios a través de tuberías.	将魔力水晶送入魔力管道中，以便将其传送到不同的建筑中去	Envoie des Cristaux de mana dans le Réseau de mana afin d'alimenter diverses structures.	Sendet Mana- und Elementarkristalle durch Manarohre, um verschiedene Gebäude mit magischer Energie zu versorgen	Envia Cristais de Mana na grade de Mana por tubos para que possam ser canalizada ao redor para alimentar várias estruturas	Отправляет Кристаллы Маны в сеть Манопровода, для обеспечения энергией различных зданий	Envia Cristais de Mana para a Grade de Mana para que possam ser canalizados para alimentar várias estruturas	將結晶發送到法力網格中，以便它們可以通過管道為各種建築提供能量	マナ結晶をマナグリッドに送ります	Çeşitli yapılara güç sağlamak üzere yönlendirilebilmeleri için Mana Kristallerini Mana Izgarasına gönderir	Posílá Mana krystaly do Mana mřížky, aby mohly být rozváděny kolem a poháněly různé struktury	Invia Cristalli Mana Mana nella griglia in modo che possano essere convogliati in giro per alimentare diverse strutture
BuildingDescriptionFarm	Automaticamente raccolti e ri-piante colture vicine. Può valere anche l'acqua e fertilizzante per le piastrelle vicina fattoria per accelerare la ricrescita	Cosecha y replanta cultivos cercanos automáticamente. También puede suministrar agua y fertilizante a las tierras de cultivo cercanos para acelerar el proceso de crecimiento.	自动收割并重新栽种附近的农作物，也可以给附近的农田地块浇水与施肥以提高生长速度	Récolte et replante automatiquement les cultures à proximité. Peut également appliquer de l'eau et de l'engrais aux Tuiles de ferme à proximité pour accélérer la repousse.	Erntet und pflanzt selbständig Kulturpflanzen in Reichweite. Kann mit Wasser und Dünger das Nachwachsen auf Farmfeldern beschleunigen	Apanha e re-planta culturas próximas automaticamente. Também pode aplicar água e fertilizantes para campos próximos para acelerar o crescimento do	Автоматически высаживает растения и собирает урожай. Вы также можете использовать Воду и Удобрения на Полях Фермы, чтобы ускорить процесс роста	Colhe e replanta automaticamente as plantações próximas. Também é possível aplicar água e fertilizante nos blocos de fazenda próximos para acelerar o crescimento	自動收割並重新種植附近的作物。 也可以在附近的農地上澆水和施肥以加速再生	自動的に近くの作物を収穫し、植え替えます。農業タイル上の作物に水と肥料を撒き、作物の成長を速めることができます。	Yakındaki bitkileri otomatik olarak hasat eder ve yeniden eker. Yeniden büyümeyi hızlandırmak için yakındaki çiftlik karolarına da su ve gübre uygulayabilir	Automaticky sklízí a sází rostliny nejbližších plodin. Může také aplikovat vodu a hnojivo do blízkých farem ke zrychlení růstu	Automaticamente raccolti e ri-piante colture vicine. Può valere anche l'acqua e fertilizzante per le piastrelle vicina fattoria per accelerare la ricrescita
BuildingDescriptionForester	Raccolti automaticamente legno proveniente da alberi vicini e li ri-piante quando completamente consumato	Cosecha madera de árboles cercanos automáticamente y los replanta cuando se consumen.	自动砍伐周围的树木，并且会在砍完后重新种植	Récolte automatiquement le bois des arbres avoisinants et les replante lorsqu'ils sont épuisés.	Ernte von Holz und Obst sowie selbständige Aufforstung von Bäumen in Reichweite	colhe automaticamente madeira de árvores próximas e as re-planta quando totalmente colhidas	Автоматически производит Бревна, используя близлежащие деревья и высаживает саженцы после полной вырубки	Colhe automaticamente madeira de árvores próximas e as replanta quando totalmente consumidas	自動從附近樹木收割資源並在完全消耗後重新種植	自動的に近くの木から木材を収穫し、植え替えます。	Yakındaki ağaçlardan otomatik olarak odun toplar ve tamamı tüketildiğinde yeniden eker	Automaticky sklízí dřevo z okolních stromů a znovu je sází, když jsou již plně vytěženy	Raccolti automaticamente legno proveniente da alberi vicini e li ri-piante quando completamente consumato
BuildingDescriptionFishery	Produce Pesce da piastrelle acquatici nelle vicinanze	Pesca Peces en casillas de agua cercanas	从附近的水资源地块中生产鱼	Produit du Poisson des Tuiles d'eau voisines.	Liefert Fische von nahen Wasserflächen	Produz peixes de blocos de água próximos	Добывает рыбу в близлежащих местах её скопления	Produz peixes a partir de blocos de água próximos	從附近的水域生產魚	近くの水タイルから魚を生産します。	Yakındaki su karolarından Balık üretir	Vyrábí ryby z nedalekých vodních ploch	Produce Pesce da piastrelle acquatici nelle vicinanze
BuildingDescriptionForge	minerali sperlani in elementi e gli strumenti più utili	Funde minerales para crear objetos y minerales más útiles.	将矿石熔炼为更为有用的物品与工具	Fond les minerais en outils et objets plus utiles.	Schmilzt Erze zur Herstellung nützlicher Produkte und Werkzeuge	Funde minérios em ferramentes e itens mais úteis	Переплавляет руду в металлы и производит различные предметы и инструменты	Funde minérios em itens e ferramentas mais úteis	將礦石熔煉成更有用的物品和工具	鉱石をより有用なアイテムや道具に製錬します	Cevherleri eriterek daha kullanışlı öğelere ve araçlara dönüştürür	Taví rudy na užitečnější předměty a nástroje	minerali sperlani in elementi e gli strumenti più utili
BuildingDescriptionGeneralGoods	Distribuzione e vendita di abbigliamento, forniture di costruzione, e altri beni di prima necessità per le case vicine	Distribuye y vende ropa, suministros de construcción, y otros artículos de primera necesidad a las casas cercanas.	为附近的房屋运输及出售衣物、建筑材料以及其他杂货商品	Distribue et vend des vêtements, des matériaux de construction et d'autres marchandises basiques aux maisons proches.	Vertreibt und verkauft Kleidung, Baustoffe und andere grundlegende Güter an Häuser in Reichweite	Distribui e vende roupas, material de construção, e outros bens básicos para casas próximas	Обеспечивает распределение и продажу одежды, строительных материалов и других товаров в близлежащие Дома	Distribui e vende roupas, materiais de construção e outros produtos básicos para casas próximas	自動向附近房屋分配並出售服飾、建築用品和其它基礎商品	衣料品、建設資材を販売します	Yakındaki evlere giyim, inşaat malzemeleri ve diğer temel ürünleri dağıtır ve satar	Distribuuje a prodává oblečení, stavební zdroje a jiné základní zboží do nedalekých domů	Distribuzione e vendita di abbigliamento, forniture di costruzione, e altri beni di prima necessità per le case vicine
BuildingDescriptionGrainMill	Trasforma il Grano in oggetti di valore maggiore	Procesa el grano para crear productos más elaborados.	将食物加工成更有价值的物品	Transforme le Blé en objets de plus grande valeur.	Verarbeitet Getreide zu wertvolleren Produkten	Processa grãos em itens mais valiosos	Производит различные товары из зерна	Processa grãos em itens mais valiosos	將食物加工成更有價值的物品	穀物をより価値のあるアイテムへ加工します	Tahılları daha değerli öğelere dönüştürür	Zpracovává zrno do cennějších předmětů	Trasforma il Grano in oggetti di valore maggiore
BuildingDescriptionHospital	Distribuzione e vendita di merci automaticamente medicinali a case vicine	Distribuye y vende productos medicinales automáticamente a las casas cercanas.	为附近的房屋分发及销售药品	Distribue et vend des produits médicinaux automatiquement aux maisons proches.	Vertreibt und verkauft medizinische Waren an nahe gelegene Häuser	Distribui e vende produtos medicinais automaticamente para casas próximas	Обеспечивает распределение и продажу медицинских товаров в близлежащие Дома	Distribui e vende produtos medicinais automaticamente para casas próximas	自動向附近房屋分配並出售藥品	医薬品を近くの住宅に自動配給して販売します	Tıbbi ürünleri yakındaki evlere otomatik olarak dağıtır ve satar	Distribuuje a automaticky prodává léčivé zboží do okolních domů	Distribuzione e vendita di merci automaticamente medicinali a case vicine
BuildingDescriptionItemGenerator	Produce una quantità infinita di un elemento specifico	Deja salir indefinidamente un objeto especificado	输出无限数量的指定项目	Produit une quantité infinie d'un objet spécifié.	Erzeugt eine unbegrenzte Anzahl eines bestimmten Gegenstandes	Saídas uma quantidade infinita de um item especificado	Бесконечно создает выбранный предмет	Produz uma quantidade infinita de um item especificado	輸出無限數量的指定項目	指定されたアイテムを無限に出力します	Belirli bir öğenin sonsuz miktarını çıkarır	Vydá nekonečné množství zadané položky	Produce una quantità infinita di un elemento specifico
BuildingDescriptionIncinerator	Distrugge articoli di ricambio	Destruye artículos de sobra	销毁多余的物品	Détruit les objets inutiles.	Zerstört überschüssige Gegenstände	Destrói itens sobressalentes	Уничтожает лишние предметы	Destrói itens sobressalentes	摧毀備用物品	アイテムを燃やします	Yedek eşyaları yok eder	Ničí náhradní předměty	Distrugge articoli di ricambio
BuildingDescriptionLodge	Aumenta la capacità di popolazione e consuma i beni in cambio di monete	Aumenta la capacidad de la población, y consume bienes a cambio de monedas.	增加人口容量，并使用货币购买商品	Augmente la capacité de la population, et consomme des marchandises en échange de pièces de monnaie.	Erhöht Bevölkerungskapazität und verbraucht Waren im Austausch für Münzen	Aumenta a capacidade de população, e também consome bens em troca de moedas	Повышает Лимит населения, а также потребляет товары в обмен на монеты	Aumenta a capacidade da população e também consome bens em troca de moedas	增加人口容量，並且還消耗商品以換取硬幣	人口収容量を増やします。また住宅は商品をコインに交換し、商品を消費します。	Nüfus kapasitesini artırır ve ayrıca madeni para karşılığında mal tüketir	Zvyšuje kapacitu obyvatelstva a spotřebovává také zboží výměnou za mince	Aumenta la capacità di popolazione e consuma i beni in cambio di monete
BuildingDescriptionLumberMill	Un laminatoio in grado di elaborare il legno in tavole o carta	Fábrica que puede procesar la madera para crear tablas o papel.	可以将木头加工成更有用物品的工坊	Un bâtiment qui peut transformer le bois en Planches ou en Papier.	Sägewerke verarbeiten Holz zu Brettern, Papier oder Rohren	Um moinho que pode processar madeira em pranchas ou papel	Производит Доски или Бумагу из Бревен	Uma Serraria que pode processar madeira em itens mais úteis	可以將木材加工成更有用物品的工坊	木材をより便利なものに加工する工場です	Ahşabı daha kullanışlı öğelere dönüştürebilen bir değirmen	Mlýn, který může zpracovávat dřevo do více užitečných předmětů	Un laminatoio in grado di elaborare il legno in tavole o carta
BuildingDescriptionMarket	Distribuzione e vendita di prodotti alimentari automaticamente in case vicine	Distribuye y vende productos alimenticios automáticamente a las casas cercanas.	为附近的住宅分发及销售食物	Distribue et vend de la nourriture automatiquement aux maisons proches.	Vertreibt und verkauft Lebensmittel automatisch an Häuser in Reichweite	Distribui e vende comida automaticamente para casas próximas	Обеспечивает распределение и продажу продуктов в близлежащие Дома	Distribui e vende itens alimentares automaticamente para casas próximas	自動向附近房屋分配並出售食品	食料品を近くの住宅に自動的に配給して販売します	Yiyecek maddelerini yakındaki evlere otomatik olarak dağıtır ve satar	Distribuuje a prodává potraviny automaticky do blízkých domů	Distribuzione e vendita di prodotti alimentari automaticamente in case vicine
BuildingDescriptionMachineShop	Permette di assemblare una varietà di arnesi meccanici	Ensambla una variedad de aparatos mecánicos.	组装各种机械装置	Assemble une variété de gadgets mécaniques.	Herstellung einer Vielzahl von mechanischen Geräten und Bauteilen	Reúne uma variedade de dispositivos mecânicos	Производит различные механизмы	Monta uma variedade de dispositivos mecânicos	組裝各種機械小工具	さまざまな機械やガジェットを製造します	Çeşitli mekanik aletleri bir araya getirir	Sestavuje různé mechanické miniaplikace	Permette di assemblare una varietà di arnesi meccanici
BuildingDescriptionMine	Raccolti vari minerali metallici e minerali dal terreno vicina	Recolecta diversos minerales en terreno cercano.	从附近采集矿石与矿物	Récolte les minerais et minéraux des terrains proches.	Abbau von Erzen, Mineralien, Manasteinen und Äther aus dem nahe gelegenen Gelände	Colhe vários minérios e minerais de terreno nas proximidades	Добывает руду и минералы в близлежащей местности	Minera vários minérios e minerais de terrenos próximos	從附近的地形採集各種礦石和礦物	近くの地盤からさまざまな鉱石や鉱物を採掘します	Yakındaki araziden çeşitli cevher ve mineralleri toplar	Sklízí různé rudy a minerály z blízkého terénu	Raccolti vari minerali metallici e minerali dal terreno vicina
BuildingDescriptionOmniTemple	Edificio che può conferire potenti benefici se sono fornite offerte sufficienti	Edificio que puede otorgar poderosos beneficios si suficientes ofrendas son suministradas	如果提供足够的供品，可以赋予强大能量的建筑	Bâtiment pouvant octroyer des bénéfices puissants si une quantité suffisante d'offrandes lui est fourni.	Dieses Gebäude kann große Vorteile verleihen, wenn genügend Opfergaben angeboten werden	Construção que pode conceder benefícios poderosos se ofertas suficientes são fornecidos	Здание, которое дает мощные улучшения, если обеспечить его нужными поставкам	Edifício que pode conceder benefícios poderosos, se forem fornecidas ofertas suficientes	如果提供足夠的供品，可以賦予強大利益的建築	供物を捧げると有り難いご利益を授けてくれる神殿	Yeterli teklif sağlanırsa güçlü faydalar sağlayabilecek bina	Budova, která může poskytnout velké výhody, pokud je poskytnuta dostatečná nabídka	Edificio che può conferire potenti benefici se sono fornite offerte sufficienti
BuildingDescriptionPackager	Fasci e oggetti spacchetta per il trasporto di maggiori quantità	Envuelve y desempaqueta artículos para transportarlos en grandes cantidades.	打包和拆包物品，来运输更多物品	Assemble et déballe les objets pour transporter de grandes quantités.	Bündelt oder entpackt Waren. Nützlich beim Transport größerer Mengen	Embrulha e desembrulha pacotes para o transporte de maiores quantidades	Упаковывает и распаковывает предметы. Используется для транспортировки предметов в больших количествах	Empacota e desempacota itens para o transporte em grandes quantidades	打包和拆包物品以運送更多數量	アイテムの梱包と開梱を行います。梱包により商品の大量輸送が可能になります。	Daha büyük miktarlarda taşımak için öğeleri paketler ve paketlerinden çıkarır	Balí a vybaluje položky pro přepravu většího množství	Fasci e oggetti spacchetta per il trasporto di maggiori quantità
BuildingDescriptionPasture	Produce prodotti di origine animale	Elabora productos de origen animal.	提供畜牧产品	Produit des ressources d'origine animale.	Produziert tierische Erzeugnisse	Produz produtos de origem animal	Производит продукты животноводства	Produz produtos de origem animal	生產動物產品	畜産物を生産します	Hayvansal ürünler üretiyor	Produkuje živočišné produkty	Produce prodotti di origine animale
BuildingDescriptionPowerGear	Una turbina a vapore che gira e fornisce il potere di rotazione delle strutture vicine	Turbina alimentada de vapor que gira y suministra energía a estructuras adyacentes	可以旋转并向附近的建筑提供旋转动力的蒸汽动力涡轮机	Un moteur alimenté par vapeur qui fournie une puissance rotationnelle aux structures proches	Eine dampfgetriebene Turbine, die benachbarte Strukturen mit Rotationsenergie versorgt.	Uma engrenagem de vapor-powered que fornece energia rotacional para estruturas próximas	Паровая турбина, которая вырабатывает и передает энергию вращения в близлежащие сооружения	Uma turbina movida a vapor que gira e fornece energia rotacional para estruturas próximas	一種蒸汽動力渦輪機，可以旋轉並向附近的建築提供旋轉動力	蒸気でタービンを回転させ、近くの構造物に回転動力を供給します	Dönen ve yakındaki yapılara dönme gücü sağlayan, buharla çalışan bir türbin	Parou poháněná turbína, která se točí a tím dodává energii blízkým strukturám	Una turbina a vapore che gira e fornisce il potere di rotazione delle strutture vicine
BuildingDescriptionRailStation	Carica rapidamente e scarica il carico da treni	Carga y descarga rápido los objetos de los trenes	加载和卸载火车	Charge ou décharge rapidement les trains arrêtés à un arrêt de train lié.	Belädt und entlädt Züge	Carrega e descarrega os trens	Загружает и разгружает поезда	Carrega e descarrega rapidamente cargas de Trens	從火車上快速裝卸貨物	併設された停留所に停車した列車から迅速に貨物を積み下ろしすることができます。	Kargoları Trenlerden hızla yükler ve boşaltır	Rychle nakládá a vykládá náklad z vlaků	Carica rapidamente e scarica il carico da treni
BuildingDescriptionRecharger	Ripristina Cristalli impoverito mana resta in stato di carica completa	Restaura la carga de cristales de Maná agotados.	将枯竭的魔力水晶重新充满	Recharge pleinement les Cristaux de mana.	Aufladung entleerter Manakristalle und Ätherscherben	Restaura Cristais de Mana empobrecido de volta para o estado totalmente carregada	Восстанавливает истощенные Кристаллы Маны	Restaura os Cristais de Mana esgotados para o estado totalmente carregado	將耗盡的結晶恢復到充滿能量的狀態	枯渇したマナ結晶をチャージ状態に戻します	Tükenmiş Mana Kristallerini tamamen şarj edilmiş duruma geri getirir	Obnovuje vyčerpané krystaly many zpět do plně nabitého stavu	Ripristina Cristalli impoverito mana resta in stato di carica completa
BuildingDescriptionSchool	Permette la ricerca di nuove tecnologie che può notevolmente migliorare ed ottimizzare la vostra città	Permite la investigación de nuevas tecnologías que pueden mejorar y optimizar su ciudad.	用于研究新科技，新的科技可以优化工作流程，大幅提高城镇的质量	Permet la recherche de nouvelles technologies afin d'améliorer et optimiser votre ville.	Ermöglicht Erforschung neuer Technologien, die Ihre Stadt erheblich verbessern und optimieren können	Permite a pesquisa de novas tecnologias que podem melhorar muito e otimizar sua cidade	Позволяет исследовать новые технологии, улучшающие ваш город и оптимизирующие производство	Permite a pesquisa de novas tecnologias que podem melhorar e otimizar muito sua cidade	允許研究可以大大改善和優化您的城鎮的新技術	新しい技術の研究を行います。新しい技術は町を改善し最適化する助けになります。	Şehrinizi büyük ölçüde iyileştirebilecek ve optimize edebilecek yeni teknolojilerin araştırılmasına olanak tanır	Umožňuje výzkum nových technologií, které mohou značně zlepšit a optimalizovat vaše město	Permette la ricerca di nuove tecnologie che può notevolmente migliorare ed ottimizzare la vostra città
BuildingDescriptionSilo	memorizza localmente un singolo tipo di elemento	Almacena un sólo tipo de producto.	可存储单一类型的物品	Stocke localement un seul type d'objet.	Speichert lokal eine einzige Art von Artikeln	Localmente armazena um único tipo de item	Хранит в себе предметы одного типа. Есть выходы на путепроводы	Armazena localmente um único tipo de item	在本地儲存單一類型的物品	一種類のアイテムをローカルに保管します	Tek bir öğe türünü yerel olarak depolar	Lokálně ukládá jeden typ položky	memorizza localmente un singolo tipo di elemento
BuildingDescriptionSpecialtyGoods	Distribuisce e vende oggetti rari e magici alle case vicine	Distribuye y vende artículos raros y mágicos a las casas cercanas.	为附近的住宅运输及销售稀有和魔力物品	Distribue et vend des objets rares et magiques aux maisons proches.	Vertreibt und verkauft seltene und magische Gegenstände an nahe gelegene Häuser	Distribui e vende itens raros e mágicos para casas próximas	Обеспечивает распределение и продажу редких и магических предметов в близлежащие Дома	Distribui e vende itens raros e mágicos para Casas próximas	自動向附近的房屋分配並出售稀有的魔法物品	貴重な魔法のアイテムを近くの住宅に配給して販売します	Nadir ve büyülü eşyaları yakındaki Evlere dağıtır ve satar	Distribuuje a prodává vzácné a magické předměty do okolních domů	Distribuisce e vende oggetti rari e magici alle case vicine
BuildingDescriptionSteamPowerPlant	Utilizza acqua e carburante per la produzione di energia che può essere indirizzato con Tubi di vapore, la concessione di un premio di risultato per edifici collegati	Utiliza agua y combustible para producir energía que puede ser redirigida con tuberías de vapor. Concede una mejora de rendimiento a los edificios conectados.	产生蒸汽，蒸汽可通过管道传播，并为所连接的建筑提供效率加成	Utilise de l'eau et du carburant pour produire de l'énergie qui peut être acheminée via des Tuyaux à Vapeur, procurant ainsi des bonus de performance aux bâtiments connectés.	Verwendet Wasser und Kraftstoff um heissen Dampf zu erzeugen, der durch entsprechende Rohre geschickt werden kann um angeschlossenen Gebäuden einen Leistungsbonus zu gewähren	Usa água e combustível para produzir energia que pode ser encaminhado com Tubulações de vapor, que concede um bônus de desempenho para edifícios ligados	Использует воду и топливо для производства Пара, который подается по Паропроводу в здания, повышая их производительность	Produz vapor, que pode ser encaminhado com tubos de vapor para outros edifícios de produção	產生蒸汽，可以通過蒸汽管道將蒸汽輸送到其它生產建築	水と燃料を使って蒸気を作り出します。蒸気は蒸気パイプで送ることができます。	Buhar Boruları ile diğer üretim binalarına yönlendirilebilen Buhar üretir	Produkuje páru, která může být rozvedena parními trubkami do jiných výrobních budov	Utilizza acqua e carburante per la produzione di energia che può essere indirizzato con Tubi di vapore, la concessione di un premio di risultato per edifici collegati
BuildingDescriptionStoneMason	Trasforma la Pietra in oggetti di valore maggiore	Procesa piedras para crear artículos más elaborados.	将石头加工为更有价值的物品	Transforme la pierre en objets de valeur.	Verarbeitet rohen Stein zu wertvolleren Gegenständen	Processa pedra em itens mais valiosos	Производит различные предметы из Камня	Processa pedras em itens mais valiosos	將石頭加工成更有價值的物品	石を加工して、より価値のあるアイテムにします	Taşı daha değerli eşyalara dönüştürür	Zpracovává kámen do cennějších předmětů	Trasforma la Pietra in oggetti di valore maggiore
BuildingDescriptionTeleporter	Crea potenti Omnistones da cristalli elementali cariche	Crea OmniPiedras potentes utilizando cristales elementales cargados.	用充能的元素水晶来制造强大的神石	Crée de puissantes OmniGemmes à partir de Cristaux Élémentaires.	Erzeugt leistungsstarke Omnisteine aus geladenen Elementarkristallen	Cria OmniGemas poderosas de cristais elementares carregadas	Создает мощные Омни-кристаллы из заряженных Кристаллов стихий	Cria Poderosa Pedra Omni a partir de Cristais Elementais Carregados	用充能的元素結晶創造強大的神石	チャージされた元素の結晶から強力なオムニストーンを生産します	Yüklü Elemental kristallerden güçlü Omnistones oluşturur	Vytváří mocné Omnistony z nabitých elementárních krystalů	Crea potenti Omnistones da cristalli elementali cariche
BuildingDescriptionTailor	Produce articoli di abbigliamento	Produce prendas de vestir	生产服装项目	Produit des articles vestimentaires	Produziert Kleidungsstücke	Produz itens de vestuário		Produz Itens de Vestuário	生產服飾品	衣料品を生産します	Giyim ürünleri üretiyor	Vyrábí oděvní položky	Produce articoli di abbigliamento
BuildingDescriptionVoid	Cancella qualsiasi elemento che si deposita in esso	Borra cualquier elemento que se deposite en el interior.	吞噬任何放入其中的物品	Efface tout objet qui y est déposé.	Entfernt jedes Element, das darin abgelegt wird	Apaga qualquer item que está depositado nele	Уничтожает любой предмет, который попадает в него	Apaga qualquer item depositado nele	消除任何放入其中的物品	預けられたアイテムを虚無の彼方に消し去ります	İçine yerleştirilen herhangi bir öğeyi siler	Vymaže jakoukoliv položku, která je do něj uložena	Cancella qualsiasi elemento che si deposita in esso
BuildingDescriptionWell	Produce acqua	Produce agua.	提供水资源	Produit de l'Eau.	Produziert Wassser	produz água	Добывает Воду	Produz Água	生產水	水を提供します	Su Üretir	Produkuje vodu	Produce acqua
BuildingDescriptionWorkshop	Assembla una vasta varietà di oggetti utili	Produce una amplia variedad de artículos útiles.	可组装生产大量有用的物品	Assemble une grande variété d'objets utiles.	Stellt eine Vielzahl von nützlichen Gegenständen her	Reúne uma grande variedade de itens úteis	Производит широкий спектр полезных предметов	Monta uma grande variedade de itens úteis	組裝各種有用的物品	バラエティーに富んだ役立つアイテムを組み立てます	Çok çeşitli kullanışlı öğeleri bir araya getirir	Sestavuje širokou škálu užitečných položek	Assembla una vasta varietà di oggetti utili
BuildingDescriptionFireTemple	Costruzione che genera cristalli purificati fuoco per scopi di ricerca e vari oggetti potenti ed edifici	Edificio que genera cristales purificados de fuego para su uso en investigaciones, construcciones y diversos artículos.	能够产生纯化火之水晶的建筑，其可用于研究、制造物品或者建筑	Bâtiment qui génère des Cristaux de feu purifiés à dépenser dans la recherche, dans divers objets puissants et dans des bâtiments.	Gebäude, das gereinigte Feuerkristalle für den Einsatz in Forschung und für verschiedene mächtige Gegenstände und Gebäude erzeugt	Edifício que gera cristais purificados de fogo para uso em pesquisa e vários edifícios e itens poderosos	Здание, производящее Очищенные Кристаллы Огня, которые используются в исследованиях, различных зданиях и предметах	Edifício que gera Cristais de Fogo Purificado para uso em pesquisas e vários itens e edifícios poderosos	生成用於研究和各種強大物品和建築的純化火結晶的建築	精錬された火の結晶を生成する建物。結晶はさまざまな強力なアイテムや建物、研究に使われます	Araştırmada ve çeşitli güçlü öğeler ve binalarda kullanılmak üzere Saflaştırılmış Ateş Kristalleri üreten bina	Budova, která generuje Krystaly čistého ohně pro použití ve výzkumu a různé mocné předměty a budovy	Costruzione che genera cristalli purificati fuoco per scopi di ricerca e vari oggetti potenti ed edifici
BuildingDescriptionWaterTemple	Costruzione che genera cristalli acqua purificata per scopi di ricerca e vari oggetti potenti ed edifici	Edificio que genera cristales purificados de agua para su uso en investigaciones, construcciones y diversos artículos.	能够产生纯化水之水晶的建筑，其可用于研究、制造物品或者建筑	Bâtiment qui génère des Cristaux d'eau purifiés à dépenser dans la recherche, dans divers objets puissants et dans des bâtiments.	Gebäude, das gereinigte Wasserkristalle für den Einsatz in Forschung und für verschiedene mächtige Gegenstände und Gebäude erzeugt	Edifício que gera cristais purificados de água para uso em pesquisa e vários edifícios e itens poderosos	Здание, производящее Очищенные Кристаллы Воды, которые используются в исследованиях, различных зданиях и предметах	Edifício que gera Cristais de Água Purificada para uso em pesquisas e vários itens e edifícios poderosos	生成用於研究和各種強大物品和建築的純化水結晶的建築	精錬された水の結晶を生成する建物。結晶はさまざまな強力なアイテムや建物、研究に使われます	Araştırmada ve çeşitli güçlü öğelerde ve binalarda kullanılmak üzere Saf Su Kristalleri üreten bina	Budova, která generuje Krystaly čisté vody pro použití ve výzkumu a různé mocné předměty a budovy	Costruzione che genera cristalli acqua purificata per scopi di ricerca e vari oggetti potenti ed edifici
BuildingDescriptionEarthTemple	Costruzione che genera cristalli purificata della Terra per scopi di ricerca e vari oggetti potenti ed edifici	Edificio que genera cristales purificados de tierra para su uso en investigaciones, construcciones y diversos artículos.	能够产生纯化土之水晶的建筑，其可用于研究、制造物品或者建筑	Bâtiment qui génère des Cristaux de terre purifiés à dépenser dans la recherche, dans divers objets puissants et dans des bâtiments.	Gebäude, das gereinigte Erdkristalle für den Einsatz in Forschung und für verschiedene mächtige Gegenstände und Gebäude erzeugt	Edifício que gera cristais purificados de terra para uso em pesquisa e vários edifícios e itens poderosos	Здание, производящее Очищенные Кристаллы Земли, которые используются в исследованиях, различных зданиях и предметах	Edifício que gera Cristais de Terra Purificada para uso em pesquisas e vários itens e edifícios poderosos	生成用於研究和各種強大物品和建築的純化土結晶的建築	精錬された地の結晶を生成する建物。結晶はさまざまな強力なアイテムや建物、研究に使われます	Araştırmada ve çeşitli güçlü öğelerde ve binalarda kullanılmak üzere Saflaştırılmış Dünya Kristalleri üreten bina	Budova, která generuje Krystaly čisté země pro použití ve výzkumu a různé mocné předměty a budovy	Costruzione che genera cristalli purificata della Terra per scopi di ricerca e vari oggetti potenti ed edifici
BuildingDescriptionAirTemple	Costruzione che genera cristalli aria purificata per l'uso in ricerca e vari oggetti potenti ed edifici	Edificio que genera cristales purificados de aire para su uso en investigaciones, construcciones y diversos artículos.	能够产生纯化风之水晶的建筑，晶石可用于研究、制造物品或者建筑	Bâtiment qui génère des Cristaux d'air purifiés à dépenser dans la recherche, dans divers objets puissants et dans des bâtiments.	Gebäude, das gereinigte Luftkristalle für den Einsatz in Forschung und für verschiedene mächtige Gegenstände und Gebäude erzeugt	Edifício que gera cristais purificados de ar para uso em pesquisa e vários edifícios e itens poderosos	Здание, производящее Очищенные Кристаллы Воздуха, которые используются в исследованиях, различных зданиях и предметах	Edifício que gera Cristais do Ar Purificado para uso em pesquisas e vários itens e edifícios poderosos	生成用於研究和各種強大物品和建築的純化風結晶的建築	精錬された風の結晶を生成する建物。結晶はさまざまな強力なアイテムや建物、研究に使われます	Araştırmada ve çeşitli güçlü öğelerde ve binalarda kullanılmak üzere Saflaştırılmış Hava Kristalleri üreten bina	Budova, která generuje Krystaly čistého vzduchu pro použití ve výzkumu a různé mocné předměty a budovy	Costruzione che genera cristalli aria purificata per l'uso in ricerca e vari oggetti potenti ed edifici
BuildingDescriptionFireShrine	Costruzione che consuma Fuoco Mana Energia per la produzione di unità di magma, che può essere utilizzato come combustibile	Edificio que consume energía Maná de fuego para producir Magma que puede usarse como combustible.	消耗火之能量来产生岩浆的建筑，岩浆可作为燃料使用	Bâtiment qui consomme du Mana de feu pour produire des unités de Magma, qui peuvent être utilisées comme Carburant.	Gebäude, das Feuerkristall-Energie verbraucht, um Magma zu produzieren, das als Kraftstoff verwendet werden kann	Edifício que consome Poder de Fogo de para produzir unidades de Magma, que pode ser usado como combustível	Здание, потребляющее энергию Маны Огня для производства магмы, которая может быть использована в качестве топлива	Edifício que consome Mana de Fogo Energizada para produzir unidades de Magma, que podem ser usadas como combustível	消耗火魔力能量來生產岩漿的建築，岩漿可以作為燃料使用	火のマナエネルギーを消費して、燃料となるマグマユニットを生産する建物です	Yakıt olarak kullanılabilecek Magma birimleri üretmek için Ateş Mana Enerjisi tüketen bina	Budova, která spotřebovává energii Ohnivé Many k výrobě jednotek Magmatu, které lze použít jako palivo	Costruzione che consuma Fuoco Mana Energia per la produzione di unità di magma, che può essere utilizzato come combustibile
BuildingDescriptionWaterShrine	Costruzione che consuma acqua Mana energia per produrre unità di acqua	Edificio que consume energía Maná de agua para producir agua.	消耗水之能量来产生水的建筑	Bâtiment qui consomme du Mana d'eau pour produire des unités d'Eau.	Gebäude, das Wasserkristall-Energie verbraucht, um Wasser zu produzieren	Edifício que consome Poder da Água para produzir unidades de água	Здание, производящее воду из энергии Маны Воды	Edifício que consome Mana de Água Energizada para produzir unidades de água	消耗水魔力能量來生產水的建築	水のマナエネルギーを消費して、水ユニットを生産する建物です	Birim Su üretmek için Su Mana Enerjisi tüketen bina	Budova, která spotřebovává energii Vodní Many k výrobě jednotek vody	Costruzione che consuma acqua Mana energia per produrre unità di acqua
BuildingDescriptionEarthShrine	Rigenera fornitura di risorse naturali circostanti che utilizzano potenza trasmessa Terra Mana	Regenera el suministro de los recursos naturales cercanos utilizando la potencia transmitida de la energía Maná de tierra.	消耗地之能量来恢复附近自然资源的蕴含量	Accélère le taux de régénération des ressources naturelles proches en utilisant l'énergie de la Mana de terre transmise.	Beschleunigt Regeneration in der Nähe befindlicher natürlicher Ressourcen mit Erdkristall-Energie	Regenera oferta de recursos naturais próximas usando Poder da Terra	Восстанавливает запас близлежащих природных ресурсов, используя энергию Маны Земли	Acelera as taxas de regeneração dos recursos naturais próximos usando Mana da Terra Energizada	消耗土魔力能量來加速附近自然資源再生率	地のマナエネルギーを消費して、付近の天然資源を再生する建物です	İletilen Dünya Mana gücünü kullanarak yakındaki doğal kaynakların yenilenme oranlarını hızlandırır	Urychluje regeneraci okolních přírodních zdrojů pomocí přenášené síly Zemské Many	Rigenera fornitura di risorse naturali circostanti che utilizzano potenza trasmessa Terra Mana
BuildingDescriptionAirShrine	Costruzione che consuma Air Mana Energia per accelerare le unità e gli edifici vicini	Edificio que consume energía Maná de aire para acelerar recursos y edificios cercanos.	消耗风之能量来为附近的工人与建筑加速	Bâtiment qui consomme de l'Énergie de mana d'air pour accélérer les bâtiments et unités proches.	Gebäude, das Luftkristall-Energie verbraucht um Einheiten und Gebäude in der Nähe zu beschleunigen	Edifício que consome Poder do Ar para acelerar unidades e edifícios próximos	Здание, потребляющее энергию Маны Воздуха и ускоряющее близлежащие юниты и здания	Edifício que consome Mana do Ar Energizada para acelerar unidades e edifícios próximos	消耗風魔力能量來加速附近單位和建築	風のマナエネルギーを消費して、付近のユニットや建物をスピードアップする建物です	Yakındaki birimleri ve binaları hızlandırmak için Hava Mana Enerjisi tüketen bina	Budova, která spotřebovává energii Vzdušné Many k urychlení okolních jednotek a budov	Costruzione che consuma Air Mana Energia per accelerare le unità e gli edifici vicini
BuildingDescriptionFancyFoods	Distribuzione e vendita di prodotti alimentari gourmet a case vicine	Vende comida preparada a casas cercanas.	配送和销售美食项目附近的房屋	Distribue et vend des produits alimentaires gastronomiques aux maisons proches.	Verteilt und verkauft Gourmetessen an nahe gelegene Häuser	Distribui e comercializa alimentos gourmet para casas próximas	Обеспечивает распределение и продажу деликатесов в близлежащие Дома	Vende alimentos preparados para casas próximas	將準備好的食物出售給附近的房子	調理済み食品を近くの住宅に販売します	Yakındaki evlere hazır yemek satıyor	Prodává připravené jídlo do okolních domů	Distribuzione e vendita di prodotti alimentari gourmet a case vicine
BuildingDescriptionWaterPump	Utilizza il potere del vapore per produrre una grande quantità di acqua	Utiliza energía de vapor para producir una gran cantidad de agua	使用蒸汽动力生产大量的水	Utilise de la Vapeur pour produire une grande quantité d'Eau	Nutzt Dampfkraft, um sehr viel Wasser zu produzieren	Usa vapor poder de produzir uma grande quantidade de água	Использует энергию пара для производства большого количества воды	Usa energia a vapor para produzir uma grande quantidade de água	使用蒸汽動力生產大量的水	蒸気の力を利用して大量の水を生成します	Büyük miktarda Su üretmek için Buhar Gücünü kullanır	Používá sílu páry k získání velkého množství vody	Utilizza il potere del vapore per produrre una grande quantità di acqua
BuildingDescriptionMegaRecharger	Massive ricaricatore con elevato throughput e può elaborare più tipi di cristallo contemporaneamente	Cargador Masivo de alto rendimiento que puede procesar múltiples tipos de cristal simultáneamente	具有高通量的大量充能器，可以同时处理多种水晶	Une rechargeur massif avec un haut débit et pouvant traiter plusieurs types de cristaux simultanément.	Massive Ladestation mit hohem Durchsatz, die mehrere Kristalltypen gleichzeitig verarbeiten kann.	Recharger maciço com alta taxa de transferência e pode processar vários tipos de cristais simultaneamente	Массивный перезарядг с высокой пропускной способностью и может обрабатывать несколько типов кристаллов одновременно	Grande Recarregador com alto rendimento e capacidade de processar vários tipos de cristais simultaneamente	具有高通量的巨大充能器，可同時處理多種結晶類型 	多くの水晶を同時に充填できる大容量リチャージャー	Yüksek verimli ve aynı anda birden fazla kristal tipini işleyebilen Massive Recharger	Masivní nabíječka s vysokou propustností dokáže zpracovat více typů krystalů současně	Massive ricaricatore con elevato throughput e può elaborare più tipi di cristallo contemporaneamente
BuildingLabelAirshipDock	Dock del dirigibile	Pista del dirigible	飞艇码头	Plateforme pour ballons dirigeables	Luftschiffdock	dirigível Doca	Станция дирижаблей	Doca do Dirigível	飛船碼頭	飛行船ドック	Zeplin İskelesi	Dok vzducholodí	Dock del dirigibile
BuildingLabelBakery	Cucina	Cocina	厨房	Cuisine	Küche	Cozinha	Кухня	Cozinha	中央廚房	キッチン	Mutfak	Kuchyně	Cucina
BuildingLabelBarn	Fienile	Granero	仓库	Grange	Lager	Celeiro	Амбар	Celeiro	穀倉	倉庫	Ahır	Stodola	Fienile
BuildingLabelBase	Base	Centro Ciudad	城镇中心	Centre-Ville	Basis	Base	Городской центр	Centro da Cidade	城鎮中心	町の中心	Şehir merkezi	Městské centrum	Base
BuildingLabelCrate	Cassa	Cajón	箱子	Caisse	Kiste	Caixa	Ящик	Caixote	木箱	木箱	Sandık	Bedna	Cassa
BuildingLabelConstruction	Costruzione	Construcción	建造	Construction	Konstruktion	Construção	Блоки	Construção	建造	建設	Yapı	Konstrukce	Costruzione
BuildingLabelCrusher	Raffineria elementale	Extractor de Maná	元素精炼坊	Raffinerie élémentaire	Äther Raffinerie	Refinaria elemental	Завод очистки	Refinaria Elemental	元素精煉坊	元素精錬所	Element Rafinerisi	Elementární rafinérie	Raffineria elementale
BuildingLabelDiffuser	Ricevitore di mana	Receptor de Maná	魔力接收器	Récepteur de mana	Manaempfänger	Receptor de mana	Приемник Маны	Receptor de Mana	魔力接收器	マナ受信機	Mana Alıcısı	Mana přijímač	Ricevitore di mana
BuildingLabelEnchanter	Incantatore	Encantador	附魔坊	Tente d'enchanteur	Verzauberer	encantador	Шатер заклинателя	Encantador	附魔屋	エンチャンター	Büyücü	Kouzelník	Incantatore
BuildingLabelEnchantedForge	Forgia magica	Forja Mágica	魔力熔炉	Forge magique	Magieschmiede	Fornalha Mágica	Магическая кузница	Forja Mágica	魔法鍛造坊	マナの鍛冶屋	Büyülü Ocak	Magická kovárna	Forgia magica
BuildingLabelExtractor	Trasmettitore di mana	Transmisor de Maná	魔力传送器	Émetteur de mana	Manasender	Transmissor de Mana	Передатчик Маны	Transmissor de Mana	魔力傳輸器	マナ送信機	Mana Vericisi	Mana vysílač	Trasmettitore di mana
BuildingLabelFarm	Fattoria	Granja	农场	Ferme	Bauernhof	Fazenda	Ферма	Fazenda	農場	農場	Çiftlik	Farma	Fattoria
BuildingLabelFishery	Pescheria	Pescadería	渔业	Pisciculture	Fischerei	Pesca	Пирс	Pescaria	漁場	漁場	Balıkçılık	Rybolov	Pescheria
BuildingLabelGarage	Deposito	Garaje	车库	Garage	Garage	Garagem	Гараж	Garagem	車庫	ガレージ	Garaj	Garáž	Deposito
BuildingLabelGrainMill	Frantoio	Molino	磨坊	Moulin à nourriture	Kornmühle	Moinho de Cereais	Мельница	Moinho de Alimentos	食材坊	食品工場	Gıda fabrikası	Mlýn	Frantoio
BuildingLabelItemGenerator	Generatore di articoli	Generador de artículos	造物方碑	Générateur d'objets	Erzeuger	Generator item	Генератор предметов	Gerador de Item	造物方碑	アイテムジェネレータ	Öğe Oluşturucu	Generátor položek	Generatore di articoli
BuildingLabelIncinerator	Inceneritore	Incinerador	焚烧炉	Incinérateur	Verbrennungsanlage	Incinerador	Мусоросжигатель	Incinerador	焚化爐	焼却炉	Yakma fırını	Spalovna	Inceneritore
BuildingLabelLodge	Casa	Casa	房屋	Maison	Wohnhaus	Casa	Дом	Casa	房屋	住宅	Ev	Dům	Casa
BuildingLabelLumberMill	Segheria	Serrería	锯木厂	Scierie	Sägewerk	Serrelharia	Лесопилка	Serralheria	木材坊	製材所	Kereste fabrikası	Dřevorubec	Segheria
BuildingLabelMine	Miniera	Mina	矿场	Mine	Bergwerk	Mina	Рудник	Mina	礦場	採鉱場	Bana ait	Důl	Miniera
BuildingLabelOmniTemple	Tempio Omni	OmniTemplo	神力神殿	OmniTemple	Omni-Tempel	OmniTemple	Омни Храм	Templo Omni	元素神殿	オムニ神殿	OmniTemple	Omnitemple.	Tempio Omni
BuildingLabelRailStation	Stazione ferroviaria	Estación de tren	火车站	Gare ferroviaire	Bahnhof	Estação de trem	Ж/д станция	Estação de Trem	火車站	鉄道駅	Tren istasyonu	Vlakové nádraží	Stazione ferroviaria
BuildingLabelRecharger	Ricaricatore	Recargador	充能器	Rechargeur de mana	Auflader	Carregador	Станция перезарядки	Recarregador	充能器	リチャージャー	Şarj cihazı	Dobíjení	Ricaricatore
BuildingLabelSilo	Silo	Silo	筒仓	Silo	Silo	Silo	Хранилище	Silo	筒倉	サイロ	Silo	Silo	Silo
BuildingLabelSteamPowerPlant	Generatore di vapore	Generador de vapor	蒸汽产生器	Générateur de vapeur	Dampfmaschine	Gerador de vapor	Парогенератор	Gerador de Vapor	蒸汽發生器	蒸気ジェネレーター	Buhar jeneratörü	Parní generátor	Generatore di vapore
BuildingLabelTavern	Taverna	Taberna	酒馆	Taverne	Taverne	Taberna		Taberna	酒館	酒場	Taverna	Hospoda	Taverna
BuildingLabelTeleporter	Reattore di mana	Reactor de Maná	魔力反应器	Réacteur de mana	Manareaktor	Reator de mana	Реактор Маны	Reator de Mana	魔力反應器	マナ反応炉	Mana Reaktörü	Mana reaktor	Reattore di mana
BuildingLabelTailor	Sarto	Sastre	裁缝工坊	Tailleur	Schneider	Alfaiate	Портной	Alfaiate	裁縫坊	仕立屋	Terzi	Krejčí	Sarto
BuildingLabelTechLab	Laboratorio	Laboratorio	实验室	Laboratoire	Labor	Laboratório	Лаборатория	Laboratório	實驗室	研究所	Laboratuvar	Laboratoř	Laboratorio
BuildingLabelZipLine	Teleferica	Tirolina	索道	Tyrolienne	Seilrutsche	Tirolesa	Навесная переправа	Tirolesa	滑索	ジップライン	Posta Hattı	Zip	Teleferica
BuildingLabelWell	Pozzo	Pozo	水井	Puits	Brunnen	Poço	Колодец	Poço	水井	井戸	Kuyu	Studna	Pozzo
BuildingLabelWorkshop	Officina	Taller	制造工坊	Atelier	Werkstatt	Oficina	Мастерская	Oficina	工坊	工房	Atölye	Dílna	Officina
BuildingLabelInfuser	Infusore	Infusor	注能器	Infuseur	Sieb	infusor	Помпа	Infusor	注入器	注入器	Demlik	Filtr	Infusore
BuildingLabelForge	Forgia	Forja	熔炉	Forge	Schmiede	Forja	Кузница	Forja	鍛造坊	鍛冶屋	Dövmek	Kovárna	Forgia
BuildingLabelMarket	Mercato	Mercado de Comida	食物市场	Marché alimentaire	Marktstand	Mercado de alimentos	Рынок	Mercado de Alimentos	傳統市場	食品市場	Yemek marketi	Potraviny	Mercato
BuildingLabelGeneralGoods	Emporio	Almacén general	杂货商店	Magasin général	Gemischtwarenladen	Loja comum	Магазин	Armazém Geral	一般商店	雑貨店	Genel mağaza	Smíšené zboží	Emporio
BuildingLabelHospital	Speziale	Boticario	药剂诊所	Apothicaire	Apotheke	Farmácia	Аптека	Boticário	藥劑商店	薬局	Eczacı	Lékárník	Speziale
BuildingLabelSpecialtyGoods	Beni speciali	Bienes Especiales	魔法商店	Magasin spécialisé	Hochwertige Waren	Produtos especiais	Лавка редкостей	Produtos Especializados	魔法商店	高級雑貨店	Özel Ürünler	Speciální zboží	Beni speciali
BuildingLabelMachineShop	Officina	Tienda de máquinas	机械工坊	Atelier mécanique	Maschinenhalle	Loja de Máquinas	Механический цех	Oficina Mecânica	機械坊	機械工場	Makine dükkanı	Stroje	Officina
BuildingLabelStockpile	Riserva	Reserva	储存	Réserve	Vorratslager	reserva	Склад	Estoque	儲存	備蓄	Stok	Zásobník	Riserva
BuildingLabelTradingPost	Posto di scambio	Puesto de Intercambio	贸易站	Comptoir commercial	Handelsposten	Ponto de comercio	Торговый пост	Posto de Troca	貿易站	交易所	Değiş tokuş dükkânı	Obchodní místo	Posto di scambio
BuildingLabelPasture	Pescolo	Pasto	牧场	Pâturage	Weide	Pasto	Пастбище	Pasto	牧場	牧場	Otlak	Pastvina	Pescolo
BuildingLabelPackager	Imballatore	Empaquetador	物流中心	Emballeur	Verpacker	Embalador	Упаковщик	Empacotador	物流中心	パッケージ施設	Paketleyici	Balík	Imballatore
BuildingLabelPowerGear	Motore a vapore	Motor de Vapor	蒸汽引擎	Moteur à vapeur	Dampfmotor	potência da engrenagem	Паровой двигатель	Motor a Vapor	蒸汽引擎	蒸気エンジン	Buhar Motoru	Parní motor	Motore a vapore
BuildingLabelForester	Guardaboschi	Guardabosque	育林屋	Maison forestière	Försterei	Reflorestador	Дом лесника	Reflorestador	林場	営林小屋	Ormancı	Sklízeč	Guardaboschi
BuildingLabelSchool	Scuola	Colegio	学校	École	Schule	Escola	Школа	Escola	學校	学校	Okul	Škola	Scuola
BuildingLabelStoneMason	Muratore	Cantero	凿石场	Tailleur de pierre	Steinbruch	Pedreira	Дом каменщика	Marmoraria	石坊	石工所	Taş Mason	Kameník	Muratore
BuildingLabelMagicSchool	Scuola di magia	Escuela de magia	魔法学校	École de magie	Zauberschule	Escola de magia	Школа магии	Escola de Magia	魔法學校	魔法学校	Büyü Okulu	Škola magie	Scuola di magia
BuildingLabelVoid	Obelisco del vuoto	Obelisco de Vacío	虚空方碑	Obélisque du vide	Obelisk der Leere	Obelisco do vazio	Обелиск Пустоты	Obelisco do Vazio	虛空方碑	虚無のオベリスク	Geçersiz Dikilitaş	Obelisk	Obelisco del vuoto
BuildingLabelFireTemple	Tempio del fuoco	Templo de Fuego	火之神殿	Temple du feu	Feuertempel	Templo do fogo	Храм Огня	Templo do Fogo	火神廟	火の神殿	Ateş Tapınağı	Chrám Ohně	Tempio del fuoco
BuildingLabelWaterTemple	Tempio dell'acqua	Templo de Agua	水之神殿	Temple de l'eau	Wassertempel	Templo da água	Храм Воды	Templo da Água	水神廟	水の神殿	Su Tapınağı	Chrám Vody	Tempio dell'acqua
BuildingLabelEarthTemple	Tempio della terra	Templo de Tierra	土之神殿	Temple de la terre	Erdtempel	Templo da terra	Храм Земли	Templo da Terra	土神廟	地の神殿	Dünya Tapınağı	Chrám Země	Tempio della terra
BuildingLabelAirTemple	Tempio dell'aria	Templo de Aire	风之神殿	Temple de l'air	Lufttempel	Templo do ar	Храм Воздуха	Templo do Ar	風神廟	風の神殿	Hava Tapınağı	Chrám Vzduchu	Tempio dell'aria
BuildingLabelFireShrine	Santuario del fuoco	Santuario de Fuego	火之神庙	Sanctuaire du feu	Feuerschrein	Santuário do fogo	Святилище Огня	Santuário do Fogo	火神殿	火のほこら	Ateş Tapınağı	Svatyně Ohně	Santuario del fuoco
BuildingLabelWaterShrine	Santuario dell'acqua	Santuario de Agua	水之神庙	Sanctuaire de l'eau	Wasserschrein	Santuário da água	Святилище Воды	Santuário da Água	水神殿	水のほこら	Su Tapınağı	Svatyně Vody	Santuario dell'acqua
BuildingLabelEarthShrine	Santuario della terra	Santuario de Tierra	土之神庙	Sanctuaire de la terre	Erdschrein	Santuário da terra	Святилище Земли	Santuário da Terra	土神殿	地のほこら	Dünya Tapınağı	Svatyně Země	Santuario della terra
BuildingLabelAirShrine	Santuario dell'aria	Santuario de Aire	风之神庙	Sanctuaire de l'air	Luftschrein	Santuário do ar	Святилище Воздуха	Santuário do Ar	風神殿	風のほこら	Hava Tapınağı	Svatyně Vzduchu	Santuario dell'aria
BuildingLabelWaterPump	Pompa dell'acqua	Bomba de agua	水泵	Pompe à eau	Wasserpumpe	Bomba de água	Водяной насос	Bomba d'água	水泵	ポンプ	Su Pompası	Vodní čerpadlo	Pompa dell'acqua
BuildingLabelFancyFoods	Cibi raffinati	Alimentos Gourmet	鲜美食品	Produits alimentaires gastronomiques	Gourmetnahrung	gourmet Foods	Магазин деликатесов	Alimentos Gourmet	美食	グルメ食品	Gurme Yiyecekler	Gurmánské potraviny	Cibi raffinati
BuildingLabelMedicineHut	Hut di medicina	Choza de medicina	医药小屋	Cabane de médecine	Medizinhütte	Cabana de medicina	Медицинская хижина	Cabana de Medicamentos	藥材小屋	薬屋	İlaç Kulübesi	Chatrč doktora	Hut di medicina
BuildingLabelMagicLab	Mage Tower.	Torre de mago	魔法塔	Tour de mage	Magierturm	Torre de mago.	Маг башня	Torre dos Magos	法師塔	魔導師の塔	Büyücü Kulesi	Magická věž	Mage Tower.
BuildingLabelMegaRecharger	Mega Recharger.	Mega Cargador	魔力充能器	Méga rechargeur	Mega-Ladestation	Mega Recharger	Mega recharger	Mega Recarregador	巨型充能器	メガリチャージャー	Mega Şarj Cihazı	Mega nabíječka	Mega Recharger.
PlayerActionPrimary	Azione primaria	Acción primaria	主要操作	Action principale	Primäraktion	Ação primária	Основное действие	Ação primária	主要操作	プライマリ アクション	Birincil Eylem	Primární akce	Azione primaria
PlayerActionSecondary	Azione secondaria	Acción secundaria	次要操作	Action secondaire	Sekundäraktion	Ação secundária	Вторичное действие	Ação secundária	次要操作	セカンダリ アクション	İkincil Eylem	Sekundární akce	Azione secondaria
PlayerActionObjectRotate	Ruota oggetto	Rotar objeto	旋转物体	Tourner un objet	Objekt drehen	Girar objeto	Повернуть объект	Girar objeto	旋轉物體	オブジェクトを回転	Nesneyi Döndür	Otočit objekt	Ruota oggetto
PlayerActionAlt	alt Cursore	Cursor Alt.	切换光标	Curseur alternatif	Alternativer Cursor	Cursor Alternativo	Переключение функции	Cursor Alternativo	切換光標	Altカーソル	Alt İmleç	Alt kurzor	alt Cursore
PlayerActionCancel	Annulla	Cancelar	取消	Annuler	Abbrechen	Cancelar	Отмена	Cancelar	取消	キャンセル	İptal etmek	Zrušit	Annulla
PlayerActionDelete	Rimuovi	Eliminar	移除	Supprimer	Entfernen	Remover	Удалить	Remover	移除	削除	Kaldırmak	Odstranit	Rimuovi
PlayerActionHelp	Aiuto	Ayuda	帮助	Aide	Hilfe	Ajuda	Помощь	Ajuda	幫助	ヘルプ	Yardım	Pomoc	Aiuto
PlayerActionQuickRemove	Rimozione rapida	Herramienta de eliminación rápida	快速移除	Suppression rapide	Schnellentfernen	Remover rápido	Быстрое удаление	Remoção Rápida	快速移除	クイック削除	Hızlı Kaldır	Rychlé odstranění	Rimozione rapida
PlayerActionBuildMenu	Apri menu costruzione	Abrir Menú de Construcción	打开建造菜单	Ouvrir menu Construire	Baumenü öffnen	Menu Construção	Меню Строительства	Abrir o Menu de Construção	打開建造選單	建設メニューを開く	Derleme Menüsünü Aç	Otevře menu stavby	Apri menu costruzione
PlayerActionResearchMenu	Apri menu ricerca	Abrir Menú de Investigación	打开研究菜单	Ouvrir menu Recherche	Forschungsmenü öffnen	Menu Pesquisas	Меню Исследований	Abrir o Menu de Pesquisas	打開研究選單	研究メニューを開く	Araştırma Menüsünü Aç	Otevře menu výzkumu	Apri menu ricerca
PlayerActionInventoryMenu	Apri menu inventario condiviso	Abrir Menú de Inventario Compartido	打开共享物品菜单	Ouvrir menu Stockage partagé	Allgemeines Inventar öffnen	Menu Inventario Partilhado	Общий Инвентарь	Abrir o Menu Inventário Compartilhado	打開共享庫存選單	共有インベントリメニューを開く	Paylaşılan Envanter Menüsünü Aç	Otevře sdílené menu inventáře	Apri menu inventario condiviso
PlayerActionEconomyMenu	Apri menu dettaglio oggetto	Abrir Menú de Ayuda	打开物品详情菜单	Ouvrir menu Détails des objets	Warenmenü öffnen	Menu Economia	Меню Экономики	Abrir o Menu de Detalhes do Item	打開物品詳情選單	アイテム詳細メニューを開く	Ürün Detay Menüsünü Aç	Otevře menu detailu předmětu	Apri menu dettaglio oggetto
PlayerActionVictoryConditionsMenu	Menu Open Goals.	Abrir Menú de Objetivos	打开胜利条件菜单	Ouvrir le menu des objectifs	Öffne Siegbedingungen-Menü	Condições aberta Vitória menu	Открыть меню с условиями победы.	Menu Abrir Metas	目標選單	目標メニューを開く	Hedefler Menüsünü Aç	Otevřit Menu cílů hry	Menu Open Goals.
PlayerActionGoodsSupplyMenu	Apri menu beni	Abrir menú de Bienes	打开菜单商品	Ouvrir le menu Biens	Verfügbare Waren Menü	Abertas Mercadorias menu	Меню Товаров	Abrir Menu de Mercadorias	打開商品選單	商品メニューを開く	Ürünler Menüsünü Aç	Otevřete nabídku zboží	Apri menu beni
PlayerActionWorkerMenu	Apri menu lavoratore	Abrir Menú de Trabajadores	打开工人菜单	Ouvrir menu Vue ensemble travailleurs	Arbeitermenü öffnen	Menu Trabalhadores	Меню Рабочих	Abrir o  Menu Trabalhadores	打開工人選單	ワーカーメニューを開く	Çalışan Menüsünü Aç	Otevře menu pracovníků	Apri menu lavoratore
PlayerActionRecipeSelectMenu	Aprire Crafting Ricetta Menu	Abrir Menú de Recetas de construcción	打开制作配方菜单	Ouvrir menu Recettes de fabrication	Fertigungsmenü öffnen	Menu Receitas	Меню Рецептов	Abrir o Menu de Receitas de Criação	打開製作配方選單	クラフトレシピメニューを開く	Üretim Tarifi Menüsünü Aç	Otevře menu výrobních receptů	Aprire Crafting Ricetta Menu
PlayerActionToggleHotbar	Mostra barra degli strumenti	Mostrar barra de acceso rapido	显示快捷栏	Afficher la Barre de raccourcis	Hotbar anzeigen	Mostrar Hotbar	Скрыть панель быстрого доступа	Exibir Barra de Atalho	顯示/隱藏快捷欄	ホットバーを表示	Hotbar'ı görüntüle	Zobrazí Hotbar	Mostra barra degli strumenti
PlayerActionToggleRemoveCursor	Attiva/disattiva strumento movimento	Activar herramienta de eliminación	切换移除工具	Activer l'Outil de suppression	Entfernwerkzeug	Alternar ferramenta de remoção	Режим инструмента Удаление	Alternar Ferramenta de Remoção	切換移除工具	削除ツールの切り替え	Aracı Kaldırmayı Aç/Kapat	Přepnout nástroj Odebrat	Attiva/disattiva strumento movimento
PlayerActionCopyCursorHighlight	Copia oggetto al Cursore	Copiar objetos al Cursor	复制鼠标指向的物体	Outil pipette	Kopiere Objekt unter dem Mauszeiger	Copiar objeto no Cursor	Копировать объект под курсором	Ferramenta Pipeta	移液器工具	ピペットツール	Pipet Aracı	Pipetový nástroj	Copia oggetto al Cursore
PlayerActionCameraLookMode	Modalità Sguardo Camera	Modo de vista de cámara	镜头查看模式	Mode caméra	Kamera schwenken	Camera Livre	Поворот камеры	Modo de visualização da câmera	旋轉鏡頭	カメラの向き変更モード	Kamera Bakış Modu	Vzhled kamery	Modalità Sguardo Camera
PlayerActionCameraPanMode	Modalità Pan Camera	Modo de desplazamiento de cámara	镜头平移模式	Mode panoramique	Kamera verschieben	Camera fixa em eixos	Режим перемещения камеры	Modo panorâmico da câmera	移動鏡頭	カメラの水平移動モード	Kamera Kaydırma Modu	Vzhled kamery Pan	Modalità Pan Camera
PlayerActionToggleMoveCursor	Attiva spostare il cursore	Herramienta de movimiento	启用移动工具	Activer l'Outil déplacement	Verschiebewerkzeug	Activar mover cursos	Перемещение	Ativar mover cursor	啟用移動光標	移動ツール	İmleci Taşı Etkinleştir	Aktivujte pohyb kurzorem	Attiva spostare il cursore
PlayerActionDataOverlay	Visualizzare i dati Overlay	Visualización de datos	显示世界数据	Afficher les informations	Datenübersicht anzeigen	Mostrar dados em overlay	Показать данные	Exibir sobreposição de dados	顯示世界數據	データオーバーレイを表示	Veri Yer Paylaşımını Görüntüle	Zobrazit překrytí dat	Visualizzare i dati Overlay
PlayerActionSteamPipeOverlay	Visualizzazione del tubo di vapore Overlay	Visualización de vapor	显示蒸汽管道层	Couche des Tuyaux de vapeur	Dampfleitungsraster anzeigen	Mostrar Vapor dos tubos em overlay	Показать слой Паропровода	Camada de Tubos de vapor	蒸汽管道層	蒸気パイプレイヤー	Buhar Borusu Katmanı	Vrstva parního potrubí	Visualizzazione del tubo di vapore Overlay
PlayerActionGridOverlay	Con griglia Overlay	Visualización de nivel	显示魔力层	Afficher la vue de couche	Raster anzeigen	Mostrar Mana em overlay	Показать слой Манапровода	Alternar a visualização da camada	切換圖層視圖	レイヤーの切り替え	Katman Görünümünü Değiştir	Přepnout zobrazení vrstvy	Con griglia Overlay
PlayerActionTogglePause	Pausa	Pausa	暂停	Pause	Pause	Pausa	Пауза	Pausar	暫停	一時停止	Duraklat	Pauza	Pausa
PlayerActionToggleGridOverlay	Attiva/disattiva griglia	Alternar visualización de malla	切换网格叠加	Affiche la vue aérienne de la grille	Gitter-Overlay an/aus	Alternar Grade Overlay	Вкл/выкл наложение сетки	Visão Geral da Grade	俯瞰網格視圖	俯瞰グリッド表示の切り替え	Havai Izgara Görünümü	Režijní pohled	Attiva/disattiva griglia
PlayerActionManaPipeOverlay	Visualizzare Mana tubo Overlay	Visualización de Tuberías de Maná	显示法力管覆盖	Couche des tuyaux de mana	Manarohr-Overlay an/aus	Exibir Mana Cachimbo Overlay	Вкл/выкл слой Манапровода	Camada do Tubo de Mana	魔力管道層	マナパイプレイヤー	Mana Borusu Katmanı	Vrstva mana trubky	Visualizzare Mana tubo Overlay
PlayerActionOmniPipeOverlay	Visualizzare OmniPipe Overlay	Visualización de OmniTuberias	显示神力管道覆盖	Couche des tuyaux omni	Omnirohr-Overlay an/aus	Exibir OmniPipe Overlay	Вкл/выкл слой Омнипровода	Camada de Tubo de Omni	神力管道層	オムニパイプレイヤー	Omni Boru Katmanı	Vrstva potrubí Omni.	Visualizzare OmniPipe Overlay
PlayerActionMiningOverlay	Strato minerario	Mostrar visualización de Mineria	地下矿物层	Couche de minage	Zeige Bergbau-Übersicht	Exibir Mining Overlay	Отображение оверлея добычи	Camada de Mineração	地下礦物層	採掘レイヤー	Madencilik Katmanı	Důlní vrstva	Strato minerario
PlayerActionFluidPipeOverlay	Livello dei tubi per fluidi	Capa de tuberías de líquidos	流体管覆层	Couche des tuyaux de fluide	Flüssigkeitsrohr-Overlay	Fluido Tubo Overlay	Слой жидкостей	Camada de Tubo de Fluido	流體管道層	流体パイプレイヤー	Akışkan Boru Katmanı	Vrstva fluidního potrubí	Livello dei tubi per fluidi
PlayerActionOverheadGridView	Visualizza vista griglia aerea	Mostrar cuadrícula	显示俯视网格视图	Passer en mode grille	Rasteransicht der Karte	Exibir Overhead Grid View	Вид сверху	Exibir visualização de grade aérea	俯瞰網格圖	見下ろし視点表示	Üst Izgara Görünümünü Görüntüle	Zobrazení pohledu nad hlavou	Visualizza vista griglia aerea
PlayerActionOpenGameMenu	Apri menu di gioco	Abrir el menú de juego	打开游戏菜单	Ouvrir menu du jeu	Spielmenü öffnen	Abrir Menu do jogo	Меню игры	Abrir Menu do Jogo	打開遊戲選單	ゲームメニューを開く	Oyun Menüsünü Aç	Otevře menu hry	Apri menu di gioco
PlayerActionQuickSave	Salvataggio rapido	Guardado rápido	快速保存	Sauvegarde rapide	Schnellspeichern	Salvar Rapido	Быстрое сохранение	Salvar Rapidamente	快速儲存	クイックセーブ	Hızlı kaydet	Rychlé uložení	Salvataggio rapido
PlayerActionScreenshot	Fai uno screenshot	Tomar captura de pantalla	截图	Prendre une capture d'écran	Bildschirmfoto machen	Tirar screenshot	Сделать скриншот	Tirar Foto da Tela	截圖	スクリーンショットを撮る	Ekran görüntüsü al	Vytvoří screenshot	Fai uno screenshot
PlayerActionCameraMove	Spostare la fotocamera	Mover la cámara	移动镜头	Déplacer la caméra	Kamera bewegen	Mover a câmera	Перемещение камеры	Mover a câmera	移動鏡頭	カメラを移動	Kamerayı Taşı	Přesunout kameru	Spostare la fotocamera
PlayerActionCameraMoveLeft	Spostare fotocamera a sinistra	Mover cámara hacia la izquierda	左移镜头	Déplacer la caméra à gauche	Kamera nach links bewegen	Mover camera para a esquerda	Перемещение камеры влево	Mover a câmera para a esquerda	左移鏡頭	カメラを左に移動	Kamerayı Sola Taşı	Přesune kameru doleva	Spostare fotocamera a sinistra
PlayerActionCameraMoveRight	Destra Sposta Camera	Mover cámara hacia la derecha	右移镜头	Déplacer la caméra à droite	Kamera nach rechts bewegen	Mover camera para a direita	Перемещение камеры вправо	Mover a câmera para a direita	右移鏡頭	カメラを右に移動	Kamerayı Sağa Taşı	Přesune kameru doprava	Destra Sposta Camera
PlayerActionCameraMoveBack	Spostare fotocamera posteriore	Mover cámara hacia atras	后移镜头	Déplacer la caméra en arrière	Kamera zurück bewegen	Mover camera para trás	Перемещение камеры назад	Mover a câmera para trás	後移鏡頭	カメラを後ろに移動	Kamerayı Geri Taşı	Přesune kameru vzad	Spostare fotocamera posteriore
PlayerActionCameraMoveForward	Spostare in avanti fotocamera	Mover cámara hacia adelante	前移镜头	Déplacer la caméra en avant	Kamera nach vorne bewegen	Mover camera para a frente	Перемещение камеры вперед	Mover a câmera para frente	前移鏡頭	カメラを前に移動	Kamerayı İleriye Taşı	Přesune kameru vpřed	Spostare in avanti fotocamera
PlayerActionCameraRotateCounterClockwise	Ruota telecamera in senso antiorario	Girar la cámara en sentido antihorario	逆时针转动镜头	Pivoter la caméra dans le sens antihoraire	Kamera entgegen des Uhrzeigersinns drehen	Rodar camera em sentido contrario ao relógio	Поворот камеры влево	Girar a câmera no sentido anti-horário	逆時針轉動鏡頭	カメラを反時計回りに回転	Kamerayı Saat Yönünün Tersine Döndür	Otočí kameru proti směru hodinových ručiček	Ruota telecamera in senso antiorario
PlayerActionCameraRotateClockwise	Ruota visuale in senso orario	Girar la cámara en sentido horario	顺时针转动镜头	Pivoter la caméra dans le sens horaire	Kamera im Uhrzeigersinn drehen	Rodar camera em sentido do relógio	Поворот камеры вправо	Girar a câmera no sentido horário	順時針轉動鏡頭	カメラを時計回りに回転	Kamerayı Saat Yönünde Döndür	Otočí kameru po směru hodinových ručiček	Ruota visuale in senso orario
PlayerActionCameraZoomIn	Ingrandisci visuale	Acercar cámara	镜头拉近	Zoomer	Kameraansicht vergrössern	Aumentar zoom	Приближение камеры	Aumentar o zoom da câmera	鏡頭拉近	カメラ ズームイン	Kamerayı Yakınlaştır	Zmenšit pohled kamery	Ingrandisci visuale
PlayerActionCameraZoomOut	Riduci visuale	Alejar cámara	镜头推远	Dézoomer	Kameraansicht verkleinern	Diminuir zoom	Отдаление камеры	Aumentar o zoom da câmera	鏡頭拉遠	カメラ ズームアウト	Kamerayı Uzaklaştır	Zvětšit pohled kamery	Riduci visuale
PlayerActionAdminConsole	Apri console amministratore	Abrir consola de administración	打开管理控制台	Ouvrir console admin	Admin-Konsole öffnen	Abrir consola de admin	Консоль	Abrir o Admin Console	打開管理控制台	管理コンソールを開く	Yönetici Konsolunu Aç	Konzole administrátora	Apri console amministratore
PlayerActionActivateBlock	Attiva Block	Activar Bloque	启用块	Activer bloc	Block aktivieren	Activar Bloco	Активировать блок	Ativar bloco	啟用塊	ブロックを有効にする	Engellemeyi Etkinleştir	Aktivovat blok	Attiva Block
PlayerActionNextSong	Canzone successiva	Siguiente Canción	下一首歌	Musique suivante	Nächstes Lied	Próxima música	Следующая композиция	Próxima música	下一首歌	次の曲	Sıradaki şarkı	Další píseň	Canzone successiva
PlayerActionPreviousSong	Canzone precedente	Canción anterior	上一首歌	Musique précédente	Vorheriges Lied	Musica anterior	Предыдущая композиция	Música anterior	上一首歌	前の曲	Önceki Şarkı	Předchozí píseň	Canzone precedente
PlayerActionUpgrade	Aggiorna	Mejorar	升级	Améliorer	Aufrüsten	Atualizar	Улучшить	Melhorar	升級	アップグレード	Güncelleme	Upgrade	Aggiorna
PlayerActionIncreaseToolSize	Aumentare strumento Cursore Size	Incrementar tamaño de la herramienta de cursor	增加光标大小	Augmenter taille du curseur	Erhöhe Cursor-Werkzeug-Größe	Aumentar o tamanho da ferramenta Cursor	Увеличить размер инструмента Курсор	Aumenta o tamanho do Mouse	增加光標工具尺寸	カーソルツールのサイズアップ	İmleç Aracı Boyutunu Artır	Zvýšení velikosti nástroje kurzoru	Aumentare strumento Cursore Size
PlayerActionDecreaseToolSize	Diminuire strumento Cursore Size	Disminuir tamaño de la herramienta de cursor	减少光标大小	Réduire taille du curseur	Verringere Cursor-Werkzeug-Größe	Diminuir o tamanho da ferramenta Cursor	Уменьшить размер инструмента Курсор	Diminui o tamanho do Mouse	減少光標工具尺寸	カーソルツールのサイズダウン	İmleç Aracı Boyutunu Azalt	Snížení velikosti nástroje kurzoru	Diminuire strumento Cursore Size
PlayerActionProductionMenu	Apri menu produzione	Abrir menu de producción	打开生产菜单	Ouvrir le menu de production	Produktionsmenü öffnen	Abrir Menu Produção	Меню производства	Abrir o Menu de Produção	打開生產選單	生産状況メニューを開く	Üretim Menüsünü Aç	Otevřete nabídku produkce	Apri menu produzione
PlayerActionCopyProperties	Copia oggetto/i	Copiar propiedades de objeto	复制物品属性	Copier les propriétés de l'objet	Objekteigenschaften kopieren	Copiar propriedades de objetos	Копировать настройки объекта	Copiar objeto(s)	複製物體屬性	オブジェクトのコピー	Nesne(ler)i Kopyala	Kopírovat objekt	Copia oggetto/i
PlayerActionPasteProperties	Incolla proprietà oggetto	Pegar propiedades de objeto	粘贴物品属性	Coller les propriétés de l'objet	Objekteigenschaften einfügen	Propriedades pasta Objeto	Вставить настройки объекта	Colar Propriedades do Objeto	貼上物體屬性	オブジェクトプロパティの貼付	Nesne Özelliklerini Yapıştır	Vložit objekt	Incolla proprietà oggetto
PlayerActionCloseTopMenu	Chiudi il menu più in alto	Cerrar Menú flotante 	关闭最上层菜单	Fermer le menu supérieur	Oberstes Menü schliessen	Close Menu Topmost	Закрыть меню	Fechar Menu Superior	關閉最上層選單	一番上のメニューを閉じる	En Üstteki Menüyü Kapat	Zavřete nejvyšší nabídku	Chiudi il menu più in alto
PlayerActionQuickBuild	#N/A	Abrir Menú de Acceso Rápido	打开快速访问菜单	Ouvrir le menu des constructions rapides	Das Schnellzugriffsmenü öffnen	Abra o menu de acesso rápido	Откройте меню быстрого доступа	#N/A	打開快速建造選單	クイックアクセスメニューを開く	Hızlı Erişim Menüsünü Aç	Otevřete menu rychlého přístupu	#N/A
PlayerActionMenuConfirm	Confermare	Confirmar	确认	Confirmer	Bestätigen	confirme	Подтверждать	Confirmar	確認	確認	#N/A	#N/A	Confermare
PlayerActionAdvanceTutorial	Tutorial avanzato	Siguiente Tutorial	进阶教程	Passer au prochain panneau du tutoriel	Tutorial fortschreiten	Tutorial Avançado	Расширенное руководство	Tutorial Avançado	進階教程	アドバンスチュートリアル	#N/A	#N/A	Tutorial avanzato
NavigateMenuSection	Navigazione nella sezione del menu	Navegar por el Menú de Sección	导航菜单部分	Naviguer entre les sections du menu	Wechsle Menü-Sektion	Navegar na seção do menu	Навигация по разделу меню	Navegar na Seção do Menu	導航選單部分	ナビゲーションメニューセクション	#N/A	#N/A	Navigazione nella sezione del menu
InputBindingLeftButton	Clic sinistro	Click izquierdo	单击左键	Clic gauche	Linksklick	Clique esquerdo	ЛКМ	Clique com o botão esquerdo	左鍵點擊	左クリック	Sol tık	Klikněte levým tlačítkem myši	Clic sinistro
InputBindingRightButton	Clic destro	Click derecho	单击右键	Clic droit	Rechtsklick	Botão direito	ПКМ	Clique com o botão direito	右鍵點擊	右クリック	Sağ tık	Klikněte pravým tlačítkem myši	Clic destro
InputBindingMiddleButton	Clic centrale	Botón central del ratón	单击中键	Molette	Mittelklick	Botão do meio	СКМ	Clique no meio	中鍵點擊	中クリック	Orta tıklama	Klikněte středním tlačítkem myši	Clic centrale
InputBindingPositiveScrollWheel	Rotella su	Desplazarse hacia arriba	向上滚轮	Défiler vers le haut	Hochscrollen	rolar para cima	Колесико вверх	Rolar para cima	向上滾動	Scroll Up	Yukarı kaydırmak	Posunout nahoru	Rotella su
InputBindingNegativeScrollWheel	Rotella giù	Desplazarse hacia abajo	向下滚轮	Défiler vers le bas	Runterscrollen	Rolar para baixo	Колесико вниз	Rolar para baixo	向下滾動	Scroll Down	Aşağı kaydır	Posunout dolů	Rotella giù
InputBindingSpace	Barra spaziatrice	Espacio	空格键	Barre espace	Leertaste	Barra de espaço	Пробел	Espaço	空白鍵	Space	Uzay	Mezerník	Barra spaziatrice
InputBindingDelete	Elimina	Borrar	Delete	Supprimer	Löschen	Apagar	Delete	Delete	Delete	Delete	Silmek	Delete	Elimina
InputBindingBackquote	Backquote	Acento grave	~	²	`-Taste	Acento contrario	`	´	`	バッククォート	Geri alıntı	Backquote.	Backquote
InputBindingTab	Tab	Tabulador	Tab键	Tab	Tab	Barra de tabulação	Tab	Tab	Tab	Tab	Sekme	Tabulátor	Tab
InputBindingBackspace	Backspace	Retroceso	退格键	Retour	Rücktaste	retrocesso	Backspace	Espaço	Backspace	Backspace	Geri tuşu	Backspace	Backspace
InputBindingShift	Shift	Shift	Shift键	Maj	Umschalt	Shift	Shift	Shift	Shift	Shift	Vardiya	Shift	Shift
InputBindingAlt	Alt	Alt	Alt键	Alt	Alt	Alt	Alt	Alt	Alt	Alt	Alternatif	Alt	Alt
InputBindingCapsLock	Bloc Maiusc	Bloq Mayús	大写锁定键	Verr. maj	Feststelltaste	Caps lock	Caps Lock	Caps Lock	Caps Lock	Caps Lock	Büyük harf kilidi	Caps Lock.	Bloc Maiusc
InputBindingCommand	Comando	Comando	Cmd键	Commande	Befehl	Command	Command	Command	Command	Command	Emretmek	Příkaz	Comando
InputBindingControl	Ctrl	Control	Ctrl键	Contrôle	Steuerung	CTRL	Control	Control	Ctrl	Control	Kontrol	Ovládání	Ctrl
InputBindingEscape	ESC	ESC	退出	ÉCHAP	ESC	ESC	ESC	ESC	ESC	ESC	ESC	ESC	ESC
InputActivateHotbarItem	Attiva oggetto barra degli strumenti {0}	Activar artículo {0} de acceso rápido	启用快捷栏位{0}	Activer l'objet {0} de la Barre de raccourcis	Aktiviere Hotbar-Gegenstand {0}	Ativar item da Hotbar {0}	{0} ячейка панели	Ativar Item da Barra de Atalho {0}	啟用快捷欄位{0}	ホットバーアイテム{0}を有効化	Hotbar Öğesini Etkinleştir {0}	Aktivujte položku hotbaru {0}	Attiva oggetto barra degli strumenti {0}
InputActivateHotbarGroup	Attiva gruppo barra degli strumenti {0}	Activar grupo {0} de acceso rápido	启用快捷栏组{0}	Activer la Barre de raccourcis {0}	Aktiviere Hotbar-Gruppe {0}	Ativar grupo Hotbar {0}	Панель быстрого доступа {0}	Ativar Grupo da Barra de Atalhos {0}	切換快捷鍵欄組 {0}	ホットバーグループ{0}を有効化	Hotbar Grubunu Etkinleştir {0}	Aktivace Hotbar Group {0}	Attiva gruppo barra degli strumenti {0}
InputActivateQuickBuildItem	#N/A	Activar el artículo de acceso rápido {0}	激活快速访问项目{0}	Activer l'élément de construction rapide {0}	Aktiviere Schnellzugriff {0}	Ativar item de acesso rápido {0}	Активировать элемент быстрого доступа {0}	#N/A	啟動快速建造項目{0}	クイックアクセスアイテム{0}の起動	Hızlı Erişim Öğesini Etkinleştir {0}	Aktivuje položku z Hotbaru	#N/A
NavigateMenu	Menu di navigazione	Navegar por el Menú	导航菜单	Naviguer dans le menu	Im Menü navigieren	Menu de navegação	Меню навигации	Menu de Navegação	導航菜單	メニューをナビゲートします	#N/A	#N/A	Menu di navigazione
WorldCursor	Cursore mondiale	Cursor mundial	世界光标	Curseur Global	Zeiger (Welt Cursor)	Cursor Mundial	Мировой курсор	Cursor Mundial	世界光標	ワールドカーソル	#N/A	#N/A	Cursore mondiale
RotateCamera	Ruotare la fotocamera	Rotar la cámara	旋转相机	Tourner la caméra	Kamera drehen	Girar câmera	Поверните камеру	Girar a câmera	旋轉相機	カメラを回転させます	#N/A	#N/A	Ruotare la fotocamera
Up	Su	Arriba	向上	Haut	Hoch	Acima	Вверх	Para cima	向上	上	#N/A	#N/A	Su
Down	Giù	Abajo	向下	Bas	Runter	Abaixo	Вниз	Para baixo	向下	下	#N/A	#N/A	Giù
Left	Sinistra	Izquierda	向左	Gauche	Links	Esquerda	Слева	Para a Esquerda	剩下	左	#N/A	#N/A	Sinistra
Right	Giusto	Bien	向右	Droite	Rechts	Certo	Верно	Para a Direita	對	右	#N/A	#N/A	Giusto
Forward	Inoltrare	Hacia delante	向前	Avant	Vorwärts	Avançar	Вперед	Para Frente	向前	前方	#N/A	#N/A	Inoltrare
Backward	Di ritorno	Atrás	返回	Arrière	Rückwärts	Para trás	Назад	Para Trás	後退	戻る	#N/A	#N/A	Di ritorno
Clockwise	Senso orario	En sentido de las agujas de reloj	顺时针	Sens horaire	Im Uhrzeigersinn	Sentido horário	По часовой стрелке	No Sentido Horário	順時針	時計回り	#N/A	#N/A	Senso orario
CounterClockwise	Antiorario	En sentido anti-horario	逆时针	Sens antihoraire	Gegen den Uhrzeigersinn	Sentido anti-horário	Против часовой	No Sentido Anti-Horário	逆時針	反時計回り	#N/A	#N/A	Antiorario
CraftProgressStateInputStarved	Risorse di input mancanti	Faltan ingredientes de entrada	缺少输入材料	Ingrédients d'entrée manquants	Fehlende Grundzutaten	Faltam Ingredientes Necessários	Отсутствует ингредиент на входе	Ingredientes de entrada ausentes	缺少輸入原料	材料の入力が不足しています	Eksik Giriş Malzemeleri	Chybějící vstupní ingredience	Risorse di input mancanti
CraftProgressStateExternalInputStarved	Risorse esterne mancanti	Falta recurso externo	缺少外部资源	Ressource externe manquante	Fehlende externe Ressourcen	Recurso Externo em Falta	Отсутствует внешний ресурс	Falta de recursos externos	缺少外部資源	外部リソースが不足しています	Eksik dış kaynak	Chybějící externí zdroj	Risorse esterne mancanti
CraftProgressStateSharedInputStarved	Risorse giocatore insufficienti	No hay suficientes recursos de jugador	玩家资源不足	Pas assez de ressources en stock	Nicht genug Spielerressourcen	Não Têm Recursos Suficientes	Недостаточно ресурсов	Não há recursos suficientes para o jogador	玩家資源不足	プレイヤーのリソースが不十分です	Yeterli oyuncu kaynağı yok	Nedostatek hráčských zdrojů	Risorse giocatore insufficienti
CraftProgressStateOutputBlocked	Deposito di output pieno	La capacidad de salida esta llena	输出库存已满	Stockage de sortie plein	Ausgabespeicher ist voll	Armazém de Saída Cheio	Хранилище на выходе переполнено	O armazenamento de saída está cheio	輸出儲存已滿	出力先のストレージがいっぱいです	Çıkış depolama alanı dolu	Výstupní úložiště je plné	Deposito di output pieno
CraftProgressStateManaPowerStarved	Ha bisogno di Mana Potenza	Necesita Poder de Mana	需要魔力能量	Nécessite de la Puissance de mana	Benötigt Mana-Energie	Precisa de Poder de Mana	Требуется энергия Маны	Precisa de Poder da Mana	需要魔力能量	マナパワーが必要です	Mana Gücüne İhtiyaç Duyar	Potřebuje Power Manu	Ha bisogno di Mana Potenza
CraftProgressStateFireManaPowerStarved	Bisogno di fuoco Mana Potenza	Necesita Poder de Mana de Fuego	需要火之能量	Nécessite de la Puissance du mana de feu	Benötigt Feuerkristall-Energie	Precisa de Poder de Mana de Fogo	Требуется энергия Огня	Precisa de Poder da Mana de Fogo	需要火魔力能量	火のマナパワーが必要です	Ateş Mana Gücüne İhtiyaç Duyar	Potřebuje manu ohně	Bisogno di fuoco Mana Potenza
CraftProgressStateWaterManaPowerStarved	Ha bisogno di acqua Mana Potenza	Necesita Poder de Mana de Agua	需要水之能量	Nécessite de la Puissance du mana d'eau	Benötigt Wasserkristall-Energie	Precisa de Poder de Mana de Água	Требуется энергия Воды	Precisa de Poder da Mana da Água	需要水魔力能量	水のマナパワーが必要です	Su Mana Gücüne İhtiyaç Duyar	Potřebuje manu vody	Ha bisogno di acqua Mana Potenza
CraftProgressStateEarthManaPowerStarved	Ha bisogno la Terra Mana Potenza	Necesita Poder de Mana de Tierra	需要土之能量	Nécessite de la Puissance du mana de terre	Benötigt Erdkristall-Energie	Precisa de Poder de Mana de Terra	Требуется энергия Земли	Precisa de Poder de Mana da Terra	需要土魔力能量	地のマナパワーが必要です	Dünya Mana Gücüne İhtiyaç Duyar	Potřebuje manu země	Ha bisogno la Terra Mana Potenza
CraftProgressStateAirManaPowerStarved	Ha bisogno di aria Mana Potenza	Necesita Poder de Mana de Aire	需要风之能量	Nécessite de la Puissance du mana d'air	Benötigt Luftkristall-Energie	Precisa de Poder de Mana de Ar	Требуется энергия Воздуха	Precisa de Poder de Mana do Ar	需要風魔力能量	風のマナパワーが必要です	Hava Mana Gücüne İhtiyaç Duyar	Potřebuje manu vzduchu	Ha bisogno di aria Mana Potenza
CraftProgressStateLinkableOutputFull	Tutti gli obiettivi legati sono pieni	Todos los objetivos vinculados están llenos	所有连接的目标已满	Toutes les cibles connectées sont pleines	Alle verbundenen Ziele sind voll	Todos os alvos ligados estão cheios	Все связанные объекты заполнены	Todos os alvos vinculados estão cheios	所有連接目標都已滿	リンクされているすべてのターゲットがいっぱいです	Tüm bağlantılı hedefler dolu	Všechny propojené cíle jsou plné	Tutti gli obiettivi legati sono pieni
CraftProgressStateResourceEnhanced	guadagno di velocità da risorse vicine	Aumento de velocidad ganado por los recursos cercanos	从附近资源获得的速度	Gain de vitesse des ressources proches	Geschwindigkeitsgewinn durch nahe gelegene Ressourcen	Velocidade Ganha a partir de recursos vizinhos	Увеличение скорости от близлежащих ресурсов	Ganho de velocidade com recursos próximos	從附近資源獲得速度	付近の資源からのスピード向上	Yakındaki kaynaklardan hız kazanımı	Rychlost získána z okolních zdrojů	guadagno di velocità da risorse vicine
CraftProgressStateSharedInputPaused	Il consumo in pausa	En pausa	消费已暂停	En pause	Pausiert	consumo de pausa	Пауза	Consumo Pausado	已暫停消費	消費の一時停止	Tüketim Duraklatıldı	Spotřeba pozastavena	Il consumo in pausa
CraftResultNotEnoughGold	Monete insufficienti, vendi più risorse alle Case	No hay suficientes monedas, vende más recursos a las Casas	货币不足 - 请向房屋出售更多数量商品	Pièces insuffisantes, vendez plus de ressources aux Maisons	Nicht genügend Münzen, verkaufe mehr Waren an Häuser	Não tem moedas suficientes - Venda mais Recursos as casas	Недостаточно монет. Продавайте больше товаров в Дома	Não há moedas suficientes, venda mais recursos nas casas	貨幣不足 - 在房屋出售更多商品	コインが足りません - より多くの商品を販売してください	Yeterli para yok, Evlerde daha fazla kaynak sat	Nedostatek mincí, prodávejte více zdrojů do domů	Monete insufficienti, vendi più risorse alle Case
CraftResultNotEnoughHouses	Capacità di popolazione insufficiente, costruisci più Case	No hay suficiente capacidad de población - construye más casas	人口上限不足 - 请建造更多房屋	Population insuffisante, construisez plus de Maisons	max. Bevölkerungslimit erreicht - Baue mehr Häuser	Não tem capacidade de população - Construa mais casas	Превышен Лимит населения. Постройте больше Домов	Não há capacidade populacional suficiente - Construa mais casas	人口容量不足 - 建造更多房屋	人口が足りません - 住宅を増やしてください	Yeterli nüfus kapasitesi yok - Daha fazla Ev inşa edin	Nedostatek obyvatelstva - postavte více domů	Capacità di popolazione insufficiente, costruisci più Case
CraftResultNotEnoughHappiness	Felicità insufficiente, vendi più beni alle Case	La Felicidad no es suficiente - vende más productos a las Casas	幸福度不足 - 请向房屋出售更多种类商品	Bonheur insuffisant, vendez plus de marchandises aux Maisons	Zu wenig Zufriedenheit - verkaufe mehr Waren an Häuser	Não tem Felicidade suficiente - Venda mais bens para as casas	Недостаточно Счастья. Продавайте больше товаров в Дома	Não há felicidade suficiente - venda mais produtos para as casas	幸福度不足 - 向房屋出售更多商品	幸福度が足りません - 市場で様々な商品を販売してください	Yeterli Mutluluk Yok - Evlere daha fazla ürün sat	Nedostatek štěstí - prodejte více zboží do domů	Felicità insufficiente, vendi più beni alle Case
CraftResultMissingBuildingItems	Risorse mancanti, consegna più oggetti a questo edificio	Faltan ingredientes - Lleva más elementos a este edificio	缺少材料 - 请为该建筑运送更多的物品	Ingrédients manquant - Apportez plus d'objets à cette construction	Fehlende Zutaten - Bringe mehr Waren zu diesem Gebäude	Faltam Ingredientes - Traga mais items a este prédio	Недостаточно ингредиентов. Доставьте больше предметов в это здание	Ingredientes faltando - Traga mais itens para este edifício	缺少原料 - 為這座建築帶來更多物品	材料が不足しています - この建物により多くの素材を供給してください	Eksik malzemeler - Bu binaya daha fazla eşya getirin	Chybějící ingredience - přineste sem více položek	Risorse mancanti, consegna più oggetti a questo edificio
CraftResultMissingPlayerItems	Risorse mancanti, ottieni più oggetti nell'inventario condiviso come quello della Base o dei Granai	Faltan ingredientes - Recoge más artículos en inventario compartido como la Base o los Graneros	缺少材料 - 请在共享的仓库如谷仓或者城镇中心存放更多的物品	Ingrédients manquant - Collectez plus d'objets dans les stockages partagés tels que le Centre-Ville ou les Granges	Fehlende Zutaten - Sammle mehr Waren in der Basis oder in Lagern	Faltam Ingredientes - Recolha mais items no inventário	Недостаточно ресурсов. Накопите больше ресурсов в Общем инвентаре	Ingredientes faltando - Colete mais itens no inventário compartilhado, como Base ou Celeiros	缺少原料 - 在城鎮中心或穀倉等共享庫存中收集更多物品	材料が不足しています - 町の中心や倉庫などの共有インベントリにより多くの素材を集めてください	Eksik malzemeler - Üs veya Barns gibi paylaşılan envanterde daha fazla öğe toplayın	Chybějící ingredience - posbírejte více položek ze sdíleného inventáře, jako je základna nebo stodoly	Risorse mancanti, ottieni più oggetti nell'inventario condiviso come quello della Base o dei Granai
CreateGameHeader	Crea partita	Crear juego	创建游戏	Créer une partie	Spiel erstellen	Criar Jogo	Создать игру	Criar Jogo	創建遊戲	ゲームを始める	Oyun oluştur	Vytvořit hru	Crea partita
CreateGamePropertyBiome	Bioma di partenza	Bioma	生态类型	Biome	Startbiom	Bioma inicial	Стартовый биом	Bioma inicial	起始生態	開始バイオーム	Biome'u Başlatma	Startovní biom	Bioma di partenza
CreateGamePropertyAvailableBiomes	Biomi disponibili	Biomas disponibles	可用地貌	Biomes disponibles	Verfügbare Biome	Biomas disponíveis	Доступные биомы	Biomas disponíveis	可用生態	有効にするバイオーム	Mevcut Biyomlar	Dostupné biomy	Biomi disponibili
CreateGamePropertyFlattenOrigin	Smooth area di partenza	Área de inicio suave	起始点地势平整	Zone de départ aplanie	Startbereich glätten	Area de inicio suave	Выровнить стартовую зону	Área Inicial Suave	平整的起始區域	スタートエリアを平坦化	Sorunsuz Başlangıç ​​Alanı	Hladká výchozí oblast	Smooth area di partenza
CreateGamePropertyScenario	Scenario	Escenario	场景	Scénario	Szenario	Cenário	Сценарий	Cenário	場景	シナリオ	Senaryo	Scénář	Scenario
PrefGameplayKeyCreative	Modalità creativa	Modo creativo	创造模式	Mode création	Kreativmodus	Modo criativo	Творческий режим	Modo Criativo	創意模式	クリエイティブモード	Yaratıcı mod	Kreativní režim	Modalità creativa
CreateGamePropertyMapSize	Grandezza mappa	Tamaño de mapa	地图大小	Taille de la carte	Kartengröße	Tamanho do mapa	Размер карты	Tamanho do Mapa	地圖尺寸	マップサイズ	Harita boyutu	Velikost mapy	Grandezza mappa
CreateGamePropertyAutoBase	Auto-posiziona base	Auto-Posicionar Centro Ciudad	自动放置城镇中心	Placement auto. du Centre-Ville	Basis automatisch platzieren	Colocar base automaticamente	Авто-размещение базы	Centro da Cidade com localização automática	自動放置城鎮中心	町の中心の自動配置	Şehir Merkezini Otomatik Yerleştir	Auto-umístění Centra města	Auto-posiziona base
CreateGamePropertyStartState	Inizio Stato	Estado de Inicio	起始状态	Choix de l'époque	Startzeitalter	Estado Inicial	Стартовая эпоха	Estado Inicial	起始狀態	開始状態	Başlangıç ​​Durumu	Startovní stát	Inizio Stato
CreateGamePropertyRandomSeed	Seme casuale	Semilla Aleatoria	随机种子	Graine du monde	Anfangswert für Zufallsgenerator	Random Seed	Случайное зерно	Semente Randômica	隨機種子	ランダムシード	Rastgele Tohum	Náhodné semeno	Seme casuale
CreateGamePropertyResources	Risorse	Recursos	资源	Ressources	Ressourcen	Recursos	Ресурсы	Recursos	資源	資源	Kaynaklar	Zdroje	Risorse
CreateGamePropertyDecreaseDistantResources	Diminuire risorse distanti	Disminuir recursos distantes	减少远处资源	Diminuer les ressources distantes	Entfernte Ressourcen verringern	Descrease Recursos Distant	Снижение кол-ва ресурсов на расстоянии	Diminuir Recursos Distantes	減少遠處資源	遠くの資源を減らす	Uzak Kaynakları Azaltın	Snížit vzdálené zdroje	Diminuire risorse distanti
CreateGamePropertyStartingMap	Avvio della mappa	Mapa de inicio	起始地图	Carte de départ	Karteneinstellungen	começando Mapa	Стартовая карта	Mapa Inicial	起始地圖	スタートマップ	Haritayı Başlatma	Startovní mapa	Avvio della mappa
CreateGamePropertyRuleSet	Set di regole	Reglas	规则集	Ensemble de règles	Regeln ändern	Conjunto de regras	Набор правил	Conjunto de Regras	規則集	ルールセット	Kural Seti	Sada pravidel	Set di regole
CreateGamePropertyStartingTerritory	Avvio del territorio	Territorio Inicial	起始区域	Territoire de départ	Startterritorium	Território começando	Стартовая территория	Território Inicial	起始區域	スタート領域	Başlangıç ​​Bölgesi	Výchozí území	Avvio del territorio
CreateGamePropertyStartingResources	Avvio delle risorse	Recursos Iniciales	起始资源	Ressources de départ	Startressourcen	começando Recursos	Стартовые ресурсы	Recursos Iniciais	起始資源	スタート資源	Kaynakları Başlatma	Spuštění zdrojů	Avvio delle risorse
CreateGamePropertyGlobalRules	Regole globali	Crear Reglas Globales	全局规则	Règles globales	Allgemeine Regeln	Regras globais	Глобальные правила	Regras Globais	全域規則	グローバルルール	Küresel Kurallar	Globální pravidla	Regole globali
CreateGamePropertyOverallProductionMultiplier	Moltiplicatore di produzione complessivo.	Multiplicador general de Producción	总体生产倍增	Facteur global production	Allgemeiner Produktionsmultiplikator	No geral Multiplicador de Produção	Общий множитель производства	Multiplicador de Produção Geral	總體生產乘數	全体の生産倍率	Genel Üretim Çarpanı	Celkový výrobní násobitel	Moltiplicatore di produzione complessivo.
CreateGamePropertyResearchSpeedMultiplier	Multiplicatore della velocità di ricerca.	Multiplicador de velocidad de Investigación	研究速度倍增	Facteur vitesse recherche	Forschungsgeschwindigkeitsmultiplikator	Research velocidade Multiplicador	Множитель скорости исследований	Multiplicador de Velocidade de Pesquisa	研究速度乘數	研究速度の倍率	Araştırma Hızı Çarpanı	Násobitel rychlosti výzkumu	Multiplicatore della velocità di ricerca.
CreateGamePropertyResearchCostMultiplier	Multiplicatore dei costi di ricerca.	Multiplicador del coste de Investigación	研究成本系数	Facteur coût recherche	Forschungskostenmultiplikator	Pesquisa Custo Multiplicador	Множитель стоимости исследований	Multiplicador de Custo de Pesquisa	研究成本乘數	研究コストの倍率	Araştırma Maliyeti Çarpanı	Násobitel nákladů na výzkum	Multiplicatore dei costi di ricerca.
CreateGamePropertyHappinessDecayMultiplier	Multiplicatore del decadimento della felicità.	Multiplicador de descenso de Felicidad	幸福度衰减系数	Facteur dégradation bonheur	Zufriedenheitsverringerungsmultiplikator	Felicidade Decay Multiplicador	Множитель снижения счастья	Multiplicador de Decadência da Felicidade	幸福度衰減乘數	幸福度の減衰倍率	Mutluluğun Azalması Çarpanı	Násobitel úbytku štěstí	Multiplicatore del decadimento della felicità.
CreateGamePropertyConsumptionSpeedMultiplier	Multiplicatore di velocità del consumo	Multiplicador de velocidad de Consumo	消耗速度系数	Facteur vitesse consommation	Verbrauchsgeschwindigkeitsmultilplikator	Consumo de velocidade Multiplicador	Множитель скорости потребления	Multiplicador de Velocidade de Consumo	消耗速度乘數	消費速度の倍率	Tüketim Hızı Çarpanı	Násobitel rychlosti spotřeby	Multiplicatore di velocità del consumo
CreateGamePropertyAllowTerraforming	Consentire il terraforming	Permitir terraformación	允许修改地形	Permettre la terraformation	Erlaube Terraforming	permitir Terraformação	Разрешить терраформинг	Permitir a Terraformação	允許改造地形	地形操作の許可	Terraforming'e izin ver	Povolit Terraforming	Consentire il terraforming
CreateGamePropertyAllowOreProspecting	Consentire la prospezione dell'Ore	Permitir prospección minera	允许勘探矿物	Permettre la prospection de minerais	Erzprospektion erlauben	Permitir Ore prospecção	Разрешить размещение руды	Permitir a Prospecção de Minério	允許勘探礦物	鉱石の採掘を許可する	Maden Aramaya İzin Ver	Povolit vyhledávání rud	Consentire la prospezione dell'Ore
CreateGamePropertyMinecartsUseGravity	Minecarts usa la gravità	Vagonetas sujetas a gravedad	矿车利用重力	Wagonnets soumis à la gravité	Loren durch Schwerkraft beeinflusst	Minecarts usar gravidade	Гравитация для вагонеток	Os carrinhos de mineração usam a gravidade	礦車受重力影響	マインカートの重力シミュレーション	Minecart'lar yer çekimini kullanıyor	Vozy využívají gravitaci	Minecarts usa la gravità
CreateGamePropertyAllowStorageMoving	Spostare gli edifici di stoccaggio.	Mover edificios de almacenamiento	移动储存建筑	Déplacer les bâtiments de stockage	Lagergebäude bewegen	Mova edifícios de armazenamento	Перемещение Хранилищ	Movimentação de Edifícios de Armazenamento	移動儲存建築	倉庫の移動	Depolama Binalarını Taşı	Přesunout úložné budovy	Spostare gli edifici di stoccaggio.
CreateGamePropertyMinecartsInventoryRestricted	Limitare l'inventario di Minecart	Restringir inventario de vagonetas	限制矿车库存	Limiter l'inventaire du wagonnet	Loreninventar beschränken	Restringir Minecart Inventory	Ограничение на перевозимые товары	Restringir o inventário de carrinhos de Mina	限制礦車庫存	マインカートのインベントリを制限	Minecart Envanterini Kısıtla 	Omezit inventář vozu	Limitare l'inventario di Minecart
CreateGamePropertyNumTradingPosts	Post di negoziazione di spawn	Generar Puestos de Comercio	生成交易站	Placer des comptoirs commerciaux	Handelsposten bauen	Desova feitorias	Создать торговый пост	Geração de Postos de Troca	生成貿易站	交易所の生成数	Spawn Ticaret Noktaları	Vytvořit obchodní místa	Post di negoziazione di spawn
CreateGamePropertyPreserveDepleted	Preservare esaurito	Preservar vacío	耗尽后仍保留	Préserver l'épuisement	Verbrauchtes Bewahren	Preserve Depleted	Использовать истощение	Preservar Esgotado	保留耗盡	資源の枯渇状態を保存	Tükenmişleri Koru	Zachovat vyčerpanost	Preservare esaurito
CreateGameButtonEdit	Modifica mappa	Editar mapa	编辑地图	Éditer carte	Karte editieren	Editar Mapa	Изменить карту	Editar Mapa	編輯地圖	Map編集	Haritayı Düzenle	Upravit mapu	Modifica mappa
CreateGameButtonCreate	Crea!	¡Crear!	创建！	Créer !	Erstellen!	Criar!	Создать!	Criar!	創建！	開始!	Yaratmak!	Vytvořit!	Crea!
ScenarioDefault	Predefinito	Por Defecto	默认	Par défaut	Standard	Padrão	По умолчанию	Padrão	預設	デフォルト	Varsayılan	Výchozí hodnota	Predefinito
ScenarioAdvanced	Avanzato	Avanzado	高级	Avancé	Fortgeschritten	avançado	Настраиваемый	Avançado	先進	上級者向け	Gelişmiş	Pokročilý	Avanzato
ScenarioCreative	Creativo	Creativo	创造	Création	Kreativ	Criativo	Творческий	Criativo	創意	クリエイティブ	Yaratıcı	Kreativní	Creativo
MapSizeTypeSmall	Piccola	Pequeño	小	Petite	Klein	Pequeno	Маленькая	Pequeno	小	小	Küçük	Malý	Piccola
MapSizeTypeMedium	Media	Medio	中	Moyenne	Mittel	Médio	Средняя	Médio	中	中	Orta	Střední	Media
MapSizeTypeLarge	Grande	Grande	大	Grande	Groß	ampla	Большая	Grande	大	大	Büyük	Velký	Grande
MapSizeTypeInfinite	Infinita	Infinito	无限大	Sans limites	Unendlich	Infinito	Бесконечная	Infinito	無限	無制限	Sonsuz	Nekonečný	Infinita
ItemLabelGold	Monete gialle	Monedas Amarillas	黄币	Pièces jaunes	Gelbe Münzen	moedas amarelas	Желтые монеты	Moedas Amarelas	黃幣	黄コイン	Sarı Paralar	Žluté mince	Monete gialle
ItemLabelRedCoin	Monete rosse	Monedas Rojas	红币	Pièces rouges	Rote Münzen	moedas vermelhas	Красные монеты	Moedas Vermelhas	紅幣	赤コイン	Kırmızı Paralar	Červené mince	Monete rosse
ItemLabelBlueCoin	Monete blu	Monedas Azules	蓝币	Pièces bleues	Blaue Münzen	moedas azuis	Голубые монеты	Moedas Azuis	藍幣	青コイン	Mavi Paralar	Modré mince	Monete blu
ItemLabelPurpleCoin	Monete viola	Monedas Púrpuras	紫币	Pièces violettes	Violette Münzen	Moedas Roxas	Фиолетовые монеты	Moedas Roxas	紫幣	紫コイン	Mor Paralar	Fialové mince	Monete viola
CursorToolDescriptionBlockUp	Aumenta altezza del terreno da una singola unità, trascinare per aumentare altro terreno almeno tale altezza.	Aumenta la altura del terreno por una sola unidad, arrastre para subir a otro terreno al menos hasta esa altura.	升高地面高度一个单位，拖动可使其他地面也达到这个高度	Augmente la hauteur du relief d'une unité. Cliquez-glissez pour élever le relief d'au moins cette hauteur.	Erhöht Geländehöhe um eine Einheit; ziehe, um angrenzendes Gelände anzugleichen.	Aumenta a altura do terreno por uma única unidade, arrastar para levantar outro terreno para, pelo menos, que a altura.	Увеличить высоту ландшафта на один блок. Нажмите и тащите курсор, чтобы выровнять соседние клетки ландшафта на такую же высоту	Aumenta a altura do terreno em uma única unidade, arrastando para elevar outros terrenos a pelo menos essa altura.	將地形高度增加一個單位，拖動以將其它地形至少提升到該高度。	地形の高さを1単位増やします。ドラッグして他の地形を同じ高さまで上げます。	Arazi yüksekliğini tek bir birim artırır, diğer araziyi en az bu yüksekliğe yükseltmek için sürükleyin.	Zvyšuje výšku terénu o jednu jednotku, tažením zvednete další terén alespoň na tuto výšku.	Aumenta altezza del terreno da una singola unità, trascinare per aumentare altro terreno almeno tale altezza.
CursorToolDescriptionBlockDown	Diminuisce altezza del terreno da una singola unità, trascinare inferiore altro terreno almeno quella profondità.	Disminuye la altura del terreno por una sola unidad, arrastre para bajar otro terreno al menos hasta esa profundidad.	降低地面高度一个单位，拖动可使其他地面也达到这个高度	Baisse la hauteur du relief d'une unité. Cliquez-glissez pour descendre les reliefs d'au moins cette profondeur.	Vermindert Geländehöhe um eine Einheit; ziehe, um angrenzendes Gelände anzugleichen.	Diminui altura do terreno em uma única unidade, arrastar para afundar outra unidade a essa profundidade	Уменьшить высоту ландшафта на один блок. Нажмите и тащите курсор, чтобы выровнять соседние клетки ландшафта на такую же высоту	Diminui a altura do terreno em uma única unidade, arrastando para abaixar outros terrenos até pelo menos essa profundidade.	將地形高度降低一個單位，拖動以將其它地形降低到至少該深度。	地形の高さを1単位減少させます。ドラッグして他の地形を同じ高さまで下げます。	Arazi yüksekliğini tek bir birim azaltır, diğer araziyi en azından bu derinliğe indirmek için sürükleyin.	Sníží výšku terénu o jednu jednotku, tažením snížíte další terén alespoň na tuto hloubku.	Diminuisce altezza del terreno da una singola unità, trascinare inferiore altro terreno almeno quella profondità.
CursorToolDescriptionFlattenUp	Imposta altezza del terreno di altezza laterale massima di blocco corrente, trascinare per impostare qualsiasi altro terreno esattamente quell'altezza	Establece la altura del terreno y la altura máxima de las esquinas del bloque actual, arrastra para establecer otras casillas a esta altura	将地面高度设置为当前位置的最大角高度，拖动可使其他地面也达到这个高度	Définit la hauteur du terrain à la hauteur d'angle max du bloc actuel. Cliquez-glissez pour régler.	Setzt Geländehöhe zur höchsten Ecke des aktuellen Blocks; ziehe, um angrenzendes Gelände anzugleichen	Define altura do terreno à altura canto máximo de bloco atual, arraste para definir qualquer outro terreno para exatamente essa altura	Установить высоту ландшафта на максимальную высоту выбранного блока. Нажмите и тащите курсор, чтобы выровнять соседние клетки ландшафта на такую же высоту	Define a altura do terreno como a altura máxima do canto do bloco atual; arraste para definir qualquer outro terreno exatamente com essa altura	將地形高度設置為當前塊的最大角高度，拖動以將任何其它地形設置為該高度	地形の高さを現在のブロックの最大コーナーの高さにならします。また、ドラッグして他の地形をその高さにならします	Arazi yüksekliğini geçerli bloğun maksimum köşe yüksekliğine ayarlar; diğer arazileri tam olarak bu yüksekliğe ayarlamak için sürükleyin	Nastaví výšku terénu na maximální výšku rohu aktuálního bloku, přetažením nastavíte jakýkoli jiný terén na přesně tuto výšku	Imposta altezza del terreno di altezza laterale massima di blocco corrente, trascinare per impostare qualsiasi altro terreno esattamente quell'altezza
CursorToolDescriptionFlattenDown	Imposta altezza del terreno di altezza minima angolo del blocco corrente, trascinare per impostare qualsiasi altro terreno esattamente quell'altezza	Establece la altura del terreno y la altura mínima de las esquinas del bloque actual, arrastra para establecer otras casillas a esta altura	将地面高度设置为当前位置最小角高度，拖动可使其他地面也达到这个高度	Définit la hauteur du terrain à la hauteur d'angle min du bloc actuel. Cliquez-glissez pour régler.	Setzt Geländehöhe zur niedrigsten Ecke des aktuellen Blocks; ziehe, um angrenzendes Gelände anzugleichen	Define altura do terreno para min altura canto do bloco atual, arraste para definir qualquer outro terreno para exatamente essa altura	Установить высоту ландшафта на минимальную высоту выбранного блока. Нажмите и тащите курсор, чтобы выровнять соседние клетки ландшафта на такую же высоту	Define a altura do terreno como a altura mínima do canto do bloco atual; arraste para definir qualquer outro terreno exatamente com essa altura	將地形高度設置為當前塊的最小角高度，拖動以將任何其它地形設置為該高度	地形の高さを現在のブロックの最小コーナーの高さにならします。また、ドラッグして他の地形をその高さにならします	Arazi yüksekliğini geçerli bloğun minimum köşe yüksekliğine ayarlar; diğer arazileri tam olarak bu yüksekliğe ayarlamak için sürükleyin	Nastaví výšku terénu na minimální výšku rohu aktuálního bloku, přetažením nastavíte jakýkoli jiný terén na přesně tuto výšku	Imposta altezza del terreno di altezza minima angolo del blocco corrente, trascinare per impostare qualsiasi altro terreno esattamente quell'altezza
CursorToolDescriptionModifyTerrainHeight	Strumenti che consentono al giocatore di cambiare altezza del terreno	Herramientas que le permiten al jugador cambiar la altura del terreno	允许玩家改变地形高度的工具	Outils qui permettent de changer la hauteur du terrain.	Werkzeuge zum Ändern der Geländehöhe	Ferramentas que permitem ao jogador mudar altura do terreno	Инструменты, позволяющие изменять высоту местности	Ferramentas que permitem ao jogador alterar a altura do terreno	允許玩家改變地形高度的工具	地形の高さを変更できるツール	Oyuncunun arazi yüksekliğini değiştirmesine olanak tanıyan araçlar	Nástroje, které umožňují hráči měnit výšku terénu	Strumenti che consentono al giocatore di cambiare altezza del terreno
CursorToolDescriptionWater	Aggiungere o rimuovere il volume d'acqua	Añadir o quitar volumen de agua	增加或减少水量	Ajouter ou retirer du volume d'eau.	Wasser hinzufügen oder entfernen	Adicionar ou remover volume de água	Добавить или удалить некий объем воды	Adicionar ou remover Volume de água	增加或減少水量	水量を増減します	Su hacmini ekleme veya kaldırma	Přidejte nebo odeberte množství vodních ploch	Aggiungere o rimuovere il volume d'acqua
CursorToolDescriptionRemoveResource	Distruggere rocce, alberi, ecc che potrebbe bloccare i tuoi sentieri	Destruye rocas, árboles, etc., que pueden estar bloqueando los caminos	摧毁可能挡路的石块、树木等	Détruit les pierres, arbres, etc. qui peuvent bloquer les chemins.	Zerstört Felsen, Bäume, etc., die deine Wege blockieren	Destrói pedras, árvores, etc que podem estar a bloquear os teus caminhos	Уничтожить камни, деревья и другие ресурсы	Destrua pedras, árvores, etc. que possam estar bloqueando seus caminhos	摧毀可能阻擋您前進的岩石、樹木等	岩や木々を破壊します	Yolunuzu kapatıyor olabilecek kayaları, ağaçları vb. yok edin	Zničte kameny, stromy atd., které vám mohou blokovat cesty	Distruggere rocce, alberi, ecc che potrebbe bloccare i tuoi sentieri
CursorToolDescriptionRemoveBlock	Distrugge e rimborsi sentieri, ponteggi, e tutti i blocchi dei giocatori in classifica	Destruye y reembolsa caminos, andamios, y todos los bloques colocados por el jugador	摧毁道路、支架以及所有玩家放置的块并退还资源	Détruit et rembourse les chemins, les échaffaudages et tous les blocs placés par le joueur.	Zerstört Wege, Gerüste und alle platzierten Blöcke (Erstattung der Ressourcen)	Destrói e Rembolsa caminhos, Armações e todos os blocos colocados plo jogador	Уничтожить дороги, конструкции, любые блоки, размещенные игроком и вернуть потраченные на них ресурсы	Destrói e devolve caminhos, andaimes e todos os blocos colocados pelo jogador	摧毀並退還路徑、鷹架和所有玩家放置的塊	プレイヤーが設置したブロックを破壊します。建築コストは返還されます。	Yolları, iskeleleri ve oyuncuların yerleştirdiği tüm blokları yok eder ve iade eder	Ničí a vrací cesty, lešení a všechny bloky umístěné hráčem	Distrugge e rimborsi sentieri, ponteggi, e tutti i blocchi dei giocatori in classifica
CursorToolDescriptionRemoveBlockFilter	Distrugge e rimborsi sentieri, ponteggi, e tutti i blocchi giocatore in classifica - ma solo quelli che corrispondono primo oggetto si fa clic su	Destruye y reembolsa caminos, andamios y todos los objetos colocados por el jugador - pero solo si coinciden con el primer objeto seleccionado	摧毁道路、支架以及所有玩家放置的块并退还资源 - 不过仅限于点击的对象类型	Détruit et rembourse les chemins, les échaffaudages et tous les blocs placés par le joueur, mais seulement ceux correspondant au premier objet cliqué.	Zerstört Wege, Gerüste und alle platzierten Blöcke des jeweiligen Typs, der zuerst angeklickt wurde (Erstattung der Ressourcen)	Destrói e Rembolsa caminhos, Armações e todos os blocos colocados plo jogador - Apenas iguais ao primeiro objecto	Уничтожить дороги, конструкции, любые блоки, размещенные игроком и вернуть потраченные на них ресурсы, НО ТОЛЬКО ТЕ, которые аналогичны объекту, на который вы нажмете первым	Destrói e devolve caminhos, andaimes e todos os blocos colocados pelo jogador, mas somente aqueles que correspondem ao primeiro objeto em que você clicar	銷毀並退還路徑、鷹架和所有玩家放置的塊 - 但只有那些匹配您單擊的第一個物體	プレイヤーが設置したブロックを破壊します。建築コストは返還されます。最初にクリックしたオブジェクトと一致するものだけを削除します。	Yolları, iskeleleri ve oyuncuların yerleştirdiği tüm blokları yok eder ve iade eder; ancak yalnızca tıkladığınız ilk nesneyle eşleşenler	Ničí a vrací cesty, lešení a všechny bloky umístěné hráčem – ale pouze ty, které odpovídají prvnímu objektu, na který kliknete	Distrugge e rimborsi sentieri, ponteggi, e tutti i blocchi giocatore in classifica - ma solo quelli che corrispondono primo oggetto si fa clic su
CursorToolDescriptionMove	Consente di riposizionare i lavoratori e raccogliere manualmente gli elementi su scivoli o cinghie	Te permite mover objetos alrededor del mapa	允许你移动工人的位置，以及手动收集滑道与传送带上的物品	Permet de repositionner vos travailleurs et collecter manuellement les objets venant des glissières et des tapis roulants.	Damit kannst Du Arbeiter neu positionieren und Elemente manuell auf Rutschen oder Bahnen sammeln	Permite reposicionar trabalhadores e recolher manualmente itens das calhas ou passadeiras rolantes	Позволяет перемещать рабочих и подбирать предметы с желобов и конвейеров	Permite que você reposicione os trabalhadores e colete manualmente os itens em calhas ou esteiras	允許您重新定位工人並手動收集滑槽或輸送帶上的物品	ワーカーを再配置したり、シュートや搬送ベルトにあるアイテムを手動で集めることができます	İşçileri yeniden konumlandırmanıza ve şutlar veya bantlardaki öğeleri manuel olarak toplamanıza olanak tanır	Umožňuje přemístit pracovníky a ručně sbírat předměty na skluzech nebo pásech	Consente di riposizionare i lavoratori e raccogliere manualmente gli elementi su scivoli o cinghie
CursorToolBlockUp_short	Bloccare	Subir Bloque	升高地面	Surélever	Block nach oben	Elevar Terreno	Поднять блок	Bloqueio para cima	升高塊	ブロックアップ	Engellemek	Zablokovat nahoru	Bloccare
CursorToolBlockDown_short	blocco di Down	Bajar Bloque	降低地面	Abaisser	Block nach unten	Baixar Terreno	Опустить блок	Bloquear para baixo	降低塊	ブロックダウン	Engelle	Zablokovat dolů	blocco di Down
CursorToolFlattenUp_short	appiattire Up	Aplanar hacia arriba	向上铺平地表	Aplanir (haut)	Nach oben Glätten	Nivelar terreno para cima	Выровнить ландшафт вверх	Achatar para cima	向上壓平	平坦化(アップ)	Düzleştir	Zarovnat nahoru	appiattire Up
CursorToolFlattenDown_short	appiattire di Down	Aplanar hacia abajo	向下铺平地表	Aplanir (bas)	Nach unten Glätten	Nivelar terreno para baio	Выровнить ландшафт вниз	Achatar para baixo	向下壓平	平坦化(ダウン)	Aşağı Düzleştir	Zarovnat dolů	appiattire di Down
CursorToolRemoveBlock_short	Rimuovi	Remover bloque	移除	Retirer	Entfernen	Remover	Удалить блок	Remover	移除	削除	Kaldırmak	Odstranit	Rimuovi
CursorToolRemoveBlockFilter_short	Rimuovi	Remover filtro	移除	Retirer	Entfernen	Remover	Удалить типы блоков	Remover	移除	削除	Kaldırmak	Odstranit	Rimuovi
CursorToolBlockUp	Terreno Block Up	Subir Bloque de Terreno	升高地面	Surélever le terrain	Gelände anheben	Elevar Terreno	Поднять ландшафт	Bloqueio de terreno para cima	升高地形塊	地形のブロックアップ	Arazi Engelleme	Zvýšit terén	Terreno Block Up
CursorToolBlockDown	Terreno blocco verso il basso	Bajar Bloque de Terreno	降低地面	Abaisser le terrain	Gelände absenken	Baixar Terreno	Опустить ландшафт	Bloqueio de terreno para baixo	降低地形塊	地形のブロックダウン	Arazi Bloğu Aşağı	Snížit terén	Terreno blocco verso il basso
CursorToolModifyTerrainHeight	Modifica altezza del terreno	Modificar Altura del Terreno	修改地形高度	Modifier la hauteur du terrain	Geländehöhe ändern	Modificar Terrain Altura	Изменить высоту ландшафта	Modificar a Altura do Terreno	修改地形高度	地形の高さを変更	Arazi Yüksekliğini Değiştirin	Upravit výšku terénu	Modifica altezza del terreno
CursorToolCancel	Annulla	Cancelar	取消	Annuler	Abbrechen	Cancelar	Отмена	Cancelar	取消	キャンセル	İptal etmek	Zrušit	Annulla
CursorToolIssueCommand	comando Edizione	Expedir Comando	发出命令	Donner un ordre 	Befehl geben	Defenir Ordem	Отдать заказ	Comando de Emissão	發布命令	実行	Verme Komutu	Příkaz	comando Edizione
CursorToolFlattenUp	Terreno Appiattire Up	Apalanar terreno hacia arriba	向上铺平地表	Aplanir le terrain (haut)	Gelände nach oben glätten	Nivelar Terreno para cima	Выровнить ландшафт вверх	Nivelar o Terreno para cima	向上壓平地形	地形の平坦アップ	Arazi Düzleştiriliyor	Vyrovnat terén nahoru	Terreno Appiattire Up
CursorToolFlattenDown	Terreno Appiattire di Down	Apalanar terreno hacia abajo	向下铺平地表	Aplanir le terrain (bas)	Gelände nach unten glätten	Nivelar Terreno para baixo	Выровнить ландшафт вниз	Nivelar o Terreno para baixo	向下壓平地形	地形の平坦ダウン	Arazi Düzleştiriliyor	Vyrovnat terén dolů	Terreno Appiattire di Down
CursorToolWater	Aggiungi acqua	Añadir agua	增加水量	Ajouter de l'eau	Wasser hinzufügen	Adicione água	Добавить воду	Adicionar água	增加水	水を加える	Su ekle	Přidat vodu	Aggiungi acqua
CursorToolRemoveResource	Rimuovi risorsa	Remover Recurso	移除资源	Supprimer les ressources	Gegenstand entfernen	Remover Recurso	Удалить ресурс	Remover recurso	移除資源	資源を削除	Kaynağı Kaldır	Odstranit zdroj	Rimuovi risorsa
CursorToolRemoveBlock	Distruggi blocco	Destruir Bloque	移除物体	Détruire un bloc	Block zerstören	Destruir Bloco	Удалить блок	Destruir bloco	摧毀塊	ブロックを破壊	Bloğu yok etmek	Zničit blok	Distruggi blocco
CursorToolRemoveBlockFilter	Rimuovere blocco Strato	Destruir capa de bloques	移除指定物体	Supprimer la couche de blocs 	Blockebene entfernen	Remover Bloco	Удалить похожие блоки	Remover camada de bloco	移除塊層	ブロックのレイヤー削除	Blok Katmanını Kaldır	Odstranění položky	Rimuovere blocco Strato
CursorToolMove	Strumento movimento	Herramienta de movimiento	移动工具	Outil déplacement	Verschiebewerkzeug	Move Tool	Перемещение	Ferramenta Mover	移動工具	移動ツール	Hareket aracı	Nástroj pro přesun	Strumento movimento
CursorToolSelect	Seleziona	Seleccionar	选择	Sélectionner	Wählen	selecionar	Выбор	Selecionar	選擇	選択	Seçme	Vybrat	Seleziona
CursorToolCameraLook	sguardo Camera	Vista de Camara	自由查看	Orienter la vue	Kameraansicht	Rodar Camera	Вращение камеры	Olhar da câmera	鏡頭查看	カメラ操作	Kamera Bakışı	Pohled kamery	sguardo Camera
CursorToolCutGrass	Taglia l'erba	Cortar hierba	割草	Couper l'herbe	Gras mähen	Cortar Erva	Скосить траву	Cortar Grama	割草	草を刈る	Çim biçmek	Sekat trávu	Taglia l'erba
CursorToolGrowGrass	cresce l'erba	Crecer hierba	种草	Faire pousser l'herbe	Gras wachsen lassen	Plantar Erva	Вырастить траву	Cultivar Grama	種草	草を育てる	Çim Yetiştirmek	Pěstovat trávu	cresce l'erba
CursorToolSelectBlock	Seleziona blocchi	Seleccionar Bloques	选择块	Sélectionner les blocs	Blöcke auswählen	selecionar blocos	Выбор блоков	Selecionar Blocos	選擇塊	ブロックを選択	Blokları Seç	Vybere bloky	Seleziona blocchi
CursorToolSelectColumn	Seleziona colonne	Seleccionar Columnas	选择列	Sélectionner les colonnes	Spalten auswählen	Selecionar Colunas	Выбрать столбцы	Selecionar Colunas	選擇列	範囲を選択	Sütunları Seçin	Vybere sloupce	Seleziona colonne
CursorToolPickUpItem	Prendi l'oggetto	Recoger Objeto	拿起项目	Ramasser un objet	Gegenstand aufheben	Pick Up item	Подобрать предмет	Retirar Item	拿起物品	アイテムを拾う	Öğeyi Al	Vyzvednout položku	Prendi l'oggetto
CursorToolPaintTerrain	Vernice terreno	Pintar Terreno	绘制地形	Peindre le terrain	Terrain malen	Pinte Terrain	Покраска ландшафта	Pinte o Terreno	繪製地形	地形のペイント	Araziyi Boya	Malovat terén	Vernice terreno
CursorToolPaintAffinity	Affinità dipinte	Pintar afinidad	移除亲和度	Peindre l'affinité	Malaffinität	Pinte Affinity	Закрасить плодродную область	Afinidade de Pintura	移除親和力	親和性設定のペイント	Boya İlgisi	Afinita k malování	Affinità dipinte
FileSortMethodAlphabeticalAscending	A-Z	A-Z	按字母顺序	A-Z	A-Z	A-Z	А-Я	A-Z	A-Z	A-Z	A'dan Z'ye	A-Z	A-Z
FileSortMethodModifiedDescending	Recenti	Reciente	按修改时间降序	Récent	Letzte	Recente	По дате	Recentes	最近	最近	Son	Nedávný	Recenti
On	Sì	Encendido	开	Activé	An	Ligado	Вкл	Ligado	開	オン	Açık	Zapnuto	Sì
Off	No	Apagado	关	Désactivé	Aus	Desligado	Выкл	Desligado	關	オフ	Kapalı	Vypnuto	No
Yes	sì	Sí	有	Oui	Ja	sim	Да	Sim	有	Yes	Evet	Ano	sì
No	No	No	没有	Non	Nein	Não	Нет	Não	沒有	No	HAYIR	Ne	No
Type	Tipo	Tipo	类型	Type	Art	Tipo	Тип	Tipo	類型	タイプ	Tip	Typ	Tipo
Low	Basso	Bajo	低	Faible	Niedrig	Baixo	Низко	Baixa	低	低	Düşük	Nízký	Basso
Medium	medio	Medio	中	Moyen	Mittel	Médio	Средне	Média	中	中	Orta	Střední	medio
High	alto	Alto	高	Élevé	Hoch	Alto	Высоко	Alta	高	高	Yüksek	Vysoký	alto
Ultra	Ultra	Ultra	极高	Ultra	Sehr hoch	Ultra	Ультра	Ultra	極高	ウルトラ	Ultra	Ultra	Ultra
VerySmall	Molto piccolo	Muy pequeño	极小	Très petit	Sehr klein	Muito pequeno	Очень маленький	Muito pequeno	超小	非常に小さい	Çok küçük	Velmi malý	Molto piccolo
Small	Piccolo	Pequeño	小	Petit	Klein	Pequeno	Маленький	Pequeno	小	小さい	Küçük	Malý	Piccolo
Normal	Normale	Normal	普通	Normal	Normal	Normal	Нормальный	Normal	中	普通	Normal	Normální	Normale
Large	Grande	Grande	大	Grand	Groß	Grande	Большой	Grande	大	大きい	Büyük	Velký	Grande
VeryLarge	Molto grande	Muy grande	极大	Très grand	Riesig	Muito Grande	Очень большой	Muito grande	超大	非常に大きい	Çok büyük	Velmi velký	Molto grande
PopulationCap	Capacità lavoratore	Límite de Trabajadores	人口容量	Nombre de Travailleurs	Bevölkerungslimit	Capacidade de trabalhadores	Лимит рабочих	Capacidade do Trabalhador	工人容量	人口収容量	İşçi Kapasitesi	Pracovní kapacita	Capacità lavoratore
Happiness	Felicità	Felicidad	幸福度	Bonheur 	Zufriedenheit	Felicidade	Счастье	Felicidade	幸福	幸福度	Mutluluk	Štěstí	Felicità
HappinessProductionMultiplier	Produzione	Producción	生产加成	Production 	Produktionsbonus	Produção	Производство	Produção	生產	生産スピードボーナス	Üretme	Výroba	Produzione
PathModeAuto	Modalità automatica	Modo automático	自动模式	Mode auto	Automatischer Modus	Modo automático	Автоматический режим	Modo Automático	自動模式	オートモード	Otomatik mod	Automatický režim	Modalità automatica
PathModeSpecified	Modalità di precisione	Modo preciso	精准模式	Mode précision	Präziser Modus	Modo preciso	Точный режим	Modo Preciso	精準模式	精密モード	Hassas Mod	Přesný režim	Modalità di precisione
TimeSecondsAbbreviation	s	s	秒	s	s	s	сек	s	秒	s	S	s	s
Build	Costruisci	Construir	建造	Construire	Bauen	Construir	Строительство	Construir	建造	建設	İnşa etmek	Stavět	Costruisci
QuickBuild	#N/A	Acceso Rápido	快速访问	Construction rapide	Schnellzugriff	Acesso rápido	Быстрый доступ	#N/A	快速建造	クイックアクセス	Hızlı erişim	Rychlý přístup	#N/A
Empty	Vuoto	Vacío	空	Vide	Leeren	Esvaziar	Пусто	Esvaziar	空	空き	Boş	Prázdný	Vuoto
Remove	Rimuovi	Remover	移除	Retirer	Entfernen	Remover	Удалить	Remover	移除	削除	Kaldırmak	Odstranit	Rimuovi
Research	Ricerca	Investigación	研究	Recherche	Forschen	Pesquisa	Исследование	Pesquisa	研究	研究	Araştırma	Výzkum	Ricerca
Name	Nome	Nombre	名称	Nom	Name	Nome	Название	Nome	名稱	名前	İsim	Jméno	Nome
BuildingLimit	Limite di costruzione per livello tech	Limite de Construcción	每个科技水平的建筑限制	Limite de bâtiments	Gebäude Maximum	Limite de edifício	Лимит зданий	Limite de Construção por Nível de Tecnologia	每個技術水平的建築限制	技術レベル毎の建設数上限	Teknoloji Seviyesi başına Bina Limiti	Stavební limit pro tuto technickou úroveň	Limite di costruzione per livello tech
BuildingLimitPerPopulationLevel	Limite di costruzione per livello di popolazione	Límite de construcción por nivel de población.	每个人口水平的建筑限制	Limite de construction par niveau de population	Baulimit pro Bevölkerungsstufe	Limite de construção por nível populacional	Лимит здания на уровень населения	Limite de edifícios por Nível Populacional	每個人口水平的建築限制	人口レベル毎の建設数上限	Nüfus Seviyesi Başına Bina Sınırı	Limit budov na úroveň populace	Limite di costruzione per livello di popolazione
BuildingLimitPerCivics	Limite di costruzione per livello civico	Límite de construcción por nivel cívico	每个城镇中心等级的建筑限制	Limite de construction par niveau civique	Baulimit pro Staatsbürgerstufe	Limite de construção por nível cívico	Лимит здания на уровень гражданственности	Limite de Edifícios por Nível Cívico	每個城鎮中心級別的建築限制	市民レベル毎の建設数上限	Yurttaşlık Seviyesine Göre Bina Sınırı	Stavební limit na úroveň občanské výchovy	Limite di costruzione per livello civico
MaxWorkerCount	Conteggio del max lavoratore	Contador Máximo de Trabajadores	最大工人数量	Nombre max de travailleurs	Maximale Arbeiteranzahl	Conde Trabalhador Max	Максимальное количество рабочих	Contagem Máxima de Trabalhadores	最大工人數量	最大ワーカー数	Maksimum Çalışan Sayısı	Maximální počet pracovníků	Conteggio del max lavoratore
ExtraWorkerBonus	Bonus di lavoro extra.	Bono adicional Trabajador	额外工人加成	Bonus travailleurs supp	Bonus durch zusätzliche Arbeiter	Bônus Extra Trabalhador	Бонус за дополнительных рабочих	Bônus de Trabalhador Extra	額外工人加成	特別ワーカーボーナス	Ekstra İşçi Bonusu	Bonus za pracovníka navíc	Bonus di lavoro extra.
RemoveModeAll	Rimuovi tutto	Eliminar todo	全部移除	Tout retirer	Alles entfernen	Apagar tudo	Удалить все	Remover Tudo	全部移除	すべて削除	Hepsini kaldır	Odebrat všechny	Rimuovi tutto
RemoveModeSelected	Rimuovi tipo selezionato	Eliminar tipo seleccionado	移除选定类型	Supprimer la sélection	Entferne ausgewählten Typ	Remover Tipo Selecionado	Удалить выбранный тип	Remover o tipo selecionado	刪除所選類型	選択したタイプを削除	Seçilen Türü Kaldır	Odstraní vybraný typ	Rimuovi tipo selezionato
Cancel	Annulla	Cancelar	取消	Annuler	Abbrechen	Cancelar	Отмена	Cancelar	取消	キャンセル	İptal etmek	Zrušit	Annulla
Locked	Bloccato	Bloqueado	已锁定	Verrouillé	Gesperrt	trancado	Заблокированно	Bloqueado	鎖定	ロック中	Kilitli	Zamčený	Bloccato
Back	Indietro	Retroceder	返回	Retour	Zurück	Retroceder	Назад	Voltar	返回	戻る	Geri	Zpět	Indietro
Begin	Inizio	Empezar	开始	Commencer	Start	Início	Начать	Início	開始	始める	Başlamak	Začít	Inizio
Delete	Elimina	Borrar	删除	Supprimer	Löschen	Apagar tudo	Удалить	Excluir	刪除	削除	Silmek	Vymazat	Elimina
Cost	Costo	Costo	成本	Coût	Kosten	Custo	Цена	Custo	成本	コスト	Maliyet	Náklady	Costo
Show	Spettacolo	Mostrar	显示	Montrer	Zeige	mostrar	Показать	Mostrar	顯示	表示	Göstermek	Ukázat	Spettacolo
Export	Esportare	Exportar	导出	Exporter	Export	Exportar	Экспорт	Exportar	出口	ｴｸｽﾎﾟｰﾄ	İhracat	Vývozní	Esportare
Title	Titolo	Título	标题	Titre	Titel	Título	Название	Título	標題	タイトル	Başlık	Titul	Titolo
Description	Descrizione	Descripción	描述	Description	Beschreibung	Descrição	Описание	Descrição do Bônus	描述	説明	Tanım	Popis	Descrizione
FileId	ID file	ID de Archivo	文件ID	ID fichier Steam	Datei-ID	ID arquivo	ID файла	ID do Arquivo	檔案ID	ファイルID	Dosya Kimliği	ID uživatele	ID file
FileDestination	Destinazione	Ruta destino	位置	Destination	Ziel	Destino	Место назначения	Destino	目的地	保存先	Varış noktası	Destinace	Destinazione
NewFile	Nuovo file	Archivo nuevo	新文件	Nouveau fichier	Neue Datei	Novo arquivo	Новый файл	Novo Arquivo	新檔案	新しいファイル	Yeni dosya	Nový soubor	Nuovo file
Preset	Preimpostato	Preestablecido	预置	Préréglage	Voreinstellung	predefinido	Шаблон	Predefinição	預設	プリセット	Ön ayar	Přednastavení	Preimpostato
WorkshopVisibility	Visibilità	Visibilidad	可见性	Visibilité	Sichtbarkeit	Visibilidade	Видимость	Visibilidade	能見度	公開範囲	Görünürlük	Viditelnost	Visibilità
FileType	Tipo di file	Tipo de Archivo	文件类型	Type de fichier	Dateityp	Tipo de arquivo	Тип файла	Tipo de Arquivo	檔案類型	ファイルタイプ	Dosya tipi	Typ souboru	Tipo di file
FileTypeSaveFile	Salvare il file	Guardar archivo	保存存档	Sauvegarde complète	Datei speichern	Salvar Arquivo	Файл сохранения	Salvar Arquivo	儲存檔案	セーブファイル	Dosyayı kaydet	Uložení souboru	Salvare il file
FileTypeBlueprint	Planimetria	Plano	蓝图	Plan	Vorlage	diagrama	Чертёж	Projeto	藍圖	設計図	Taslak	Plány	Planimetria
FileTypeMapGenSettings	Generatore di mappe	Generador de mapas	地图生成器	Générateur de carte	Kartengenerator	Gerador de mapas	Карта генератор	Gerador de Mapas	地圖生成器	マップジェネレータ	Harita Oluşturucu	Generátor map	Generatore di mappe
FileSourceLocalFiles	File locali	Archivos locales	本地文件	Fichiers locaux	Lokale Dateien	Ficheiros locais	Локальный файл	Arquivos Locais	本地檔案	ローカルファイル	Yerel dosyalar	Místní soubory	File locali
FileSourceWorkshopSubscribed	Workshop sottoscritto	Subscrito en Workshop	已订阅的创意工坊	Objets abonnés	Workshop Abos	oficina Subscrito	Подписка в Мастерской	Oficina Inscritos	已訂閱的工作坊	Steamワークショップ サブスクライブ	Atölyeye Abone Olundu	Workshop Přihlášen	Workshop sottoscritto
FileSourceUserCreatedWorkshopFiles	Workshop caricato	Subido a Workshop	已上传到创意工坊	Objets envoyés	Workshop Eigene	oficina Uploaded	Загрузки в Мастерскую	Oficina Enviada	已上傳到工作坊	Steamワークショップ アップロード済み	Atölye Yüklendi	Workshop nahrán	Workshop caricato
FileSourceBuiltIn	Built-in.	Incorporado	内建的	Intégré	Quellverzeichnis	Construídas em	Вложения	Integrado	內建的	ビルトイン	Dahili	Vestavěný	Built-in.
ExportMethodWorkshop	Workshop.	Taller	创意工坊	Workshop	Workshop	Oficina	Мастерская	Oficina	工作坊	Steamワークショップ	Atölye	Dílna	Workshop.
ExportMethodTextFile	File di testo	Archivo de texto	文本文件	Fichier texte	Textdatei	Arquivo de texto	Текстовый файл	Arquivo de Texto	文字檔案	テキストファイル	Metin dosyası	Textový soubor	File di testo
Image	Immagine	Imagen	图片	Image	Bild	Imagem	Изображение	Imagem	圖片	イメージ	Resim	Obrázek	Immagine
SaveAs	Salva come	Guardar como	另存为	Sauvegarder sous	Speichern als	Guardar Como	Сохранить как	Salvar Como	另存為	名前をつけて保存	Farklı kaydet	Uložit jako	Salva come
LoadFile	Carica file	Cargar archivo	读取文件	Fichier	Datei laden	Carregar Ficheiro	Загрузить файл	Carregar Arquivo	載入檔案	ロードファイル	Dosya yükle	Načíst soubor	Carica file
Loading	Caricamento in corso	Cargando	载入中	Chargement	Wird geladen	Carregando	Загрузка	Carregamento	載入中	ロード中	Yükleniyor	Načítání	Caricamento in corso
Downloading	Download	Descargando	下载中	Téléchargement	Wird heruntergeladen	Baixando	Скачивание	Baixando	下載中	ダウンロード中	İndiriliyor	Stahování	Download
Uploading	Carica	Subiendo	上传中	Envoi	Wird hochgeladen	Enviando	Передача файла	Enviando	上傳中	アップロード中	Yükleniyor	Nahrávání	Carica
OK	Ok	OK	确定	OK	OK	OK	ОК	OK	確定	OK	TAMAM	OK	Ok
FormatStringPackedItem	Pranzo {0}	Empaquetado {0}	打包{0}	{0} emballé	{0} verpackt	Embalado {0}	Упаковано {0}	Empacotado {0}	打包{0}	{0}の梱包	Paketlenmiş {0}	Zabaleno {0}	Pranzo {0}
FormatStringFramerate	{0} fps	{0} fps	{0} fps	{0} FPS	{0} fps	{0} fps	{0} FPS	{0} FPS	{0} fps	{0} fps	{0} fps	{0} fps	{0} fps
None	Nessuna	Ninguno	无	/	Nichts	Nenhum	Ничего	Nenhum	無	無し	Hiçbiri	Žádný	Nessuna
All	Tutto	Todo	所有	Tout	Alle	Tudo	Все	Tudo	全選	全部	Tüm	Všechno	Tutto
Percent	{0}%	{0}%	{0}%	{0}%	{0}%	{0}%	{0}%	{0}%	{0}%	{0}％	%{0}	{0}%	{0}%
IssueCommand	Impartisci comando	Expedir Comando	发出命令	Donner un ordre	Befehl geben	Comando questão	Отдать приказ	Comando de Emissão	發布命令	実行	Verme Komutu	Příkaz	Impartisci comando
Item	Oggetto	Artículo	物品	Objet	Gegenstand	Item	Предмет	Item	物品	アイテム	Öğe	Položka	Oggetto
Category	Categoria	Categoría	分类	Catégorie	Kategorie	Categoria	Категория	Categoria	類別	カテゴリ	Kategori	Kategorie	Categoria
Categories	#N/A	Categorías	类别	Catégories	Kategorien	Categorias	Категории	Categorias	類別	カテゴリー	Kategoriler	Kategorie	#N/A
Value	Valore	Valor	价值	Valeur	Wert	Valor	Значение	Valor	價值	価値	Değer	Hodnota	Valore
Available	Disponibile	Disponible	可用	Disponible	Verfügbar	Disponivel	Доступно	Disponível	可用	利用可能	Mevcut	Dostupný	Disponibile
Inactive	Inattivo	Inactivo	未启用	Inactif	Inaktiv	Inativo	Неактивно	Inativo	未啟用	休止中	Etkin değil	Neaktivní	Inattivo
Inventory	Inventario	Inventario	库存	Stockage	Inventar	Inventário	Инвентарь	Inventário	庫存	インベントリ	Envanter	Inventář	Inventario
ItemFilter	Filtro oggetto	Filtro de artículos	过滤物品	Filtre d'objet	Gegenstandsfilter	Filtra Item	Фильтр предметов	Filtros de Itens	物品過濾器	アイテムフィルター	Öğe Filtreleri	Filtry	Filtro oggetto
AgentFilter	Agente filtri.	Filtros de agente	媒介过滤器	Filtres d'agent	Einheitenfilter	Filtros de agente.	Агент фильтры	Filtros de Agente	媒介過濾器	エージェントフィルター	Ajan Filtreleri	Filtry agenta	Agente filtri.
TrainFilter	Filtro del treno	Filtro de tren	火车过滤器	Filtre de train	Zugfilter	Filtro de trem	Фильтр поезда	Filtro de Trem	火車過濾器	列車フィルター	Tren Filtresi	Vlakový filtr	Filtro del treno
Minecarts	Minecarts.	Vagonetas	矿车	Wagonnets	Loren	MINECARTS.	Minecarts	Carrinhos de Mina	礦車	マインカート	Maden arabaları	Vozy	Minecarts.
Trains	Treni	Trenes	火车	Trains	Züge	Trens.	Поезда	Trens	火車	列車	Trenler	Vlaky	Treni
RailCars	Auto ferroviarie	Vagones	铁路车辆	Wagons de train	Schienenwagen	Carros Rail.	Железнодорожные автомобили	Vagões de Trem	軌道車輛	鉄道車両	Raylı Araçlar	Železniční vozy	Auto ferroviarie
Offset	Compensare	Offset	偏移量	Décalage	Abstand	Deslocamento	Смещение	Deslocamento	偏移量	オフセット	Telafi etmek	kompenzovat	Compensare
ProductionSpeed	Velocità	Velocidad de producción	速度	Vitesse	Geschwindigkeit	Rapidez	Скорость	Velocidade de Produção	生產速度	生産速度	Üretim Hızı	Rychlost výroby	Velocità
WaterIntakeSpeed	Velocità di passaggio acqua	Velocidad de consumo de agua	取水速度	Vitesse d'admission d'eau	Wasseraufnahmegeschwindigkeit	Velocidade ingestão de água	Скорость водозабора	Velocidade de Entrada de Água	進水速度	取水速度	Su Giriş Hızı	Rychlost nasávání vody	Velocità di passaggio acqua
HouseLevelRequired	Richiede livello casa {0}	Requiere nivel de Casa {0}	规定房屋等级{0}	Nécessite une Maison de niveau {0}	Benötigtes Haus Level {0}	Requer Casa Nível {0}	Требуется дом {0} уровня	Requer Nível da Casa {0}	要求房屋級別 {0}	住宅レベルが{0}必要です	{0}. Ev Seviyesi gerektirir	Vyžaduje úroveň domu {0}	Richiede livello casa {0}
PrefVideoOptionFramerateUnlimited	Illimitato	Ilimitado	不限制	Illimité	Unbegrenzt	Ilimitado	Неограничено	Ilimitada	無限	無制限	Sınırsız	Neomezený	Illimitato
ResearchComplete	completata!	¡Completada!	已完成！	Terminé !	Fertig!	Completo!	Исследовано!	Completo!	完成！	完了！	Tamamlamak!	Kompletní!	completata!
MaxBaseLevel	Livello massimo	Máximo nivel	最高等级	Niveau max	Maximale Stufe	Nível máximo	Максимальный уровень	Nível Máximo	最高級別	最大レベル	En üst seviye	Maximální úroveň	Livello massimo
MaxTechLevel	Massimo Livello Tecnologico	Nivel Máximo de Tecnología	最高科技等级	Niveau de technologie maximum	Maximales Maschinenlevel	Nível Max Tech.	Максимальный технический уровень	Nível Tecnológico Máximo	最高技術水平	最大技術レベル	Maksimum Teknoloji Seviyesi	Maximální technická úroveň	Massimo Livello Tecnologico
SwitchStateOn	Sì	Encendido	开	Activé	An	Ligado	Вкл	Ligado	開	オン	Açık	Zapnuto	Sì
SwitchStateOff	No	Apagado	关	Désactivé	Aus	Desligado	Выкл	Desligado	關	オフ	Kapalı	Vypnuto	No
Paused	In pausa	En pausa	已暂停	En pause	Pausiert	pausado	На паузе	Pausado	暫停	一時停止中	Duraklatıldı	Pozastaveno	In pausa
Pause	Pausa	Pausa	暂停	Pause	Pause	Pausa	Пауза	Pausa	暫停	一時停止	Duraklat	Pauza	Pausa
Unpause	Togli pausa	Reanudar	继续	Reprendre	Fortsetzen 	Despausar	Продолжить	Despausar	取消暫停	一時停止を解除	Duraklatmayı kaldır	Odpauzováno	Togli pausa
Done	Fatto	Hecho	完成	Terminé	Erledigt	Feito	Готово	Feito	完成	完了	Tamamlamak	Hotovo	Fatto
Reset	Ripristina	Reiniciar	重置	Réinitialiser	Zurücksetzen	Reset	Сброс	Reiniciar	重設	リセット	Sıfırla	Resetovat	Ripristina
FormattedNumberThousands	K	K	K	K	K	K	К	K	K	K	k	K	K
FormattedNumberMillions	M	M	M	M	Mio	M	М	M	M	M	M	M	M
FormattedNumberBillions	B	B	B	B	Mrd	B	Млрд	B	B	B	B	B	B
Power	Energia	Poder	能量	Énergie	Leistung	Poder	Энергия	Energia	功率	パワー	Güç	Energie	Energia
Production	Produzione	Producción	生产	Production	Produktion	Produção	Производство	Produção	生產	製造	Üretme	Výroba	Produzione
Trigger	grilletto	Activar	触发器	Déclencheur	Auslöser	Desencadear	Датчик	Acionamento	觸發器	トリガー	Tetiklemek	Spouštěč	grilletto
Notification	Notifica	Notificación	通知	Notification	Benachrichtigung	Notificação	Уведомление	Notificação	通知	お知らせ	Bildiri	Oznámení	Notifica
Edit	Modificare	Editar	编辑	Modifier	Bearbeiten	Editar	Редактировать	Editar	編輯	編集	Düzenlemek	Upravit	Modificare
Duplicate	Duplicare	Duplicar	复制	Dupliquer	Duplizieren	Duplicado	Дублировать	Duplicar	複製	複製	#N/A	#N/A	Duplicare
Default	Predefinito	Por defecto	默认	Par défaut	Standard	Padrão	По умолчанию	Padrão	預設	デフォルト	Varsayılan	Výchozí hodnota	Predefinito
ItemsOwned	Articoli di proprietà	Artículos en propiedad	拥有项目	Objets possédés	Gegenstände im Besitz	items Owned	Предметов на складе	Itens de Propriedade	擁有物品	所有アイテム	Sahip olunan öğeler	Vlastněné položky	Articoli di proprietà
ItemsProduced	Articoli prodotti	Artículos producidos	生产项目	Objets produits	Gegenstände produziert	itens produzidos	Произведено предметов	Itens Produzidos	生產物品	生産アイテム	Üretilen Ürünler	Vyráběné položky	Articoli prodotti
ItemsSold	#N/A	Objetos vendidos	出售	Objets vendus	verkaufte Artikel	Itens vendidos	Предметов продано	Itens Vendidos	出售物品	売却アイテム	Satılan Ürünler	Prodané položky	#N/A
Total	Totale	Total	总计	Total	Gesamt	Total	Итог	Total	總計	総計	Toplam	Celkem	Totale
Subtotal	totale parziale	Subtotal	小计	Sous-total	Zwischensumme	Subtotal	Подытог	Subtotal	小計	小計	ara toplam	Mezisoučet	totale parziale
LinkedHouses	Case collegate	Casas vinculadas	已连接房屋	Maisons liées	Verbundene Häuser	Casas vinculadas	Городские дома	Casas Vinculadas	已連接房屋	リンク済みの住宅	Bağlantılı Evler	Propojené domy	Case collegate
Civics	Educazione civica	Ciencia del derecho cívico	城镇学	Instruction civique	Stadtzentren	Educação cívica	Гражданские	Cívica	城鎮學	市政学	Yurttaşlık	Občanská výchova	Educazione civica
ResearchPoints	Punti di ricerca	Puntos de investigación	研究点	Points de recherche	Forschungspunkte	Pontos de pesquisa.	Очки исследований	Pontos de Pesquisa	研究點	研究ポイント	Araştırma Noktaları	Výzkumné body	Punti di ricerca
Status	Stato	Estado	状态	Statut	Status	Status	Положение дел	Status	狀態	ステータス	Durum	Status	Stato
Cargo	Carico	Carga	货物	Cargaison	Ladung	Carga	Грузовик	Carga	貨物	貨物	Kargo	Náklad	Carico
ExperiencePoints	Punti Esperienza	Puntos de Experiencia	经验值	Points d'expérience	Erfahrungspunkte	Pontos de experiência	Очки опыта	Pontos de Experiência	經驗點	経験値	Deneyim puanları	Zkušenostní body	Punti Esperienza
ExperiencePointsShort	XP.	XP	经验值	EXP	XP	XP.	XP.	EXP	經驗點	XP	XP	XP	XP.
Next	Prossimo	Siguiente	下一级	Prochain	Nächster	Próximo	Следующий	Próximo	下一級	次	Sonraki	Další	Prossimo
Max	Max.	Max	最大	Max	Maximaler	Max.	Максимум	Máximo	最高	最大	Maksimum	Max	Max.
Tutorial	Tutorial	Tutorial	教程	Didacticiel	Tutorial	Tutorial	Руководство	Tutorial	教程	チュートリアル	öğretici	Tutorial	Tutorial
Customize	personalizzare	Personalizar	自定义	Personnaliser	Anpassen	Customizar	Настроить	Personalizar	自訂	カスタマイズ	Özelleştirmek	Přizpůsobit	personalizzare
Level	Livello	Nivel	等级	Niveau	Stufe	Nível	Уровень	Nível	等級	レベル	#N/A	#N/A	Livello
Clear	Chiaro	Limpiar	清除	Effacer	Leeren	Claro	Прозрачный	Limpar	清除	クリア	#N/A	#N/A	Chiaro
GuideCategoryItems	Oggetti	Artículos	物品	Objets	Gegenstände	Items	Предметы	Itens	物品	アイテム	Öğeler	Položky	Oggetti
GuideCategoryBuildings	Edifici	Edificios	建筑	Bâtiments	Gebäude	Edifícios	Здания	Edifícios	建築	建物	Binalar	Budovy	Edifici
GuideCategoryRecipes	Progetti	Recetas	配方	Recettes	Rezepte	receitas	Рецепты	Receitas	配方	レシピ	Tarifler	Recepty	Progetti
GuideCategoryUnits	Unità	Unidades	单位	Unités	Einheiten	Unidades	Рабочие	Unidades	單位	ユニット	Birimler	Jednotky	Unità
GuideCategoryProTips	Consigli	Consejos	提示	Conseils	Tipps	dicas	Подсказки	Dicas	提示	ヒント	İpuçları	Tipy	Consigli
GuideCategoryStructures	Strutture	Estructuras	结构	Structures	Konstruktionen	estruturas	Конструкции	Estruturas	結構	構造物	Yapılar	Konstrukce	Strutture
GuideCategoryTutorialMaps	Mappe tutorial	Mapas de Tutoriales	教程地图	Cartes tutorielles	Tutorial Karten	Mapas Tutorial	Обучающие карты	Mapas de Tutoriais	教程地圖	チュートリアルマップ	Öğretici Haritalar	Tutoriálové mapy	Mappe tutorial
PlayerActionModeSelect	Seleziona	Seleccionar	选择	Sélectionner	Auswählen	selecionar	Выбрать	Selecionar	選擇	選択	Seçme	Vybrat	Seleziona
PlayerActionModeBuild	Costruzione	Construir	建造	Construire	Bauen	Construir	Строительство	Construir	建造	建設	İnşa etmek	Stavět	Costruzione
PlayerActionModeResearch	Ricerca	Investigación	研究	Recherche	Forschen	Pesquisa	Исследования	Pesquisa	研究	研究	Araştırma	Výzkum	Ricerca
PlayerActionModeEconomy	Beni	Bienes	商品	Biens	Waren	Economia	Товары	Bens	商品	商品	Mal	Zboží	Beni
PlayerActionModeInventory	Inventario condiviso	Inventario compartido	共享库存	Stockage partagé	Geteiltes Inventar	Inventario Partilhado	Общий инвентарь	Inventário Compartilhado	共享庫存	共有インベントリ	Paylaşılan Envanter	Sdílený inventář	Inventario condiviso
PlayerActionModeMenu	Menu	Menú	菜单	Menu	Menü	Menu	Меню	Menu	選單	メニュー	Menü	Menu	Menu
PlayerActionModeRemove	Rimuovi blocchi	Eliminar bloques	移除	Retirer blocs	Blöcke entfernen	Remover Blocos	Удалить блоки	Remover blocos	移除塊	ブロック削除	Blokları Kaldır	Odstranit bloky	Rimuovi blocchi
PlayerActionModeWorkers	Panoramica lavoratore	Panel de Trabajadores	工人总览	Vue d'ensemble des Travailleurs	Arbeiterübersicht	Vista do trabalhador	Рабочие	Visão Geral do Trabalhador	工人概覽	ワーカーの状態	Çalışana Genel Bakış	Přehled pracovníků.	Panoramica lavoratore
PlayerActionModePause	Pausa	Pausa	暂停	Pause	Pause	Pausa	Пауза	Pausar	暫停	一時停止	Duraklat	Pauza	Pausa
PlayerActionModeUnpause	Togli pausa	Continuar	恢复	Reprendre	Weiter	Unpause	Возобновить	Despausar	取消暫停	一時停止解除	Duraklatmayı kaldır	Konec pauzy	Togli pausa
PlayerActionModeProduction	Produzione	Producción	生产	Production	Produktion	Produção	Производство	Produção	生產	生産状況	Üretme	Výroba	Produzione
PlayerActionModeGoodsSupply	Fornitura dei beni	Suministro	货源	Approvisionnement	Warenversorgung	artigos Fornecimento	Поставка Товаров	Suprimento	供應	供給状況	Tedarik	Zásobování	Fornitura dei beni
PlayerActionModeWorldData	Dati del mondo	Datos Mundiales	世界数据	Données du monde	Weltdaten	dados mundo	Данные Мира	Dados Mundiais	世界數據	ワールドデータ	Dünya Verileri	Světová data	Dati del mondo
PlayerActionModeShowIdleWorkers	Mostra i lavoratori inattivi	Mostrar trabajadores desocupados	显示空闲人员	Montrer les Travailleurs inoccupés	Zeigt untätige Arbeiter	Mostrar Trabalhadores inativos	Показать незанятых рабочих	Mostrar Trabalhadores Ociosos	顯示閑置工人	暇にしているワーカーを表示します	Boş Çalışanları Göster	Zobrazit nečinné pracovníky	Mostra i lavoratori inattivi
PlayerActionModeSetAxisXY	Imposta l'asse XY	Establecer Eje XY	设置XY轴	Définir l'axe XY	Setze Achse XY	Ajusta o eixo XY	Установить ось XY	Definir eixo XY	設置XY軸	XY方向にセット	Eksen XY'yi Ayarla	Nastavit osu xy.	Imposta l'asse XY
PlayerActionModeSetAxisXZ	Imposta l'asse XZ	Establecer Eje XZ	设置XZ轴	Définir l'axe XZ	Setze Achse XZ	Set Axis XZ	Установить ось XZ	Definir eixo XZ	設置XZ軸	XZ方向にセット	Eksen XZ'yi Ayarla	Nastavit osu Xz.	Imposta l'asse XZ
PlayerActionModeSetAxisYZ	Imposta l'asse YZ	Establecer Eje YZ	设置YZ轴	Définir l'axe YZ	Setze Achse YZ	Ajusta o eixo YZ	Установить ось YZ	Definir eixo YZ	設置YZ軸	YZ方向にセット	YZ Eksenini Ayarla	Nastavit osu Yz.	Imposta l'asse YZ
ItemDescriptionAirship	Un congegno volante che porta un sacco di merci attraverso l'aria	Un artefacto volador que lleva un montón de productos por el aire	一种能在空中携带大量货物的飞行装置	Un engin volant transportant beaucoup de marchandises par voie aérienne.	Ein Flugfahrzeug, das sehr viele Gegenstände transportiert.	A engenhoca voadora que carrega lotes de mercadorias através do ar		Uma engenhoca voadora que transporta muitas mercadorias pelo ar	一種能在空中攜帶大量貨物的飛行裝置	空を飛んでたくさんの荷物を運ぶことができる機械です。	Birçok malı havada taşıyan uçan bir mekanizma	Létající zařízení, které vzduchem přepravuje spoustu zboží	Un congegno volante che porta un sacco di merci attraverso l'aria
ItemDescriptionMana	Un frammento cristallino che contiene essenza magica	Un fragmento cristalino que contiene esencia mágica	蕴含魔力精华的水晶碎片	Un fragment cristallin contenant de l'essence magique.	Eine kristalline Scherbe gefüllt mit magischer Essenz	Um fragmento cristalino que contém essência mágica	Осколки кристаллов, содержащие магическую эссенцию	Um fragmento cristalino que contém essência mágica	含有魔法精華的結晶碎片	魔法の精気を含んだ結晶片	Büyülü öz içeren kristal bir parça	Krystalický střep, který obsahuje magickou esenci	Un frammento cristallino che contiene essenza magica
ItemDescriptionShard	essenza elementale distillata	Un fragmento cristalino que contiene esencia elemental	蒸馏元素精华	Une essence élémentaire distillée.	Eine kristalline Scherbe gefüllt mit elementarer Essenz	Essência elemental destilada	Очищенная эссенция стихии	Essência Elemental destilada	蒸餾元素精華	蒸留された元素の精気	Damıtılmış element özü 	Destilovaná elementární esence	essenza elementale distillata
ItemDescriptionPurifiedMana	Un cristallo solido caricato con potere magico	Un cristal sólido cargado con poder mágico	充满能量的固态水晶	Un cristal solide chargé d'énergie magique.	Ein fester Kristall geladen mit magischer Kraft	Um cristal sólido carregada com poder mágico	Кристалл, заряженный с помощью магической энергии	Um Cristal sólido carregado com Poder Mágico	充滿魔法能量的固態結晶	魔力を帯びた結晶	Büyülü güçle yüklü sağlam bir kristal	Pevný krystal nabitý magickou silou	Un cristallo solido caricato con potere magico
ItemDescriptionPurifiedCrystal	Un cristallo solido addebitato potere elementale	Un cristal sólido cargado con poder elemental	充满元素能量的固态水晶	Un cristal solide chargé d'énergie élémentaire.	Ein fester Kristall geladen mit elementarer Kraft	Um cristal sólido carregado de poder elemental	Кристалл заряженный энергией стихии	Um Cristal sólido carregado com Poder Elemental	充滿元素能量的固態結晶	元素の力を帯びた結晶	Katı kristal yüklü bir element gücü	Pevný krystal nabitý elementární silou	Un cristallo solido addebitato potere elementale
ItemDescriptionDepletedMana	Un cristallo magico che ha esaurito la sua potenza e deve essere ricaricata	Un cristal mágico que ha agotado su energía y necesita ser recargado	已经耗尽能量的魔力水晶，需要重新充能	Un cristal magique qui a épuisé son énergie et qui doit être rechargé.	Ein magischer Kristall dessen Kraft erschöpft ist und Aufladung benötigt	Um cristal mágico que esgotou o seu poder e precisa ser recarregado	Магический кристалл, который исчерпал энергию и нуждается в подзарядке	Um Cristal Mágico que esgotou sua energia e precisa ser recarregado	已經耗盡能量需要充能的魔法結晶	持てる力を使い果たしたマナ結晶。魔力を再チャージすることができます。	Gücü tükenmiş ve yeniden doldurulması gereken büyülü bir kristal	Magický krystal, který vyčerpal svou sílu a potřebuje dobít	Un cristallo magico che ha esaurito la sua potenza e deve essere ricaricata
ItemDescriptionDepletedCrystal	Un cristallo elementale che ha esaurito il suo potere e ha bisogno di essere ricaricata	Un cristal elemental que ha agotado su poder y necesita ser recargado	已经耗尽能量的元素水晶，需要重新充能	Un cristal élémentaire qui a épuisé son énergie et qui doit être rechargé.	Ein elementarer Kristall dessen Kraft erschöpft ist und Aufladung benötigt	Um cristal elemental que esgotou o seu poder e precisa ser recarregado	Кристалл стихии, который исчерпал свою силу и нуждается в подзарядке	Um Cristal Elemental que esgotou sua energia e precisa ser recarregado	已經耗盡能量需要充能的元素結晶	持てる力を使い果たした元素の結晶。魔力を再チャージすることができます。	Gücü tükenmiş ve yeniden doldurulması gereken bir element kristali	Elementární krystal, který vyčerpal svou sílu a potřebuje dobít	Un cristallo elementale che ha esaurito il suo potere e ha bisogno di essere ricaricata
ItemDescriptionElementalOre	Contiene potere elementale prime che possono essere trasformati in forme più potenti	Contiene poder elemental en bruto que puede ser procesado en formas más potentes	包含可以加工成更强大形式的原始元素力量	Contient de l'énergie élémentaire brute qui peut être transformée en énergie.	Enthält roh-elementare Kraft, die zu leistungsfähigeren Varianten verarbeitet werden kann	Contém poder elemental cru que pode ser transformado em formas mais poderosas	Содержит первичную энергию стихии, которая может быть преобразована в более мощные формы	Contém poder Elemental bruto que pode ser processado em formas mais poderosas	包含可以加工成更強大形式的原始元素力量	未精錬の元素エネルギーを含んでいます。より強力な形に加工することができます。	Daha güçlü formlara işlenebilecek ham element gücü içerir	Obsahuje surovou elementární sílu, kterou lze zpracovat do silnějších forem	Contiene potere elementale prime che possono essere trasformati in forme più potenti
ItemDescriptionCurrency	Ottenute vendendo beni ai mercati e alle case, sono utili per la ricerca e per i vari progetti di produzione	Obtenido mediante la venta de bienes a las casas, se utiliza para la construcción de edificios y para la investigación	销售商品给住宅可以获得货币，用于建造建筑以及科技研究	Gagnées en vendant des marchandises aux Marchés et aux Maisons, utilisé pour la recherche et différentes recettes de production.	Durch Verkauf von Waren an Märkte und Häuser verdiente Währung; wird benötigt für Forschung und verschiedene Rezepte	Ganho com a venda de produtos para casas, usadas para a construção de edifícios e realização de pesquisas	Зарабатываются продажей товаров в Дома и используются для строительства зданий и проведения исследований	Ganho com a venda de mercadorias em mercados e casas, usado para pesquisa e várias receitas de produção	通過向市場和房屋出售商品獲得，用於研究和各種生產配方	研究や様々な製造レシピに使用します。商品を市場や住宅に販売することで獲得できます。	Marketlere ve Evlere mal satarak kazanılır, araştırma ve çeşitli üretim tarifleri için kullanılır	Vydělané prodejem zboží v obchodech a domech, používané pro výzkum a různé výrobní receptury	Ottenute vendendo beni ai mercati e alle case, sono utili per la ricerca e per i vari progetti di produzione
ItemDescriptionPastureUpgrade	Aumenta la velocità di produzione pascolo da {0}	Aumenta la velocidad de producción de los pastos por {0}	提升{0}的畜栏生产速度	Augmente la vitesse de production des paturages de {0}.	Erhöht den Produktionsgeschwindigkeit der Weide um {0}	Aumenta a velocidade de produção do pasto por {0}	Увеличивает скорость производства пастбищ на {0}	Aumenta a velocidade de produção do pasto em {0}	牧場生產速度提高 {0}	牧場の生産速度を{0}増加させます	Mera üretim hızını {0} artırır	Zvyšuje rychlost produkce pastvin o {0}	Aumenta la velocità di produzione pascolo da {0}
ItemDescriptionHouseUpgrade	Aumenta la capacità della popolazione e la domanda di oggetti a mercati vicini	Aumenta la capacidad de la población y acelera el consumo de mercancías por {0}	增加人口上限并加速商品消耗速度{0}	Augmente la capacité de population.	Erhöht Bevölkerungslimit	Aumenta a capacidade de população e acelera o consumo de bens por {0}	Увеличивает численность населения и спрос на товары на близлежащих рынках	Aumenta a capacidade da população	增加人口容量	人口の上限を増加させます。	Nüfus kapasitesini artırır	Zvyšuje kapacitu populace	Aumenta la capacità della popolazione e la domanda di oggetti a mercati vicini
ItemDescriptionOmnistoneUpgrade	Aumenta la velocità di produzione da {0}	Aumenta la velocidad de producción por {0}	提升{0}的生产速度	Augmente la vitesse de production de {0}.	Erhöht Produktionsgeschwindigkeit um {0}	Aumenta a velocidade de produção por {0}	Увеличивает скорость производства на {0}	Aumenta a velocidade de produção em {0}	生產速度提高 {0}	生産速度が{0}増加します	Üretim hızını {0} artırır	Zvyšuje rychlost výroby o {0}	Aumenta la velocità di produzione da {0}
ItemDescriptionBarnUpgrade	Aumenta la capacità di deposito	Aumenta la capacidad de almacenamiento	增加储存容量	Augmente la capacité de stockage	Lagerkapazität erhöhen	Aumenta a capacidade de armazenamento	Увеличивает вместимость склада	Aumenta a capacidade de armazenamento	增加儲存容量	倉庫の容量を増やします	Depolama kapasitesini artırır	Zvyšuje kapacitu skladování	Aumenta la capacità di deposito
ItemDescriptionBaseUpgrade	Aumenta il numero massimo di case e la capacità di deposito locale	Aumenta el número máximo de viviendas, así como capacidad de almacenamiento local	增加房屋的最大数量以及本地储存容量	Augmente le nombre maximum de Maisons ainsi que la capacité de stockage locale.	Erhöht die maximale Häuseranzahl, sowie den Lagerplatz	Aumenta número máximo de casas, bem como capacidade de armazenamento local	Увеличивает лимит Домов, а также ёмкость хранилища	Aumenta a distância máxima da borda, permitindo que mais edifícios se beneficiem dos bônus de cidade	增加房屋的最大數量以及本地儲存容量	住宅上限とローカルストレージの容量を増やします	Maksimum sınır mesafesini artırarak daha fazla binanın kasaba bonuslarından faydalanmasını sağlar	Zvyšuje maximální počet domů a také místní skladovací kapacitu	Aumenta il numero massimo di case e la capacità di deposito locale
ItemDescriptionAnimalFeed	Adatto a nutrire gli animali al pascolo	Adecuado para alimentar animales en los pastos	可用于喂食畜栏内的动物	Convient pour nourrir les animaux au pâturage.	Geeignet zur Tierfütterung auf der Weide	Adequado para alimentar animais no pasto	Подходит для кормления животных на пастбище	Adequado para alimentar os animais no pasto	適合在牧場餵養動物	牧場で動物を飼育するのに適しています	Meradaki hayvanları beslemek için uygundur	Vhodné pro krmení zvířat na pastvině	Adatto a nutrire gli animali al pascolo
ItemDescriptionApple	Una succosa mela rossa	Una jugosa manzana roja	多汁的红苹果	Une pomme rouge juteuse.	Ein saftiger roter Apfel	Uma suculenta maçã vermelha	Сочное красное яблоко	Uma suculenta Maçã Vermelha	一個多汁的紅蘋果	ジューシーな赤いりんご	Sulu bir kırmızı elma	Šťavnaté červené jablko	Una succosa mela rossa
ItemDescriptionBandage	Un semplice panno per curare le ferite	Una venda simple de tela para curar heridas	用于包扎伤口的简单布条	Un simple morceau de tissu pour guérir les blessures.	Ein einfaches Tuch um Wunden zu heilen	Um simples envoltório de pano para curar feridas	Простая ткань для перебинтовки и ускорения заживления ран	Um simples envoltório de tecido para curar feridas	一個簡單的布包來治癒傷口	傷を癒すシンプルな包帯	Yaraları iyileştirmek için basit bir bez sargısı	Jednoduchý hadříkový zábal k léčení ran	Un semplice panno per curare le ferite
ItemDescriptionBread	Una pagnotta di pane caldo	Un pan caliente	热乎的面包	Une miche de pain chaude.	Ein warmer Brotlaib	Um pão quentinho	Горячий хлеб	Um pão quentinho	一個熱麵包	出来たてのパン	Sıcak bir ekmek somunu	Teplý bochník chleba	Una pagnotta di pane caldo
ItemDescriptionBook	Fornisce una grande quantità di rifornimenti di scrittura per le ricette di ricerca Scuola	Provee una gran cantidad de Recursos de Escritura para la investigación en la Escuela	给学校的研究配方提供大量的书写补给品	Fournit une grande quantité de Matériel d'écriture pour les recettes de recherche de l'École.	Bietet eine große Anzahl an Schreibwaren zur Forschung in der Schule	Fornece uma grande quantidade de materiais de escrita para receitas de pesquisa escolar	Обеспечивает Школу большим количеством письменных принадлежностей	Fornece uma grande quantidade de receitas de pesquisa de material de escrita para escolas	為學校研究配方提供大量寫作用品	学校での研究に使用する筆記用具を大量に提供します	Okul araştırma tarifleri için büyük miktarda Yazı Malzemeleri sağlar	Poskytuje velké množství psacích potřeb pro recepty školního výzkumu	Fornisce una grande quantità di rifornimenti di scrittura per le ricette di ricerca Scuola
ItemDescriptionBoxcar	Auto ferroviaria che può trasportare grandi quantità di merci.	Vagón de ferrocarril que pueden transportar grandes cantidades de mercancías. Sólo se puede cargar y descargar en una parada de tren.	可以运输大量货物的轨道车。	Wagon pouvant transporter de grandes quantités de marchandises.	Schienenfahrzeug, die großen Mengen von Waren transportieren kann.	vagão que pode transportar grandes quantidades de mercadorias. só pode carregar e descarregar em uma parada de trem.	Вагон, который может перевозить большое количество товаров	Vagão ferroviário que pode transportar grandes quantidades de mercadorias. 	可以運輸大量貨物的軌道車。	大量の荷物を運ぶことができる鉄道車両	Büyük miktarlarda mal taşıyabilen demiryolu vagonu. 	Železniční vůz, který může přepravovat velké množství zboží.	Auto ferroviaria che può trasportare grandi quantità di merci.
ItemDescriptionButter	Utilizzato in molte ricette di specialità da forno	Usado en varias recetas especializadas de horneado 	在很多特殊的烘焙配方中都会用到	Utilisé dans plusieurs recettes de pâtisserie spécialisées.	Verwendet in vielen speziellen Backrezepten	Usado em muitas receitas de panificação especializadas	Используется во многих рецептах выпечки	Usado em muitas receitas especiais de panificação	用於許多專業烘焙配方	多くのベーキングレシピで使用されます	Birçok özel pişirme tarifinde kullanılır	Používá se v mnoha speciálních receptech na pečení	Utilizzato in molte ricette di specialità da forno
ItemDescriptionCake	Una torta di farina di base	Una torta básica de harina	一个基础的蛋糕	Un gâteau à la farine rudimentaire.	Ein einfacher Kuchen	Um bolo básico de farinha	Мучной пирог	Um bolo básico de farinha	一塊基本的蛋糕	基本の小麦粉ケーキ	Temel bir un keki	Základní dort z mouky	Una torta di farina di base
ItemDescriptionCaravan	Un forte veicolo di grande capacità	Un vehículo fuerte de alta capacidad	兼具牢固和大容量车辆	Un véhicule massif de grande capacité.	Ein starkes leistungsfähiges Fahrzeug	Um forte veículo de alta capacidade	Крепкая и вместительная повозка	Um veículo forte e de alta capacidade	強大的大容量車輛	たくさんの貨物を運ぶことができる車両	Güçlü, yüksek kapasiteli bir araç	Silné velkokapacitní vozidlo	Un forte veicolo di grande capacità
ItemDescriptionCargoBoat	Una barca ad alta capacità che può trasportare molti oggetti	Un bote de alta capacidad que puede cargar muchos articulos	可以运输大量物品大容量的船只	Un bateau de grande capacité pouvant transporter de nombreux objets.	Ein leistungsfähiges Boot das viele Gegenstände tragen kann	Um barco de alta capacidade que pode levar muitos itens	Вместительная лодка, которая может перевозить много предметов	Um navio de alta capacidade que pode transportar muitos itens	可以攜帶許多物品的大容量船	たくさんの貨物を運ぶことができる大容量ボート	Birçok eşyayı taşıyabilen yüksek kapasiteli bir tekne	Velkokapacitní loď, která uveze mnoho předmětů	Una barca ad alta capacità che può trasportare molti oggetti
ItemDescriptionCheese	Un pezzo di formaggio	Un pedazo de queso	一块奶酪	Un morceau de fromage.	Ein Stück Käse	Um pedaço de queijo	Кусок сыра	Um pedaço de queijo	一塊起司	チーズの塊	Bir parça peynir	Kus sýra	Un pezzo di formaggio
ItemDescriptionCloth	Un bullone di tessuto che può essere usato per fare i vestiti	Un rollo de tela que se puede utilizar para hacer ropa	可用来做衣服的一卷布	Un rouleau de tissu qui peut être utilisé pour fabriquer des vêtements.	Ein Ballen aus Stoff, der zu Kleidern gefertigt werden kann	Um pedaço de tecido que pode ser usado para fazer roupas	Рулон ткани, из которого можно сделать одежду	Um pedaço de tecido que pode ser usado para fazer roupas	可以用來做衣服的一塊布	衣服の原料となる布地	Giysi yapımında kullanılabilecek bir kumaş parçası	Svazek látky, který lze použít k výrobě oblečení	Un bullone di tessuto che può essere usato per fare i vestiti
ItemDescriptionCoal	Fornisce combustibile per eventuali costruzioni che lo richiedono	Provee combustible para cualquier edificio que lo requiera	为需要的建筑提供燃料	Fournit du carburant pour les bâtiments qui en ont besoin.	Bietet Kraftstoff für alle Gebäude die es brauchen	Fornece combustível para quaisquer edifícios que necessitem	Обеспечивает топливом любые здания, в которых оно требуется	Fornece combustível para todos os edifícios que precisam dele	為任何需要燃料的建築提供燃料	熱源を必要とする建物に燃料として供給されます	İhtiyaç duyan tüm binalara yakıt sağlar	Poskytuje palivo pro všechny budovy, které to vyžadují	Fornisce combustibile per eventuali costruzioni che lo richiedono
ItemDescriptionConveyorBelt	trasporta automaticamente gli elementi attraverso la città. Può essere attaccato direttamente alla costruzione di uscita	Automáticamente transporta artículos a través de la ciudad. Se puede acoplar directamente a la salida de un edificio	用于自动运输物品，可以与建筑的产出口相连接	Transporte automatiquement les objets à travers la ville. Peut être relié directement à la sortie d'un bâtiment.	Transportiert automatisch Gegenstände durch die Stadt und kann an die Produktionsgebäude angeschlossen werden	Transporta itens automaticamente pela cidade. Pode ser anexado diretamente à saída do edifício	Автоматически перемещает предметы по городу. Можно стыковать непосредственно к выходу здания	Transporta automaticamente itens pela cidade. Pode ser anexado diretamente à saída do edifício	通過城鎮自動運送物品。 可以直接附加到建築輸出	自動的にアイテムを移動させます。建物の出力口に直接取り付けることができます。	Öğeleri kasabanın içinde otomatik olarak taşır. Doğrudan bina çıkışına takılabilir	Automaticky přepravuje předměty po městě. Lze připojit přímo k výstupu budovy	trasporta automaticamente gli elementi attraverso la città. Può essere attaccato direttamente alla costruzione di uscita
ItemDescriptionCookedBeef	Una bistecca alla griglia	Un filete a la parrilla	一块烤牛排	Un steak grillé.	Ein gegrilltes Steak	Um bife grelhado	Стейк	Um Bife Grelhado	一塊烤牛排	グリルされた牛肉	Izgara biftek	Grilovaný steak	Una bistecca alla griglia
ItemDescriptionElixer	Una fiala di potenti liquido magico che può guarire miracolosamente le condizioni di salute gravi	Un frasco de líquido mágico poderoso que puede curar condiciones médicas graves milagrosamente	一小瓶可以神奇地治愈严重的伤口的魔法药水	Un flacon contenant un puissant liquide magique capable de guérir miraculeusement les graves problèmes de santé.	Ein Fläschchen mit mächtiger magischer Flüssigkeit, die wie durch ein Wunder schwere gesundheitliche Bedingungen heilen kann	Um frasco com um poderoso líquido mágico que pode curar milagrosamente problemas de saúde graves	Флакон с магической жидкостью, которая может вылечить тяжелые заболевания	Um frasco de um poderoso líquido mágico que pode curar milagrosamente graves problemas de saúde	一瓶強大的魔法液體，可以奇蹟般地治愈嚴重的健康狀況	奇跡的に病気を治すことができる、強力な魔法の水薬	Ağır sağlık koşullarını mucizevi bir şekilde iyileştirebilen güçlü, sihirli bir sıvı içeren bir şişe	Lahvička se silnou magickou tekutinou, která dokáže zázračně vyléčit těžké zdravotní stavy	Una fiala di potenti liquido magico che può guarire miracolosamente le condizioni di salute gravi
ItemDescriptionEnchantedBook	Un tomo pesante che fornisce una quantità enorme di rifornimenti di scrittura per le ricette di ricerca Scuola	Un gran tomo que provee de una enorme cantidad de Suministros de Escritura para recetas de investigación en Escuelas	厚重的书本，可以给学校的研究配方提供巨量的书写补给品	Un livre volumineux qui fournit une énorme quantité de Matériel d'écriture pour les recettes de recherche à l'École.	Ein mächtiges Nachschlagewerk, welches riesige Mengen an Material für die Forschung bereit hält	Um volume robusto que fornece uma enorme quantidade de materiais de escrita para receitas de pesquisa escolar	Увесистая книга, содержащая огромное количество письменных принадлежностей для Школы	Um Tomo robusto que fornece uma grande quantidade de receitas de pesquisa sobre materiais de escrita para a escola	一本厚寶典，為學校研究配方提供了大量的寫作用品	学校での研究に使用する筆記用具を膨大に提供します	Okul araştırma tarifleri için çok miktarda Yazı Malzemeleri sağlayan iri bir cilt	Mohutný svazek, který poskytuje obrovské množství receptů na psaní školních pomůcek	Un tomo pesante che fornisce una quantità enorme di rifornimenti di scrittura per le ricette di ricerca Scuola
ItemDescriptionEnchantedIronPlate	Un mattone di pietra intrisa di energia magica, usata per la costruzione di molti edifici magici	Un ladrillo de piedra imbuido con energía mágica, usado para construir varios edificios mágicos	有魔力注入的石块，可以用来建造各种魔力建筑	Une brique de pierre imprégnée d'énergie magique, utilisée pour la construction de nombreux bâtiments magiques.	Ein magischer Ziegelstein für den Bau der verzaubertsten Gebäude	Um tijolo de pedra imbuído de energia mágica, usado para construir muitos edifícios mágicos	Каменный кирпич, пропитанный магической энергией, который используется для строительства многих магических зданий	Um Tijolo de Pedra imbuído de energia mágica, usado para a construção de muitos edifícios mágicos	一種充滿魔力的石磚，用於建造許多魔法建築	マナエネルギーを注ぎ込んだ石レンガ	Birçok sihirli binanın inşasında kullanılan, sihirli enerjiyle dolu bir taş tuğla	Kamenná cihla prodchnutá magickou energií, používaná pro stavbu mnoha magických budov	Un mattone di pietra intrisa di energia magica, usata per la costruzione di molti edifici magici
ItemDescriptionFertilizer	Prodotto da Pascolo, usato per fare Farm Piastrelle e la crescita delle colture velocità	Producido por los Pastos, usado para crear Bloques de Granja y aumentar el crecimiento de cultivos	由牧场生产，用于建造农场地块并提高作物生长速度	Produit par le Pâturage, utilisé pour fabriquer des Tuiles de ferme et accélérer la croissance des cultures.	Produziert auf der Weide und dient auf dem Feld zur wachstumsbeschleunigung	Produzido pela Pasture, usado para fazer peças de fazenda e acelerar o crescimento da colheita	Производится на Пастбище и используется на Полях Фермы для ускорения роста растений	Produzido no Pasto, usado para fazer Terreno Cultivado e acelerar o crescimento das culturas	由牧場生產，用於製作農地和加速作物生長	牧場で生産されます。農業タイルに撒くことで作物の成長を促進します。	Mera tarafından üretilir, Çiftlik Kiremitleri yapmak ve mahsul büyümesini hızlandırmak için kullanılır	Vyrábí Pastinu, která se používá k výrobě farmářských dlaždic a urychluje růst plodin	Prodotto da Pascolo, usato per fare Farm Piastrelle e la crescita delle colture velocità
ItemDescriptionFlour	Prodotto in Grano Mulino	Producido en el Molino de Grano	由磨坊生产	Produit par le Moulin.	Hergestellt in der Getreidemühle	Produzido em Moinho de Grãos	Производится на Мельнице	Produzido em Moinho de Grãos	在食品工坊生產	製粉所で生産されます	Tahıl Değirmeninde Üretildi	Vyrobený v obilném mlýně	Prodotto in Grano Mulino
ItemDescriptionHopperCar	Auto ferroviaria che può trasportare quantità molto grandi di carbone, minerali, grani e altri merci alla rinfusa granulare.	Vagón de ferrocarril que puede transportar grandes cantidades de carbón, minerales, cereales, y otras cargas en bruto. Sólo se puede cargar y descargar en una parada de tren.	轨道车，可以运送非常大量的煤炭，矿石，粮食，等颗粒状散装货物。只能在火车站站加载和卸载。	Wagon pouvant transporter de très grandes quantités de charbon, de minerais, de céréales et d'autres marchandises granulaires en vrac.	Schienenfahrzeug, die sehr große Mengen an Kohle, Erz, Getreide und andere körnige Schüttgüter transportieren kann.	vagão que pode transportar grandes quantidades de carvão, minérios, grãos e outras cargas granular granel. só pode carregar e descarregar em uma parada de trem.	Вагон, который может перевозить большое количество угля, руды, зерна и других сыпучих грузов	Vagão ferroviário que pode transportar quantidades muito grandes de carvão, minérios, grãos e outras cargas granulares a granel. 	可以運輸大量煤炭、礦石、穀物和其他顆粒狀散裝貨物的軌道車。	石炭、鉱石、穀物などのばら積み貨物を大量に輸送することができる鉄道車両	Çok büyük miktarlarda kömür, cevher, tahıl ve diğer taneli dökme yükleri taşıyabilen demiryolu vagonu. 	Železniční vůz může přepravovat velmi velké množství uhlí, rud, obilí a jiného sypkého nákladu.	Auto ferroviaria che può trasportare quantità molto grandi di carbone, minerali, grani e altri merci alla rinfusa granulare.
ItemDescriptionLeather	Prodotto da Pascolo	Producido por los Pastos	由牧场生产	Produit par le Pâturage.	Produziert von der Weide	Produzido por Pasto	Производится на Пастбище	Produzido por Pasto	由牧場生產	牧場で生産されます	Mera tarafından üretilmiştir	Vytvořené pastvinami	Prodotto da Pascolo
ItemDescriptionMagma	Un secchio di bollente lava incandescente	Un balde de lava caliente	一桶沸腾的岩浆	Un seau de lave bouillante.	Ein Bottich mit kochend heißer Lava	Um balde de lava fervente	Емкость с кипящей лавой	Um balde de lava fervente	一桶沸騰的岩漿	煮えたぎる溶岩のバケツ	Bir kova kaynayan sıcak lav	Kbelík vroucí horké lávy	Un secchio di bollente lava incandescente
ItemDescriptionManaPipe	Un condotto eterea che permette potere magico da trasmettere agli edifici	Un conducto etéreo que permite que el poder mágico se transmita a los edificios	一种超然的导体可使魔力能量输入进建筑中	Un conduit éthéré qui permet d'envoyer la puissance magique aux bâtiments.	Eine Ätherleitung, die magische Energie an Gebäude überträgt	Um canal etéreo que permite que o poder mágico seja transmitido aos edifícios	Трубопровод, позволяющий передавать магическую энергию между зданиями	Um conduíte etéreo que permite que o poder mágico seja transmitido aos edifícios	可以將魔力傳輸到建築的空靈管道	魔法の力を建物に伝えることができるパイプ	Büyü gücünün binalara iletilmesine izin veren ruhani bir kanal	Éterické vedení, které umožňuje přenášet magickou sílu do budov	Un condotto eterea che permette potere magico da trasmettere agli edifici
ItemDescriptionManaPipeItem	Qualsiasi elemento trasferiti tramite Mana tubo dei consumatori	Cualquier artículo transferido vía Consumidores de Tuberias de Mana	通过魔力管道传送的物品	Tout objet transféré par un Connecteur de tuyau de mana.	Gegenstand, der per Manarohr übertragbar ist	Qualquer item transferido via Mana Pipe Consumer	Любой предмет передающийся по сети Манопровода	Qualquer item transferido via Tudo de Mana	通過魔力管道轉移任何物品	マナパイプの利用者へ向けて転送されたアイテム	Mana Pipe Tüketici aracılığıyla aktarılan herhangi bir öğe	Jakákoli položka přenesená prostřednictvím Mana trubek	Qualsiasi elemento trasferiti tramite Mana tubo dei consumatori
ItemDescriptionMilk	Un barattolo di latte	Una jarra de leche	一罐牛奶	Une cruche de Lait.	Ein Glas Milch	Um pote de leite	Банка молока	Um frasco de Leite	一罐牛奶	ミルクの瓶	Bir kavanoz Süt	Sklenice mléka	Un barattolo di latte
ItemDescriptionMagicRobe	Una veste di lusso con un essenza magica	Una lujosa túnica con esencia mágica	附有魔力精华的豪华袍子	Une robe de luxe avec une essence magique.	Eine Luxusrobe mit magischer Eigenschaft	Um manto luxuoso com uma essência mágica	Роскошная мантия с магическими свойствами	Um Roupão Luxuoso com uma essência mágica	蘊含魔力的華貴長袍	魔法の精気を織り込んだ豪華なローブ	Büyülü bir öze sahip lüks bir bornoz	Luxusní róba s magickou esencí	Una veste di lusso con un essenza magica
ItemDescriptionNothing	Un filtro che esclude tutti gli articoli	Un filtro que excluye todos los artículos	排除所有项目的过滤器	Un filtre qui exclu tous les objets.	Ein Filter, der alle Artikel ausschließt	Um filtro que exclua todos os itens		Um filtro que exclui todos os itens	排除所有物品的過濾器	すべての項目を除外するフィルタ	Tüm öğeleri hariç tutan bir filtre	Filtr, který vyloučí všechny položky	Un filtro che esclude tutti gli articoli
ItemDescriptionOmnistone	Un potente pietra realizzato da tutti e quattro i cristalli elementali purificati	Una piedra poderosa hecha de los cuatro Cristales Elementales purificados	由四元素净化水晶打造的具有威力的石头	Une gemme d'énergie fabriquée à partir des quatre Cristaux élémentaires purifiés.	Ein mächtiger Stein aus allen vier Elementen	Uma pedra poderosa criada a partir de todos os quatro Cristais Elementais purificados	Могущественный кристалл, созданный из Кристаллов четырех стихий	Uma Pedra Poderosa criada a partir de todos os quatro Cristais Elementais Purificados	由四顆純化的元素結晶製成的強大石頭	精錬した4大元素の結晶から作られる強力な石	Dört saflaştırılmış Elemental Kristalin tamamından hazırlanmış güçlü bir taş	Mocný kámen vytvořený ze všech čtyř vyčištěných krystalů elementálů	Un potente pietra realizzato da tutti e quattro i cristalli elementali purificati
ItemDescriptionOmniPipe	Un tubo magico che può essere utilizzato per trasportare molti articoli	Un tubo mágico que puede ser utilizado para transportar muchos articulos	一种魔法管道，可用于传输大量物品	Un tuyau magique pouvant transporter de nombreux objets.	Eine magische Röhre die benutzt werden kann um viele Gegenstände zu transportieren	Um tubo mágico que pode ser usado para o transporte de muitos itens	Магическая труба для транспортировки множества предметов	Um tubo mágico que pode ser usado para transportar muitos itens	一個神奇的管子，可以用來運輸很多物品	たくさんのアイテムを運搬できる魔法のパイプ	Birçok eşyayı taşımak için kullanılabilecek sihirli bir tüp	Kouzelná tuba, kterou lze použít k přepravě mnoha předmětů	Un tubo magico che può essere utilizzato per trasportare molti articoli
ItemDescriptionOutfit	Prodotto da laboratorio, utilizzato per la fornitura di Case	Producido por el taller, utilizado para suministrar casas	由制造工坊生产，用来卖给房屋	Produit par l'Atelier, utilisé pour approvisionner les Maisons.	Hergestellt in der Werkstatt um Häuser zu versorgen	Produzido pela Oficina, utilizado para abastecer Casas	Производится в Мастерской для продажи в Дома	Produzido pelo Oficina, usado para abastecer as casas	由木材工坊生產，用於供應房屋	工房で作られ、住宅に供給されます	Atölye tarafından üretildi, Evlerin tedarikinde kullanıldı	Vyrábí se vdílně, používá se k zásobování domů	Prodotto da laboratorio, utilizzato per la fornitura di Case
ItemDescriptionPaper	Un foglio di carta, adatto per la scrittura e la ricerca	Una hoja de papel, adecuada para escribir e investigar	一张纸，可以用来书写和研究	Une feuille de papier, adaptée pour l'écriture et la recherche.	Ein Blatt Papier, geeignet für die Forschung	Uma folha de papel, adequada para escrever e pesquisar	Листы бумаги, необходимые в исследованиях	Uma folha de papel, adequada para escrita e pesquisa	一張紙，適合寫作和研究	紙のシート。書き物や研究に適しています。	Yazmaya ve araştırmaya uygun bir kağıt parçası	List papíru, vhodný pro psaní a výzkum	Un foglio di carta, adatto per la scrittura e la ricerca
ItemDescriptionPear	Una pera verde succosa	Una jugosa pera verde	多汁的绿鸭梨	Une poire verte juteuse.	Eine saftige grüne Birne	Uma suculenta pera verde	Сочная зеленая груша	Uma suculenta Pera verde	一個多汁的綠西洋梨	ジューシーな洋梨	Sulu bir yeşil armut	Šťavnatá zelená hruška	Una pera verde succosa
ItemDescriptionPlank	Una forte asse di legno	Una tabla fuerte de madera	坚固的木板	Une planche solide en bois.	Ein starkes Holzbrett	Uma prancha de madeira forte	Усиленные доски	Uma tábua de madeira resistente	一塊堅固的木板	堅い木の板	Güçlü bir ahşap tahta	Silné dřevěné prkno	Una forte asse di legno
ItemDescriptionPickaxe	Elemento utilizzato per pietra raccolta e di altri minerali naturali	Artículo usado para cosechar piedra y otros minerales naturales	用来采集石头以及其他自然矿物的工具	Objet utilisé pour récolter la pierre et d'autres minéraux naturels.	Gegenstand zur Erz- und Steingewinnung	Item usado para colher pedras e outros minerais naturais	Предмет для добычи Камня и Руды	Item usado para colher pedras e outros minerais naturais	用於採集石頭和其他天然礦物的物品	石や鉱物を採掘するために使う道具	Taş ve diğer doğal minerallerin toplanmasında kullanılan ürün	Předmět používaný ke sklizni kamene a jiných přírodních minerálů	Elemento utilizzato per pietra raccolta e di altri minerali naturali
ItemDescriptionPoultice	Un involucro di stoffa con le erbe per lenire e aiutare il processo di guarigione	Una envoltura de tela con hierbas para calmar y ayudar al proceso de curación	附有草药的布条，可以用于舒缓疼痛并治疗伤口	Une morceau de tissu avec des herbes pour apaiser et faciliter le processus de guérison.	Ein Kräuterwickel um die Heilung zu unterstützen	Um envoltório de pano com ervas para acalmar e auxiliar no processo de cicatrização	Травы, обернутые в ткань, которые помогают процессу заживления ран	Um envoltório de tecido com ervas para acalmar e ajudar no processo de cura	用草藥包裹的布包，以舒緩和幫助癒合過程	治癒力を高めるハーブを織り込んだ湿布	İyileşme sürecini rahatlatmak ve yardımcı olmak için otlar içeren bir bez sargısı	Látkový zábal s bylinkami pro zklidnění a podporu procesu hojení	Un involucro di stoffa con le erbe per lenire e aiutare il processo di guarigione
ItemDescriptionRaft	Una semplice zattera in legno che consente il trasporto di merci lungo l'acqua. Può anche pescare nelle zone dove presente pesce.	Una simple balsa de madera que permite el transporte de mercancías por el agua. También puede pescar en las casillas de pescado.	一种简单的木筏，可以沿着水运输货物，也可以从鱼群中捕鱼。	Un simple radeau en bois qui permet le transport de marchandises sur l'eau. Il peut aussi récolter les tuiles de poissons.	Ein einfaches Holzfloß, das den Transport von Gütern entlang des Wassers ermöglicht. Kann auch von Fischffeldern ernten.	Uma simples jangada de madeira que permite o transporte de mercadorias ao longo da água. Também pode colher de telhas de peixe.	Простой деревянный плот, который позволяет транспортировать товары вдоль воды. Может также собирать с рыбой плитки.	Uma simples jangada de madeira que permite o transporte de mercadorias pela água. Também pode fazer a colheita em painéis de peixe.	一種簡單的木筏，可以沿水運輸貨物。 也可以從魚群中捕魚。	シンプルな木製のいかだで、水辺に荷物を運ぶことができます。魚タイルから収穫もできます。	Malların su boyunca taşınmasını sağlayan basit bir ahşap sal. Balık fayanslarından da hasat yapılabilir.	Jednoduchý dřevěný vor, který umožňuje přepravu zboží po vodě. Může také sklízet z ploch s rybami.	Una semplice zattera in legno che consente il trasporto di merci lungo l'acqua. Può anche pescare nelle zone dove presente pesce.
ItemDescriptionRailTile	Prodotto da ferrovia Depot, permette carrelli ferroviari per muoversi	Producido por el Deposito de Rieles, permite que los carros de ferrocarril se muevan	由轨道车库生产，允许轨道矿车行进	Produit par le Dépôt ferroviaire, permet aux Wagonnets de se déplacer.	Produziert in der Bahn-Station. Ermöglicht es Loren, sich zu bewegen	Permite a circulação de veículos ferroviários	Используются при постройке ж/д путей	Permite a movimentação de veículos sobre trilhos	允許軌道車輛移動	鉄道車両の移動を可能にします	Raylı araçların hareketine izin verir	Umožňuje pohyb kolejových vozidel	Prodotto da ferrovia Depot, permette carrelli ferroviari per muoversi
ItemDescriptionRailCart	Permette il trasporto di elevate quantità di merci su lunghe distanze	Permite el transporte de gran cantidad de mercancías a través largas distancias	允许长距离运输大量的货物	Permet de transporter de grandes quantités de marchandises sur de longues distances.	Erlaubt den Transport vieler Güter über weite Strecken	Permite o transporte de grande quantidade de mercadorias em longas distâncias	Позволяет перемещать большое количество предметов на длинные расстояния	Permite o transporte de grandes quantidades de mercadorias por longas distâncias	允許長距離運輸大量貨物	商品の長距離輸送、大量輸送を可能にします	Yüksek miktarda malın uzun mesafelere taşınmasına olanak sağlar	Umožňuje přepravu velkého množství zboží na velké vzdálenosti	Permette il trasporto di elevate quantità di merci su lunghe distanze
ItemDescriptionRailCartWooden	Consente il trasporto di una piccola quantità di merci su lunghe distanze	Permite el transporte de una pequeña cantidad de mercancías para largas distancias.	允许长距离运输少量货物	Permet le transport de petites quantités de marchandises sur de longues distances.	Ermöglicht den Transport einer kleinen Menge von Waren über lange Entfernungen	Permite o transporte de uma pequena quantidade de mercadorias em longas distâncias	Позволяет транспортировать небольшое количество товаров на большие расстояния	Permite o transporte de uma pequena quantidade de mercadorias por longas distâncias	允許長距離運輸少量貨物	少量の商品を長距離輸送することができます	Az miktardaki malların uzun mesafelere taşınmasına olanak sağlar	Umožňuje přepravu malého množství zboží na velké vzdálenosti	Consente il trasporto di una piccola quantità di merci su lunghe distanze
ItemDescriptionRemedy	Un tè amaro ma tonificante, che allevia i disturbi comuni	Un té amargo pero revitalizante que alivia dolencias comunes	虽苦但很爽口，让人放松的凉茶	Un thé amer mais revigorant qui soulage les maladies courantes.	Ein bitterer aber belebender Tee, der Leiden lindert	Um chá amargo, mas revigorante, que alivia doenças comuns	Горькая, бодрящая настойка, помогающая при недомоганиях	Um chá amargo, mas revigorante, que alivia doenças comuns	一種苦澀但提神醒腦的茶，可緩解常見疾病	苦いですが爽快な気分になるお茶です。病を和らげる効果があります。	Yaygın rahatsızlıkları hafifleten acı ama canlandırıcı bir çay	Hořký, ale povzbuzující čaj, který zmírňuje běžné neduhy	Un tè amaro ma tonificante, che allevia i disturbi comuni
ItemDescriptionReinforcedPlank	Un supporto molto forte usato per costruire edifici di fascia alta	Un soporte muy fuerte usado para construir edificios de alta gama	非常坚固的建筑材料，用于建造高级建筑	Un support très solide utilisé pour construire des bâtiments haut de gamme.	Sehr starke Unterstützung beim Bau der High-End-Gebäude	Um suporte muito forte usado para construir edifícios de alto padrão	Усиленный элемент, используемый при строительстве промышленных зданий	Um suporte muito forte usado para construir edifícios de alto padrão	非常強大的支撐，用於建造高端建築	ハイエンドな建物に使われる強力な建設資材	Üst düzey binalar inşa etmek için kullanılan çok güçlü bir destek	Velmi silná podpora používaná při stavbě špičkových budov	Un supporto molto forte usato per costruire edifici di fascia alta
ItemDescriptionStar	Un premio speciale per l'invio di offerte al OmniTemple. E 'utilizzato per completare la ricerca infinita.	Una recompensa especial por enviar Ofrendas hacia el OmniTemplo. Son usadas para completar Investigaciones Infinitas	向神力神殿献上供奉后获得的特殊奖励。用于完成无限研究。	Une récompense spéciale pour l'envoi d'Offrandes à l'OmniTemple. Elle est utilisée pour effectuer la recherche Infinie.	Eine spezielle Belohnung für das Erbringen von Opfergaben am Omnitempel. Sie werden für die Fertigstellung der unendlichen Forschungen benutzt.	Uma recompensa especial para o envio de ofertas ao OmniTemple. Ele é usado para completar a pesquisa infinita.	Специальная награда за Подношения в Омни Храме. Используется для завершения бесконечного исследования.	Uma recompensa especial pelo envio de oferendas ao Templo Omni. É usada para concluir a pesquisa infinita.	向元素神殿發送供品後獲得的特殊獎勵。它用於完成無限的研究。	オムニ神殿に供物を納めたことに対する特別な報酬。 無限の研究を行うために使われます。	OmniTemple'a Teklif göndermek için özel bir ödül. Sonsuz araştırmayı tamamlamak için kullanılır.	Speciální odměna za zasílání nabídek do OmniTemple. Používá se k dokončení nekonečného výzkumu.	Un premio speciale per l'invio di offerte al OmniTemple. E 'utilizzato per completare la ricerca infinita.
ItemDescriptionSteamPipe	Usato per collegare centrali a vapore per edifici di produzione	Se utiliza para conectar plantas de energía de vapor a edificios de producción	用于将蒸汽产生器连接至生产建筑	Utilisé pour connecter les Générateurs de vapeur aux Bâtiments de production.	Wird verwendet um Dampfkraftwerke mit Produktionsgebäuden zu verbinden	Usado para conectar usinas a vapor a edifícios de produção	Используется для подключения Паровых Электростанций к производственным зданиям	Usado para conectar usinas de energia a vapor a edifícios de produção	用於將蒸汽產生器連接到生產建築	蒸気ジェネレーターと生産施設を接続するために使われます	Buhar Enerji Santrallerini üretim binalarına bağlamak için kullanılır	Používá se k připojení parních elektráren k výrobním budovám	Usato per collegare centrali a vapore per edifici di produzione
ItemDescriptionSteamTrainEngine	Un veicolo che può essere utilizzato per tirare più auto treno su piastrelle ferroviarie. Il carburante e l'acqua lo permetteranno di muoversi rapidamente.	Vehículo que se puede utilizar para tirar de vagones de tren en los raíles. Combustible y Agua le permitirán moverse más deprisa.	可用于在铁轨上拉动多个火车车厢的车辆。需要燃料，只能在轨道交通站点加载和卸载	Un véhicule qui peut être utilisé pour tirer plusieurs Wagonnets sur des Rails. Du carburant et de l'eau lui permettront de se déplacer plus rapidement. 	Eine Maschine, die verwendet werden kann, um mehrere Waggons auf Schienen zu ziehen. Benötigt Treibstoff und kann nur an Bahnhöfen beladen und entladen werden.	Uma máquina que pode ser usado para puxar vários vagões de trem em telhas ferroviários. Requer combustível e só pode carregar e descarregar em estações de trem	Машина, которую можно использовать для буксировки нескольких вагонов по рельсам. Требуется топливо. Можно загружать и разгружать только на ж\д остановках.	Um veículo que pode ser usado para puxar vários vagões de trem em trilhos. O combustível e a água permitirão que ele se mova rapidamente.	一種可用於在軌道磚上拉動多節火車車廂的車輛。 燃料和水將允許它快速移動。	レールタイルの上で複数の車両を引っ張ることができる機関車。燃料と水があれば、素早く移動することができます。	Ray döşemeleri üzerinde birden fazla tren vagonunu çekmek için kullanılabilecek bir araç. Yakıt ve Su hızlı hareket etmesini sağlayacaktır.	Vozidlo, které lze použít k tažení více vagonů na kolejnicích. Palivo a voda mu umožní rychlý pohyb.	Un veicolo che può essere utilizzato per tirare più auto treno su piastrelle ferroviarie. Il carburante e l'acqua lo permetteranno di muoversi rapidamente.
ItemDescriptionStone	Un pezzo sgrossato solida pietra	Un trozo cortado de piedra sólida	从大石头上砍下来的粗糙石块	Un morceau de pierre brute.	Ein grob geschliffenes Stück aus massiven Stein	Um pedaço bruto de pedra sólida	Кусок грубого, твердого камня	Um pedaço bruto de pedra sólida	一塊粗切的實心石頭	荒く切り出した石の塊	Kaba kesilmiş katı bir taş parçası	Hrubě řezaný kus masivního kamene	Un pezzo sgrossato solida pietra
ItemDescriptionStoneSlab	Un mattone di pietra di spessore, utile in costruzione di strade e molti edifici	Un ladrillo grueso de piedra, útil en la construcción de carreteras y muchos edificios	一块厚厚的石砖，用于修路或者建造建筑	Une brique de pierre épaisse, utile dans la construction des Routes et de nombreux Bâtiments.	Ein dicker Steinblock. Ideal für Wege und Gebäude	Um tijolo de pedra grosso, útil na construção de estradas e muitos edifícios	Крепкий каменный кирпич, пригодный для строительства зданий и дорог	Um tijolo de pedra grosso, útil na construção de estradas e muitos edifícios	一塊厚石磚，可用於建造道路和許多建築	厚い石レンガ。道路や多くの建物に使われます	Yolların ve birçok Binanın inşasında kullanışlı olan kalın bir taş tuğla	Silná kamenná cihla, užitečná při stavbě silnic a mnoha budov	Un mattone di pietra di spessore, utile in costruzione di strade e molti edifici
ItemDescriptionSugar	Utilizzare per rendere gli alimenti avanzati	Usado para crear artículos de comida avanzados	用于烹制高级的食物	Utilisé pour fabriquer des produits alimentaires avancés.	Verwendet für fortgeschrittene Lebensmittel	Use para fazer alimentos avançados	Используется как ингредиент в различных рецептах кулинарии	Use para fazer itens alimentícios avançados	用於製作高級食品	高価な食料を作るために使われます	Gelişmiş gıda maddeleri yapmak için kullanın	Použijte k výrobě pokročilých potravin	Utilizzare per rendere gli alimenti avanzati
ItemDescriptionTankCar	Auto ferroviaria che può trasportare quantità molto grandi di liquido	Vagón de ferrocarril que puede transportar grandes cantidades de líquido. Sólo se puede cargar y descargar en una parada de tren.	可以运输大量液体的轨道车	Wagon pouvant transporter de très grandes quantités de liquide.	Schienenfahrzeug, die sehr große Mengen an Flüssigkeit transportieren kann.	vagão que pode transportar grandes quantidades de líquido. só pode carregar e descarregar em uma parada de trem.	Вагон, который может перевозить большое количество жидкости	Vagão ferroviário que pode transportar quantidades muito grandes de líquido	可以運輸大量液體的軌道車	大量の液体を輸送することができる鉄道車両	Çok büyük miktarlarda sıvı taşıyabilen demiryolu vagonu	Železniční vůz, který může přepravovat velmi velké množství kapalin	Auto ferroviaria che può trasportare quantità molto grandi di liquido
ItemDescriptionTreeSeeds	Pianta su Fioriere albero per piantare alberi	Plántalas en soportes de árboles para crecer árboles	放置在植树机上来种树	Planter sur des Planteurs d'arbres pour faire pousser des arbres.	Auf festgelegten Flächen Setzlinge anpflanzen um große Bäume zu erhalten	Plante em plantadores de árvores para cultivar árvores	Разместите саженец в Посадочном контейнере, чтобы вырастить большое дерево	Plante em plantadores de árvores para cultivar árvores	在樹木種植機上種植樹木	木の種。ツリープランターに植えてください。	Ağaç yetiştirmek için Ağaç Yetiştiricilerine bitki dikin	Zasaďte na sadová pole pro růst stromů	Pianta su Fioriere albero per piantare alberi
ItemDescriptionUtilityTeleport	Apre una porta di viaggio verso nuovi mondi	Abre una puerta de viaje a nuevos mundos	开启前往新世界的旅行之门	Ouvre un portail de voyage vers de nouveaux mondes.	Öffnet ein Reiseportal in fremde Welten	Abre uma porta de viagem para novos mundos	Открывает ворота в новые миры	Abre um portal de viagem para novos mundos	打開通往新世界的旅行之門	新世界への旅の扉を開きます	Yeni dünyalara seyahat kapısını açıyor	Otevírá cestovní bránu do nových světů	Apre una porta di viaggio verso nuovi mondi
ItemDescriptionUtilityLinkedHouseUpgrades	Numero di collegate Case + house Aggiornamenti	Número de casas Conectadas + Mejoras de Casas	连接房屋数量 + 房屋升级数量	Nombre de Maisons liées + améliorations des Maisons	Anzahl der verbundenen Häuser + Hausverbesserungen	Número de ligados Casa + Casa Upgrades	Количество привязанных домов + улучшения дома	Número de Casas Vinculadas + Melhorias nas Casas	連接房屋數 + 房屋升級	リンクしている住宅の数およびグレード	Bağlantılı Ev Sayısı + Ev Yükseltmeleri	Počet propojených domů + vylepšení domu	Numero di collegate Case + house Aggiornamenti
ItemDescriptionUtilityConsumptionTime	Un timer cooldown che conta fino a quando un altro elemento nella stessa categoria può essere consumato	Una cuenta atrás hasta que otro objeto de la misma categoría pueda ser consumido	倒计时，直到在同一类别中的另一项目A冷却时间可以消耗	Un compteur de recharge qui décompte jusqu'à ce qu'un objet de même catégorie soit consommé.	Ein Abkling Zähler, der runterzählt, bis ein anderes Item der Kategorie verbraucht wird	Um temporizador cooldown que faz a contagem regressiva até que outro item na mesma categoria pode ser consumido	Таймер, отсчитывающий время до следующего потребления товара из этой категории	Um cronômetro de resfriamento que faz a contagem regressiva até que outro item da mesma categoria possa ser consumido	一個冷卻計時器，倒計時直到可以消耗同一類別的另一個項目	同じカテゴリのアイテムが消費されるまでのクールダウンタイマー	Aynı kategorideki başka bir öğe tüketilinceye kadar geri sayan bir bekleme süresi sayacı	Časovač, který odpočítává, dokud není možné spotřebovat další položku ve stejné kategorii	Un timer cooldown che conta fino a quando un altro elemento nella stessa categoria può essere consumato
ItemDescriptionUtilityHappinessDuration	Il periodo di tempo che il beneficio della felicità di un articolo durerà quando viene fornito a una casa	El periodo de tiempo que el bono de Felicidad de un artículo dura cuando es suministrado a una Casa	提供给房屋时，物品的幸福度收益将持续的时间长度	La durée du bonheur qu'un objet procure lorsqu'il est fourni à une maison.	Zufriedenheitsdauer wenn ein Haus mit dieser Ware beliefert wird	O período de tempo que o benefício felicidade de um item vai durar quando fornecido a uma casa	Продолжительность времени, в течение которого Дом, обеспеченный каким-то товаром, генерирует Счастье	O período de tempo que o benefício de Felicidade de um item durará quando fornecido a uma Casa	提供給房屋時，物品的幸福收益將持續的時間長度	住宅へアイテムを供給した際の幸福度が持続する時間の長さ	Bir Hane'ye sağlandığında bir eşyanın mutluluk faydasının süreceği süre	Doba, po kterou bude užitek pro štěstí položky trvat, když je poskytnut domu	Il periodo di tempo che il beneficio della felicità di un articolo durerà quando viene fornito a una casa
ItemDescriptionUtilityApplyWater	Aumenta la velocità di crescita delle colture da {0}	Riega las casillas de granja existentes	将水应用于现有的农场地块	Augmente la vitesse de pousse des cultures par {0}.	Bewässert bestehende Ackerflächen	Aumenta a velocidade de crescimento das culturas por {0}	Ускоряет рост растений на {0} 	Aplica Água aos terrenos agrícolas existentes	將澆水於現有的農地	農業タイルに水を撒きます	Mevcut Çiftlik Fayanslarına Su Uygular	Aplikuje vodu na plochy farem	Aumenta la velocità di crescita delle colture da {0}
ItemDescriptionUtilityApplyFertilizer	Aumenta la velocità di crescita delle colture da {0}	Aplica fertilizante a las casillas de granja existentes	将肥料应用于现有的农场地块	Augmente la vitesse de pousse des cultures par {0}.	Düngt bestehende Ackerflächen	Aumenta a velocidade de crescimento das culturas por {0}	Ускоряет рост растений на {0} 	Aplica fertilizante em terrenos agrícolas existentes	將施肥於現有的農地	農業タイルに肥料を撒きます	Gübreyi mevcut Çiftlik Fayanslarına uygular	Aplikuje hnojivo na plochy farem	Aumenta la velocità di crescita delle colture da {0}
ItemDescriptionUtilityApplyPickaxe	Aumenta la velocità di produzione di minerale di miniera alberi da {0}	Aumenta la velocidad de producción de mineral de las Minas por {0}	将鹤嘴镐应用于现有的地下资源	Les ressources souterraines sont remplis {0} plus vite lors du minage.	Beliefert unterirdische Resourcen mit Spitzhacken	recursos subterrâneos são reabastecidos {0} mais rápido quando minado	Увеличивает скорость добычи руды в шахтах на {0}	Aplica a Picareta aos recursos subterrâneos existentes	將鎬應用於現有的地下資源	地下資源につるはしを割り当てます	Kazmayı mevcut yeraltı kaynaklarına uygular	Aplikuje krumpáč na existující podzemní zdroje	Aumenta la velocità di produzione di minerale di miniera alberi da {0}
ItemDescriptionUtilityRegenerateResources	Accelera la ricrescita e la rigenerazione delle risorse naturali collegate	Acelera el recrecimiento y la regeneración de los recursos naturales vinculados	加速再生相连的自然资源	Accélère la repousse et la régénération des ressources naturelles liées.	Beschleunigt Wachstum & Regeneration von verlinkten natürlichen Ressourcen	Acelera rebrota e regeneração dos recursos naturais ligados	Ускоряет рост и регенерацию связанных природных ресурсов	Acelera o crescimento e a regeneração dos recursos naturais vinculados	加速再生相連的自然資源	リンクされた天然資源の再成長や再生を高速化します	Bağlantılı doğal kaynakların yeniden büyümesini ve yenilenmesini hızlandırır	Urychluje opětovný růst a regeneraci přírodních zdrojů	Accelera la ricrescita e la rigenerazione delle risorse naturali collegate
ItemDescriptionUtilityRotationalPower	Movimento rotazionale fornito da una fonte di alimentazione esterna	Movimiento rotacional proporcionado por una fuente de energía externa	由外部动力源提供的旋转运动	Mouvement de rotation fourni par une source d'alimentation externe.	Drehbewegung, die von einer externen Quelle produziert und bereitgestellt wird.	movimento de rotação fornecido por uma fonte externa de energia	Вращение обеспечивается внешним источником энергии	Movimento rotacional fornecido por uma fonte de alimentação externa	由外部動力源提供的旋轉運動	外部動力源による回転動作	Harici bir güç kaynağı tarafından sağlanan dönme hareketi	Rotační pohyb poskytovaný externím zdrojem energie	Movimento rotazionale fornito da una fonte di alimentazione esterna
ItemDescriptionUtilityHappiness	Guadagnato tenendo case ben fornite con una varietà di merci. Aumenta il numero massimo di case che possono essere costruite e aggiunge il bonus di velocità di produzione per lavoratore a tutti gli edifici collegati a un centro città	Obtenido por mantener Casas bien abastecidas con una variedad de productos. Aumenta el número de Casas que se pueden construir, y proporciona un bonus de producción a todos los edificios conectados a un Centro Ciudad	通过保持对房屋供应各种商品来获得。增加可建造房屋的最大数量，并为所有城镇中心相连的建筑增加每个工人的生产速度加成	Gagné en gardant les maisons bien approvisionnées en biens variés. Augmente le nombre maximum de maisons pouvant être construites et rajoute aussi un bonus de rapidité de production par ouvrier à tous les bâtiments connectés à un centre-ville.	Wird verdient, indem man Häuser mit einer Vielzahl an Waren versorgt. Erzeugt ebenfalls einen globalen Produktionsmultiplikator. 	Ganhou por Casas de manutenção bem fornecido com uma variedade de mercadorias. Também fornece um multiplicador global de velocidade de produção.	Можно получить, снабжая дома разными товарами. Влияет на множитель производства.	Ganha-se ao manter as Casas bem abastecidas com uma variedade de mercadorias. Aumenta o número máximo de casas que podem ser construídas e adiciona bônus de velocidade de produção por trabalhador a todos os edifícios conectados a um Centro da Cidade	通過保持房屋供應各種商品而獲得。 增加可建造房屋的最大數量，並為所有與城鎮中心相連的建築增加每個工人的生產速度加成	住宅に様々な商品を供給し続けることで得られます。建設できる住宅数が増え、町の中心に接続されている建物に生産速度ボーナスを与えます。	Evlerin çeşitli mallarla iyi bir şekilde tedarik edilmesini sağlayarak kazanılır. İnşa edilebilecek maksimum Ev sayısını artırır ve Şehir Merkezine bağlı tüm binalara işçi başına üretim hızı bonusu ekler.	Vydělává se tím, že zásobujete domyrůzným typem zboží. Zvyšuje maximální počet domů, které lze postavit, a přidává bonus k rychlosti výroby na pracovníka a ke všem budovám připojeným k městskému centru	Guadagnato tenendo case ben fornite con una varietà di merci. Aumenta il numero massimo di case che possono essere costruite e aggiunge il bonus di velocità di produzione per lavoratore a tutti gli edifici collegati a un centro città
ItemDescriptionUtilityBoostWorker	Effetto status del lavoratore che li fa spostarsi e raccogliere molto più velocemente	Efecto que hace que los trabajadores se muevan y recolecten más rápido	工人状况影响他们移动和采集更快	Modificateur sur les travailleurs qui les oblige à se déplacer et à récolter beaucoup plus rapidement.	Arbeiterstatuseffekt, welcher die Geschwindigkeit und Arbeitereffizienz erhöht.	efeito o estatuto de trabalhador levando-os a se mover e colher muito mais rápido		O efeito de status dos trabalhadores faz com que eles se movam e colham muito mais rápido	工人狀態影響使他們移動和採集更快	ワーカーのステータス効果で、移動や収穫が非常に早くなります。	İşçi statüsü etkisi onların çok daha hızlı hareket etmesine ve hasat yapmasına neden oluyor	Efekt způsobuje, že se pracovníci pohybují a sklízejí mnohem rychleji	Effetto status del lavoratore che li fa spostarsi e raccogliere molto più velocemente
ItemDescriptionUtilitySendFireBoost	Riempie il misuratore di boost per gli edifici vicini che hanno un aggiornamento del booster antincendio	Rellena el medidor de impulso para los edificios cercanos que tienen un Potenciador de Fuego	为附近安装火之加速器的建筑充能	Remplit le compteur de boost pour les bâtiments voisins qui ont une amélioration de booster de Feu.	Füllt die Verstärkungsanzeige umliegender Gebäude, die eine Feuerverstärkung haben	Enche o medidor de impulso para edifícios próximos que têm um upgrade de fogo impulsionador	Заполняет измеритель наддува для соседних зданий, которые имеют обновление пожарной Booster	Preenche o medidor de Impulso para edifícios próximos que tenham uma Melhoria do Impulso do Fogo 	為附近具有火加速器升級的建築填充助推器	火のブースターが設定された近くの建物のブーストメーターを満たします。	Fire Booster yükseltmesine sahip yakındaki binalar için güçlendirme sayacını doldurur	Naplňuje měřič posílení pro blízké budovy, které mají upgrade Ohnivý Booster	Riempie il misuratore di boost per gli edifici vicini che hanno un aggiornamento del booster antincendio
ItemDescriptionUtilitySendWaterBoost	Riempie il misuratore di boost per gli edifici vicini che hanno un aggiornamento del booster dell'acqua	Rellena el medidor de impulso para los edificios cercanos que tienen un Potenciador de Agua	为附近安装水之加速器的建筑充能	Remplit le compteur de boost pour les bâtiments voisins qui ont une amélioration de booster d'Eau.	Füllt das Verstärkungsanzeige umliegender Gebäude, die eine Wasserverstärkung haben	Enche o medidor de impulso para edifícios próximos que têm um upgrade de água impulsionador	Заполняет измеритель наддува для соседних зданий, которые имеют обновление воды Booster	Preenche o medidor de Impulso para edifícios próximos que tenham uma Melhoraria do Impulso da Água	為附近具有水加速器升級的建築填充助推器	水のブースターが設定された近くの建物のブーストメーターを満たします。	Su Güçlendirici yükseltmesine sahip yakındaki binalar için destek sayacını doldurur	Naplňuje měřič posílení pro blízké budovy, které mají upgrade Vodní Booster	Riempie il misuratore di boost per gli edifici vicini che hanno un aggiornamento del booster dell'acqua
ItemDescriptionUtilitySendEarthBoost	Riempie il misuratore di boost per gli edifici vicini che hanno un aggiornamento del booster di terra	Rellena el medidor de impulso para los edificios cercanos que tienen un Potenciador de Tierra	为附近安装土之加速器的建筑充能	Remplit le compteur de boost pour les bâtiments voisins qui ont une amélioration de booster de Terre.	Füllt das Verstärkungsanzeige umliegender Gebäude, die eine Erdverstärkung haben	Enche o medidor de impulso para edifícios próximos que têm um upgrade Terra impulsionador	Заполняет измеритель наддува для соседних зданий, которые имеют обновление Земли Booster	Preenche o medidor de Impulso para edifícios próximos que tenham uma Melhoraria do Impulso de Terra	為附近具有土加速器升級的建築填充助推器	地のブースターが設定された近くの建物のブーストメーターを満たします。	Earth Booster yükseltmesine sahip yakındaki binalar için güçlendirme sayacını doldurur	Naplňuje měřič posílení pro blízké budovy, které mají upgrade Zemský Booster	Riempie il misuratore di boost per gli edifici vicini che hanno un aggiornamento del booster di terra
ItemDescriptionUtilitySendAirBoost	Riempie il misuratore di boost per gli edifici vicini che hanno un aggiornamento del booster aereo	Rellena el medidor de impulso para los edificios cercanos que tienen un Potenciador de Aire	为附近安装风之加速器的建筑充能	Remplit le compteur de boost pour les bâtiments voisins qui ont une amélioration de booster d'Air.	Füllt das Verstärkungsanzeige umliegender Gebäude, die eine Luftverstärkung haben	Enche o medidor de impulso para edifícios próximos que têm um upgrade Air impulsionador	Заполняет измеритель наддува для соседних зданий, которые имеют обновление воздуха Booster	Preenche o medidor de Impulso para edifícios próximos que tenham uma Melhoraria do Impulso do Ar	為附近具有風加速器升級的建築填充助推器	風のブースターが設定された近くの建物のブーストメーターを満たします。	Air Booster yükseltmesine sahip yakındaki binalar için takviye sayacını doldurur	Naplňuje měřič posílení pro blízké budovy, které mají upgrade Vzdušný Booster	Riempie il misuratore di boost per gli edifici vicini che hanno un aggiornamento del booster aereo
ItemDescriptionUtilityAffinity	Affinità più alta per un tipo di risorsa lo farà produrre più elementi in questa posizione	Mayor afinidad por un tipo de recurso hará que se produzcan más objetos en esta casilla	对资源类型的更高亲和度将导致它在此位置生产更多资源	Une plus grande affinité pour un type de ressource amènera à produire plus d'objets à cet endroit.	Höhere Affinität für einen Ressourcentyp wird dazu führen, dass mehr Waren an diesem Ort zu produzieren	maior afinidade para um tipo de recurso fará com que ele produza mais itens neste local	Более высокая плотность ресурса позволит увеличить его добычу в этой области	A maior afinidade com um tipo de recurso fará com que ele produza mais itens nesse local	對資源類型更高的親和力將導致它在此位置生產更多資源	親和性が高い場合、より多くのアイテムを生産することができます	Bir kaynak türü için daha yüksek benzerlik, kaynağın bu konumda daha fazla öğe üretmesine neden olur	Vyšší blízkost k typu zdroje způsobí, že bude v tomto umístění vyrábět více položek	Affinità più alta per un tipo di risorsa lo farà produrre più elementi in questa posizione
ItemDescriptionWood	Raccolta dagli alberi	Cosechar de árboles	采集自树木	Récolté depuis les arbres.	Ernte von Bäumen	Colheita de árvores	Срубленное дерево	Colheita de árvores	從樹木採集	木から収穫されます	Ağaçlardan hasat	Sklizeň ze stromů	Raccolta dagli alberi
ItemDescriptionWoodAxe	Strumento usato per abbattere gli alberi	Herramienta usada para cortar árboles	用于砍伐树木的工具	Outil utilisé pour abattre les arbres.	Werkzeug zum Bäumefällen	Ferramenta usada para derrubar árvores	Инструмент для вырубки деревьев	Ferramenta usada para derrubar árvores	用來砍樹的工具	木を切り倒すための道具	Ağaçları kesmek için kullanılan alet	Nástroj používaný ke kácení stromů	Strumento usato per abbattere gli alberi
ItemDescriptionWool	Prodotto da Pascolo	Producido por los Pastos	由牧场生产	Produit par le Pâturage.	Produziert auf der Weide	Produzido por Pasto	Производится на Пастбище	Produzido por Pasto	由牧場生產	牧場で生産されます	Mera tarafından üretilmiştir	Produkce z pastvin	Prodotto da Pascolo
ItemDescriptionWard	Un asta di metallo incantato pensato di tenere lontano la sfortuna	Una barra de metal encantada pensada para alejar la mala fortuna	被认为可以阻挡厄运的附魔金属棒	Une baguette de métal enchantée pour éloigner la malchance.	Ein verzauberter Stab und Unglück fern zu halten	Uma haste de metal encantada pensada para afastar a má sorte	Зачарованный жезл, помогающий справиться с житейскими проблемами	Uma haste de metal encantada que se acredita afastar a má sorte	一根被施了魔法的金屬棒被認為可以遠離厄運	魔除けのおまじないが込められた魔法の杖	Kötü şansı uzak tuttuğu düşünülen büyülü bir metal çubuk	Očarovaná kovová tyč, která by měla zabránit neštěstí	Un asta di metallo incantato pensato di tenere lontano la sfortuna
ItemDescriptionWater	Usata in molti progetti e utile anche per accelerare i tassi di crescita delle colture	Se usa en muchas recetas y también ayuda a acelerar el crecimiento de los cultivos	很多配方都会使用到，还可以加速农作物的生长速度	Utilisé dans plusieurs recettes, et accélère aussi le taux de croissance des cultures.	Verwendet in vielen Rezepten und genutzt als Wachstumsbeschleuniger	Usado em muitas receitas e também ajuda a acelerar as taxas de crescimento das culturas	Используется во многих рецептах, а также ускоряет рост растений	Usado em muitas receitas e também ajuda a acelerar as taxas de crescimento das culturas	用於許多食譜，還有助於加快作物生長速度	多くのレシピで使用されており、作物の成長を速めるのにも役立ちます	Birçok tarifte kullanılır ve aynı zamanda mahsulün büyüme oranlarını hızlandırmaya yardımcı olur	Používá se v mnoha receptech a také pomáhá urychlit růst plodin	Usata in molti progetti e utile anche per accelerare i tassi di crescita delle colture
ItemDescriptionWagon	Può trasportare rapidamente le voci multiple tra gli edifici, in particolare sulle strade. Ma non può raccogliere le risorse naturali	Puede transportar rápidamente varios artículos entre edificios, especialmente en carreteras. Pero no puede cosechar recursos naturales.	可以在建筑之间快速地运输，尤其是在石路上。但无法采集自然资源	Peut transporter rapidement plusieurs objets entre les bâtiments, en particulier sur les routes. Mais ne peut pas récolter des ressources naturelles.	Schneller Transport von Gegenständen über den Landweg. Kann aber keine Ressourcen abbauen	Pode transportar rapidamente vários itens entre edifícios, especialmente em estradas. Mas não pode colher recursos naturais	Осуществляет транспортировку предметов между зданиями. По дорогам перемещается гораздо быстрее. Не может добывать природные ресурсы	Pode transportar rapidamente vários itens entre edifícios, especialmente em estradas. Mas não pode colher recursos naturais	可以在建築之間快速攜帶多個物品，尤其是在道路上。 但不能採集自然資源	建物間で複数の物品を素早く運搬することができます。特に道路上ではスピードがあがります。ただし、天然資源を収穫することはできません。	Özellikle yollarda olmak üzere binalar arasında birden fazla eşyayı hızla taşıyabilir. Ancak doğal kaynakları hasat edemiyorum	Dokáže rychle přenášet více předmětů mezi budovami, zejména na silnicích. Ale nemůže sklízet přírodní zdroje	Può trasportare rapidamente le voci multiple tra gli edifici, in particolare sulle strade. Ma non può raccogliere le risorse naturali
ItemDescriptionWorker	Consente la raccolta e il trasporto degli oggetti	Permite la recolección y transporte de artículos.	允许采集和运输物品	Permet la récolte et le transport des objets.	Ermöglicht Ernte und Transport von Gegenständen	Permite colheita e transporte de itens	Может добывать и переносить предметы	Permite a colheita e o transporte de itens	允許採集和運送物品	アイテムの収穫と運搬ができます	Öğelerin toplanmasına ve taşınmasına izin verir	Umožňuje sklizeň a přepravu předmětů	Consente la raccolta e il trasporto degli oggetti
ItemDescriptionWoodWheel	Prodotta nell'officina	Producido por el taller	由制造工坊生产	Une roue simple en bois produite par l'Atelier.	In der Wekrstatt hergestellt	Produzido por Oficina	Производится в Мастерской	Produzido pela Oficina	由木材工坊生產	工房で生産されます	Atölye tarafından üretildi	Produkce z dílny	Prodotta nell'officina
ItemDescriptionIronOre	Può essere fuso in Forge in prodotti in metallo	Puede ser fundido en la Forja en productos de metal	可以在熔炉中熔炼为金属制品	Peut être fondu dans la Forge en produits métalliques.	Kann in der Schmiede zu Metallwaren verarbeitet werden	Pode ser fundido na Forja em produtos de metal	Переплавляется в кузнице в металлические изделия	Pode ser fundido na Forja de produtos de metal	可以在熔爐中熔鍊成金屬製品	金属の製品を鍛造することができます	Forge'da eritilerek metal ürünlere dönüştürülebilir	Lze přetavit v kovárně na kovové zboží	Può essere fuso in Forge in prodotti in metallo
ItemDescriptionJam	Un barattolo di marmellata di mele	Una jarra de mermelada de manzana	一罐果酱	Un bocal de Confiture de pommes.	Ein Glas Apfel-Marmelade	Um pote de geléia de maçã	Банка яблочного варенья	Um pote de Geleia de Maçã	一罐蘋果醬	ジャムの瓶	Bir kavanoz elma reçeli	Sklenice jablečného džemu	Un barattolo di marmellata di mele
ItemDescriptionFish	Un pesce fresco pescato	Un pescado fresco	新捕的鱼	Un poisson fraîchement pêché.	Ein frischer Fisch	Um peixe recém pescado	Свежепойманная рыба	Um peixe fresco	一條新鮮的魚	獲れたての魚	Taze yakalanmış bir balık	Čerstvé ryby	Un pesce fresco pescato
ItemDescriptionFishingBoat	Un'unità di lavoro che può viaggiare sulla superficie dell'acqua e un sacco di raccolta dei pesci	Una unidad de trabajador que puede viajar por la superficie del agua y pescar muchos peces	一种工作单位，可以在水面行动并可采集大量的鱼	Une unité de travail qui peut se déplacer sur l'eau et attraper beaucoup de poissons.	Ein Arbeiter, der auf dem Wasser eingesetzt wird, um Fisch zu fangen	Uma unidade de trabalho que pode viajar em superfícies aquáticas e pescar muitos peixes	Рабочая единица, которая передвигается по водной поверхности и может ловить рыбу	Uma unidade de trabalho que pode se deslocar em superfícies de água e colher muitos peixes	可以在水面上行駛並採集大量魚類的工人單位	水面を移動してたくさんの魚を収穫できるワーカーユニット	Su yüzeylerinde seyahat edebilen ve çok sayıda balık toplayabilen bir işçi birimi	Zařízení, které může cestovat po vodních plochách a lovit spousty ryb	Un'unità di lavoro che può viaggiare sulla superficie dell'acqua e un sacco di raccolta dei pesci
ItemDescriptionGear	Utilizzato in macchinari prodotti	Utilizado en productos de maquinaria.	在制造机械制品时使用	Utilisé dans les produits mécaniques.	Benötigt in maschinellen Produkten	Usado em produtos de máquinas	Используется в машиностроении	Usado em produtos de maquinário	用於機械產品	機械製品に使われます	Makine ürünlerinde kullanılır	Používá se ve strojírenských výrobcích	Utilizzato in macchinari prodotti
ItemDescriptionGrain	Raccolto da piastrelle di grano o di allevamento	Cosecha de grano o de bloques de granja	从谷物或者农场地块上采集而来	Récolté sur les Tuiles de blé ou les Tuiles de ferme.	Von Getreidefeldern oder auf dem Bauernhof ernten	Colheita de grãos ou peças agrícolas	Выращивается на Полях Фермы	Colheita de grãos ou de terrenos agrícolas	從穀物或農地中採集	天然の小麦や農業タイルから収穫されます	Tahıl veya çiftlik fayanslarından hasat	Sklizeň z obilí nebo z farmářských ploch	Raccolto da piastrelle di grano o di allevamento
ItemDescriptionGrainSeeds	Pianta su Farm Tiles a crescere il grano	Planta en bloques de granja para crecer grano	播种在农场地块上可生产谷物	Planté sur les Tuiles de ferme pour cultiver du blé.	Pflanze Getreide auf den Feldern an	Plante em peças de fazenda para cultivar grãos	Посадите на Полях Фермы для выращивания Зерна	Plante em terrenos agrícolas para cultivar grãos	在農地上種植穀物	小麦を育てます。農業タイルに植えてください。	Tahıl yetiştirmek için Çiftlik Fayansları üzerine ekim yapın	Zasazením na dlaždice farmy se vypěstujte obilí	Pianta su Farm Tiles a crescere il grano
ItemDescriptionUtilityGrowFish	Provoca Pesce di rigenerarsi in mattonelle d'acqua nelle vicinanze	Causa la regeneracion de peces en casillas de agua cercanas	使鱼从在附近的水资源地块中再生	Provoque la régénération du Poisson dans les Tuiles d'eau à proximité.	Erneuert Fische in nahen Wasserteilen	Causas Peixe para regenerar em telhas de água nas proximidades	Восстанавливает популяцию рыбы в близлежащих клетках воды	Faz com que os peixes se regenerem nos painéis de água próximos	使魚從在附近的水域中再生	水タイルの近くで魚を再生させます	Yakındaki Su karolarında Balıkların yenilenmesine neden olur	Způsobuje regeneraci ryb v nedalekých vodních dlaždicích	Provoca Pesce di rigenerarsi in mattonelle d'acqua nelle vicinanze
ItemDescriptionUtilityNearbyWater	Numero di piastrelle acqua vicina collegati che, influenza la velocità assunzione di acqua nella produzione edilizia	Número de casillas de agua conectadas cercanas que afectan a la velocidad de consumo de agua en la construcción de la producción	附近连接水域数量，影响水进入生产建筑的速度	Nombre de Tuiles d'eau proches connectées affectant la vitesse de pompage d'eau dans le Bâtiment de production.	Anzahl naher zusammenhängender Wasserflächen die die Aufnahmegeschwindigkeit von Wasser in Produktionsgebäude beeinflusst	Número de telhas de água nas proximidades conectados que, afeta a velocidade de ingestão de água no edifício de produção	Количество близлежащих клеток с водой, которое влияет на скорость поставки воды в производственное здание	Número de Painéis de Água conectados próximos que afetam a velocidade de entrada de água no edifício de produção	附近連接的水域的數量，影響水進入生產建築的速度	接続されている水タイルの数。生産施設の取水速度に影響します。	Üretim binasına su giriş hızını etkileyen yakındaki bağlı su karolarının sayısı	Počet blízkých připojených vodních ploch, které ovlivňují rychlost příjmu vody do výrobní budovy	Numero di piastrelle acqua vicina collegati che, influenza la velocità assunzione di acqua nella produzione edilizia
ItemDescriptionUtilityNearbyFishingTiles	Numero di piastrelle d'acqua nelle vicinanze Con connessione che colpisce la velocità raccogliere pesce	Número de baldosas de agua conectadas cercanas que afecta la velocidad de cosecha de peces.	附近连接水域的数量，影响捕鱼速度	Nombre de Tuiles d'eau proches connectées affectant la vitesse de récolte de Poisson.	Anzahl naher zusammenhängender Wasserteile die die Fischfanggeschwindigkeit beeinflussen	Número de telhas de água nas proximidades conectados que afeta a velocidade de colheita Peixe	Количество близлежащих клеток с водой, которое влияет на скорость добычи рыбы	Número de blocos de água conectados próximos que afetam a velocidade de coleta de peixes	附近連接的水域的數量，影響捕魚的速度	接続されている水タイルの数。魚の収穫速度に影響します。	Balık hasat hızını etkileyen yakındaki bağlı Su karolarının sayısı	Počet blízkých připojených ploch vody, které ovlivňují rychlost sběru ryb	Numero di piastrelle d'acqua nelle vicinanze Con connessione che colpisce la velocità raccogliere pesce
ItemDescriptionUtilityExperiencePoint	Punti guadagnati vendendo o facendo merci, quando sono sufficiente guadagnati un edificio può salire a una versione migliorata	Puntos que se ganan vendiendo o fabricando productos, cuando se obtienen suficientes puntos, un edificio puede subirse de nivel a una versión mejorada	通过销售或制作商品获得经验值，当获得足够的经验值时建筑可以升级到改进版本	Points qui sont gagnés en vendant ou en fabriquant des marchandises. Quand suffisamment de points ont été gagné, un bâtiment peut monter de niveau pour devenir un bâtiment amélioré.	Punkte, die durch Verkauf oder Erzeugung von Gütern verdient werden. Bei genügend Punkten kann ein Gebäude verbessert werden	Pontos que são ganhos vendendo ou fazendo bens, quando suficientes deles são ganhos um prédio pode subir a uma versão melhorada	Точки, которые зарабатывают, продавая или делают товары, когда их достаточно заработано, здание может повысить улучшенную версию	Pontos que são obtidos com a venda ou fabricação de mercadorias; quando um número suficiente de pontos é obtido, um edifício pode subir de nível para uma versão aprimorada	通過出售或製造商品獲得的積分，當獲得足夠的積分時，建築可以升級到改進版本	商品を売ったり作ったりすることで得られるポイントで、十分なポイントが得られると建物がレベルアップして改良されます。	Mal satarak veya üreterek kazanılan puanlar, yeterli miktarda kazanıldığında bir binanın gelişmiş bir versiyonuna yükseltilebilir.	Body, které se získávají prodejem nebo výrobou zboží. Když jich je dostatek, budova může postoupit na vylepšenou verzi	Punti guadagnati vendendo o facendo merci, quando sono sufficiente guadagnati un edificio può salire a una versione migliorata
ItemDescriptionUtilityTechLevel	Il livello massimo di ricerca tecnologica disponibile. Aumenta producendo elementi specifici.	El nivel máximo de investigación tecnológica disponible. Se puede aumentar produciendo artículos específicos.	最高等级的科技研究可用。通过生产特定物品来提高这一点。	Le niveau maximum de recherches technologiques disponibles. Il peut être augmenté en produisant des objets spécifiques.	Die höchste verfügbare Technologieforschungsstufe. Kann durch produktion bestimmter Waren erhöht werden.	O nível máximo de pesquisa de tecnologia disponível. Aumente isso produzindo itens específicos.	Максимальный уровень технологических исследований доступен. Увеличьте это, создавая определенные предметы.	O Nível Máximo de Pesquisa Tecnológica disponível. Aumente esse nível produzindo itens específicos.	最高水平的技術研究可用。通過生產特定物品來增加這一點。	利用可能な技術研究の最大レベルです。特定のアイテムを生産することで増加します。	Mevcut maksimum düzeyde teknoloji araştırması. Belirli öğeler üreterek bunu artırın.	Maximální dostupná úroveň technického výzkumu. Zvýšit lze výrobou konkrétních položek.	Il livello massimo di ricerca tecnologica disponibile. Aumenta producendo elementi specifici.
ItemDescriptionUtilityPopulationLevel	Popolazione consentita. Indica il numero massimo di case che possono essere costruite. Aumenta raggiungendo determinate soglie di felicità.	Una idea del tamaño de población permitido. Afecta al número máximo de Casas que se pueden construir. Se puede aumentar alcanzando ciertos umbrales de Felicidad.	允许的人口规模的衡量标准。影响可以构建的最大房屋数量。通过达到某些幸福度来增加。	Une mesure de la taille de population autorisée. Affecte le nombre maximum de maisons qui peuvent être construites. Peut être augmenté en atteignant certains seuils de bonheur.	Das Maß an erlaubter Bevölkerung. Bestimmt wie viele Häuser gebaut werden können. Erhöht sich beim Erreichen bestimmter Zufriedenheitsstufen.	Uma medida de tamanho da população permitida. Afeta o número máximo de casas que podem ser construídas. Aumentar alcançando certos limiares de felicidade.	Мера допустимого размера населения. Влияет на максимальное количество домов, которые могут быть построены. Увеличение, достигая определенных порогов счастья.	Uma medida do tamanho da população permitida. Afeta o número máximo de casas que podem ser construídas. Aumenta ao atingir determinados limites de Felicidade.	允許的人口規模的衡量標準。影響可以建造的最大房屋數量。通過達到一定幸福閾值來增加。	人口規模の指標です。建設可能な住宅の最大数に影響します。幸福度が基準値に達すると増加します。	İzin verilen popülasyon büyüklüğünün ölçüsü. İnşa edilebilecek maksimum Ev sayısını etkiler. Belirli Mutluluk eşiklerine ulaşarak artırın.	Míra povolené velikosti populace. Ovlivňuje maximální počet domů, které lze postavit. Zvyšit lze dosažením určitých prahů štěstí.	Popolazione consentita. Indica il numero massimo di case che possono essere costruite. Aumenta raggiungendo determinate soglie di felicità.
ItemDescriptionHarvester	Lento movimento ma potente trapano con una elevata capacità di carico. Può raccogliere minerali duri che i lavoratori non possono	Taladro de movimiento lento pero potente con una alta capacidad de carga. Puede cosechar minerales duros que los trabajadores no pueden	移动缓慢但是装载量大的强力钻头，可以采集工人无法采集的坚硬矿物	Foreuse lente mais puissante avec une capacité de charge élevée. Peut récolter des minéraux durs que les Travailleurs ne peuvent pas.	Eine langsame, aber leistungsfähige, Maschine mit hoher Tragfähigkeit. Kann sich durch Material bohren, was sonst kein Arbeiter schafft	Furadeira lenta, mas potente, com alta capacidade de carga. Pode colher minerais duros que os trabalhadores não conseguem.	Медленная, но мощная и вместительная машина.  Может добывать руду, камень, минералы, которые не в состоянии добыть рабочие	Perfuratriz de movimento lento, mas potente, com alta capacidade de carga. Pode colher minerais duros que os trabalhadores não conseguem.	緩慢移動但功能強大的鑽頭，具有高承載能力。 可以採集工人無法採集的堅硬礦物。	動きは遅いが、高い運搬能力を備えた強力なドリル。労働者では採取できない硬い鉱物も採取できる。	Yavaş hareket eden ancak yüksek taşıma kapasitesine sahip güçlü matkap. İşçilerin toplayamadığı sert mineralleri toplayabilir.	Pomalu se pohybující, ale výkonný vrták s vysokou nosností. Dokáže sklízet tvrdé nerosty, které dělníci nemohou.	Lento movimento ma potente trapano con una elevata capacità di carico. Può raccogliere minerali duri che i lavoratori non possono
ItemDescriptionHealthPotion	Una bevanda guarigione concentrato che accelera notevolmente il recupero da ferite e altre condizioni gravi	Una bebida curativa concentrada que acelera en gran medida la recuperación de heridas y otras condiciones graves	一瓶浓缩的治疗药水，可以使伤口快速愈合并加快其他严重疾病的恢复速度	Un cocktail de soin concentré qui accélère la guérison des blessures et d'autres états graves.	Ein Heilungskonzentrat, das schwerste Wunden versorgt und Erholung bietet	Uma bebida curativa concentrada que acelera bastante a recuperação de feridas e outras doenças graves	Целебное зелье, которая значительно ускоряет лечение серьезных заболеваний и заживление ран	Uma bebida cicatrizante concentrada que acelera muito a recuperação de feridas e outras condições graves	一種濃縮癒合飲料，可大大加快傷口和其他嚴重疾病的恢復速度	傷や病を回復する癒しの飲み薬	Yaraların ve diğer ciddi durumların iyileşmesini büyük ölçüde hızlandıran konsantre şifalı içecek	Koncentrovaný léčivý nápoj, který výrazně urychluje zotavení z ran a jiných vážných stavů	Una bevanda guarigione concentrato che accelera notevolmente il recupero da ferite e altre condizioni gravi
ItemDescriptionHerb	Una pianta medicinale che può essere trasformato in oggetti di valore per Case da	Una planta medicinal que puede ser procesada en artículos valiosos para Casas	一种医用植物，可以加工成有价值的商品卖给房屋	Une plante médicinale qui peut être transformée en objet de valeur pour les Maisons.	Eine Heilpflanze. Diese kann weiterverarbeitet werden, um die neue Ware an die Häuser zu liefern	Uma planta medicinal que pode ser transformada em itens valiosos para as Casas	Лекарственные растения, из которых можно изготовить ценные предметы для продажи	Uma planta medicinal que pode ser transformada em itens valiosos para Casas	一種藥用植物，可以加工成有價值的商品出售給房屋	価値ある薬品に加工することができる薬用植物	Evler için değerli eşyalara dönüştürülebilecek şifalı bir bitki	Léčivá rostlina, kterou lze zpracovat na cenné předměty pro domy	Una pianta medicinale che può essere trasformato in oggetti di valore per Case da
ItemDescriptionIronPlate	Utilizzato in molte strutture e gadget avanzati	Utilizado en muchas estructuras y artilugios avanzados	很多建筑及高级设备都会用到	Utilisé dans plusieurs structures et gadgets avancés.	In vielen Strukturen und fortschrittlichen Dingen verwendet	Usado em muitas estruturas e dispositivos avançados	Используется при постройке зданий и в сложных устройствах 	Usado em muitas estruturas e dispositivos avançados	用於許多結構和高級小工具	多くの建物や高度な機械に使用されます	Birçok yapıda ve gelişmiş aygıtta kullanılır	Používá se v mnoha strukturách a pokročilých předmětech	Utilizzato in molte strutture e gadget avanzati
ItemDescriptionIronWheel	Una ruota di metallo solido che è utile in vari macchinari	Una rueda de metal sólida que es útil en varias máquinas.	可用于各种机械的实心金属轮	Une roue solide en métal utile dans diverses machineries.	ein stabiles Metalrad, das für verschiedene Maschinen nützlich ist	Uma roda de metal sólido que é útil em diversas máquinas	Прочное металлическое колесо, которое используется в машиностроении	Uma roda de metal sólida que é útil em várias máquinas	可用於各種機械的實心金屬輪	硬い金属の車輪。様々な機械に使われます	Çeşitli makinelerde kullanışlı olan sağlam bir metal tekerlek	Pevné kovové kolo, které je užitečné v různých strojích	Una ruota di metallo solido che è utile in vari macchinari
ItemDescriptionElementalBoostUpgrade	Aggiunge {0} velocità di produzione quando edificio è alimentato da Elemental cristallo Energy	Añade {0} velocidad de producción cuando un edificio es alimentado por un Cristal de Energía Elemental	添加{0}生产速度，当建筑被水晶元素能源动力	Ajoute {0} de vitesse de production lorsque le bâtiment est alimenté par l'Énergie de cristal élémentaire	Fügt {0} Produktionsgeschwindigkeit hinzu, wenn das Gebäude mit Elementarkristallenergie versorgt wird	Adiciona {0} a velocidade de produção quando edifício é alimentado por Elemental Energia Cristal	Ускоряет выпуск продукции на {0}, если здание снабжается энергией Стихийного кристалла 	Adiciona {0} de velocidade de produção quando o edifício é alimentado por Cristal de Energia Elemental	當建築動力由元素結晶能量提供時增加 {0} 生產速度	建物に元素の結晶エネルギーが供給されている場合、生産速度を{0}上昇させます	Bina Elemental Kristal Enerjisi ile güçlendirildiğinde {0} üretim hızı ekler	Přidává rychlost výroby o {0}, když je budova poháněna energií z elementalních krystalů energie	Aggiunge {0} velocità di produzione quando edificio è alimentato da Elemental cristallo Energy
ItemDescriptionSteamBoostUpgrade	Aggiunge la velocità di produzione {0} quando l'edificio è fornito con la potenza del vapore	Añade {0} a la velocidad de producción cuando la construcción se suministra con energía de vapor	为建筑提供蒸汽动力时增加{0}的生产速度	Ajoute {0} de vitesse de production lorsque le bâtiment est alimenté par de la Vapeur.	Fügt {0} Produktionsgeschwindigkeit hinzu, wenn Gebäude mit Dampfkraft versorgt wird.	Adiciona {0} a velocidade de produção quando construção é fornecido com energia a vapor	Повышает скорость производства на {0}, если здание снабжается паровой энергией	Adiciona {0} de velocidade de produção quando o edifício é abastecido com Potência a Vapor	為建築提供蒸汽動力時增加 {0} 生產速度	建物に蒸気が供給されている場合、生産速度を{0}上昇させます	Binaya Buhar Gücü sağlandığında {0} üretim hızı ekler	Zvyšuje produkční rychlost o {0}, když je stavba vybavena Parní energií	Aggiunge la velocità di produzione {0} quando l'edificio è fornito con la potenza del vapore
ItemDescriptionKnowledgeOmniPipeTransmission	Consente la creazione di tubi speciali che possono spostare qualsiasi oggetto attraverso di loro	Permite la creación de tuberías especiales que pueden mover cualquier artículo	允许特殊管道的建立，可以通过它们移动的任何项目	Permet la création de tuyaux spéciaux laissant passer n'importe quel objet au travers.	Erlaubt das Bauen von Rohren, die alle Gegenstände transportieren können	Permite a criação de tubos especiais que podem mover qualquer item através deles	Позволяет строить специальный трубопровод, по которому можно перемещать любые предметы	Permite a criação de tubos especiais que podem mover qualquer item através deles	允許創建可以通過它們移動任何物品的特殊管道	あらゆるアイテムを運ぶ特別なパイプを作成できるようになります	Herhangi bir öğeyi içinden geçirebilecek özel boruların oluşturulmasına olanak tanır	Umožňuje vytvoření speciálních trubek, které mohou pohybovat jakoukoli položkou	Consente la creazione di tubi speciali che possono spostare qualsiasi oggetto attraverso di loro
ItemDescriptionKnowledgeOmniPipeSpeed	Aggiunge {0} velocità bonus movimento per oggetti trasportati da OmniPipes	Incrementa la velocidad a la que los artículos se mueven a traves de las OmniTuberias	为神力管道运载的物品提供{0}点移动速度加成	Augmente la vitesse à laquelle les éléments se déplacent dans les OmniTuyaux.	Erhöht die Geschwindigkeit mit der sich Gegenstände durch Omnirohre bewegen	Adiciona {0} bônus de velocidade de movimento para artigos transportados por OmniPipes	Увеличивает скорость транспортировки предметов по Омнипроводу на {0}	Adiciona {0} de bônus de velocidade de movimento aos itens carregados pelos Tubo Omni	為神力管道攜帶的物品增加 {0} 移動速度加成	オムニパイプのアイテム運搬速度を{0}上昇させます	OmniPipes tarafından taşınan eşyalara {0} hareket hızı bonusu ekler	Přidá bonus za rychlost pohybu ve výši {0} k položkám přenášeným OmniPipes	Aggiunge {0} velocità bonus movimento per oggetti trasportati da OmniPipes
ItemDescriptionKnowledgeManaTransfer	Aumenta la velocità con cui Mana potenza è trasferita alle costruzioni	Incrementa la velocidad a la que el Poder de Maná se transfiere a los edificios	提高向建筑传输魔力的速度	Augmente la vitesse à laquelle la Puissance de mana est transférée aux bâtiments.	Erhöht die Geschwindigkeit mit der Manakraf zu Gebäuden überträgt	Aumenta a velocidade em que Mana A potência é transferida para edifícios	Увеличивает скорость транспортировки Энергии Маны к зданиям	Aumenta a velocidade com que o Poder de Mana é transferido para os edifícios	提高魔力能量轉移到建築的速度	マナパワーが建物に伝わる速度を上昇させます	Mana Gücünün binalara aktarılma hızını artırır	Zvyšuje rychlost, kterou se síla many přenáší do budov	Aumenta la velocità con cui Mana potenza è trasferita alle costruzioni
ItemDescriptionlKnowledgeTempleSpeed	Aumenta la velocità alla quale Templi Elemental operano	Incrementa la velocidad a la que operan los Templos Elementales	提高元素神殿运作速度	Augmente la vitesse à laquelle les Temples élémentaires fonctionnent.	Erhöht die Geschwindigkeit mit der Elementar-Tempel arbeiten	Aumenta a velocidade com que Elemental Templos operar	Увеличивает скорость работы Храмов стихий	Aumenta a velocidade de operação dos Templos Elementais	提高元素神殿的運行速度	四大元素の神殿の動作速度を上昇させます	Elemental Tapınakların çalışma hızını artırır	Zvyšuje rychlost, jakou elementální chrámy fungují	Aumenta la velocità alla quale Templi Elemental operano
ItemDescriptionKnowledgeRechargerSpeed	Aggiunge {0} bonus di velocità per livello di rechargers	Incrementa la velocidad a la que los Cristales de Maná agotados se recargan	每级为充能器提供{0}点速度加成	Augmente la vitesse à laquelle les Cristaux de mana épuisés sont rechargés.	Erhöht die Geschwindigkeit mit der entleerte Manakristalle geladen werden	Adiciona {0} bônus de velocidade por nível para recarregadores	Увеличивает скорость перезарядки Кристаллов Маны на {0} за каждый уровень	Adiciona {0} de bônus de velocidade por nível aos Recarregadores	為充能器每級增加 {0} 速度加成	リチャージャーのリチャージ速度を{0}上昇させます	Yeniden Dolduruculara seviye başına {0} hız bonusu ekler	Přidává bonus za rychlost ve výši {0} do Rechargers	Aggiunge {0} bonus di velocità per livello di rechargers
ItemDescriptionKnowledgeManaYield	Aumenta la quantità di energia che ogni Mana Mana cristallo tiene	Incrementa la cantidad de Poder de Maná que cada Cristal de Maná contiene	提高每块魔力水晶所持有的魔力能量	Augmente la quantité de Puissance de mana détenue par chaque Cristal de mana.	Erhöht die Menge von Manakraft die jeder Manakristal hält	Aumenta a quantidade de energia que cada Mana Mana Cristal detém	Увеличивает количество Энергии Маны, которое может содержать каждый Кристалл Маны	Aumenta a quantidade de Poder de Mana que cada Cristal de Mana contém	增加每個魔力結晶所擁有的魔力能量	マナ結晶が蓄えられるパワーの量を増やします	Her Mana Kristalinin tuttuğu Mana Gücü miktarını artırır	Zvyšuje množství Mana Power, která drží každý Mana krystal	Aumenta la quantità di energia che ogni Mana Mana cristallo tiene
ItemDescriptionKnowledgeOmniUpgradePower	Aumenta aumento di velocità di ogni OmniUpgrade che un edificio riceve	Incrementa el bonus de velocidad velocidad de cada OmniMejora que un edificio recibe	提高每个神力升级赋予建筑的速度加持	Augmente le boost de vitesse de chaque OmniAmélioration qu'un bâtiment reçoit.	Erhöht den Geschwindigkeitsschub jeder Omnikraftverbesserung die ein Gebäude erhält	Aumenta aumento de velocidade de cada OmniUpgrade que um edifício recebe	Увеличивает ускорение от каждого Омни-улучшения, которое получает здание	Aumenta a Velocidade de cada Melhoria Omni que um edifício recebe	增加建築收到每個神石升級的速度提升	建物が受ける各オムニアップグレードの速度ブースト量を増やします	Bir binanın aldığı her OmniUpgrade'in hız artışını artırır	Zvyšuje zvýšení rychlosti každého OmniUpgradu, který budova obdrží	Aumenta aumento di velocità di ogni OmniUpgrade che un edificio riceve
ItemDescriptionKnowledgeCropYield	Aumenta la quantità di risorse che possono essere recuperati una volta piantato coltivazioni e gli alberi diventano completamente sviluppati	Incrementa la cantidad de recursos que se pueden obtener cuando los Árboles y Cultivos plantados crecen por completo	提高种植的农作物和树木成熟时所获取的资源总量	Augmente la quantité de ressources pouvant être récupérées lorsque les cultures plantées et les arbres sont complètement développés.	Erhöht die Rohstoffmenge die man erhalten kann wenn gepflanzte Kulturen und Bäume voll ausgewachsen sind	Aumenta a quantidade de recursos que podem ser recuperados quando plantadas culturas e árvores se tornam totalmente crescido	Увеличивает количество ресурсов, получаемых с полностью выросших культур и деревьев	Aumenta a quantidade de recursos que podem ser recuperados quando as culturas e árvores plantadas se tornam totalmente crescidas	增加種植的作物和樹木完全生長時可以取回的資源量	植えられた作物や木が成長したときに収穫できる量を増やします	Ekilen ürünler ve ağaçlar tamamen büyüdüğünde alınabilecek kaynak miktarını artırır	Zvyšuje množství zdrojů, které lze získat, když vysazené plodiny a stromy plně dorostou	Aumenta la quantità di risorse che possono essere recuperati una volta piantato coltivazioni e gli alberi diventano completamente sviluppati
ItemDescriptionKnowledgeMineralYield	Aumenta la quantità di risorse che possono essere recuperati quando minerali piantati rigenerano	Incrementa la cantidad de recursos que se pueden obtener cuando los minerales plantados se regeneran	提高种植的矿物再生时所获取的资源总量	Augmente la quantité de ressources pouvant être récupérées lorsque les minerais placés se régénèrent.	Erhöht die Rohstoffmenge die man erhalten kann wenn gesetzte Mineralien sich erneuert haben	Aumenta a quantidade de recursos que podem ser recuperados quando os minerais plantadas regenerar	Увеличивает количество ресурсов, добываемых из Инкубатора минералов	Aumenta a quantidade de recursos que podem ser recuperados quando os minerais se regeneram	增加種植礦物再生時可取回的資源量	植えられた鉱石が再生したときに採掘できる量を増やします	Ekili mineraller yenilendiğinde alınabilecek kaynak miktarını artırır	Zvyšuje množství zdrojů, které lze získat při regeneraci zasazených minerálů	Aumenta la quantità di risorse che possono essere recuperati quando minerali piantati rigenerano
ItemDescriptionKnowledgeOmniPlanting	Aggiunge la possibilità di creare Ore Planters, che permettono il posizionamento di minerali che possono essere rigenerata e estratto	Añade la habilidad de crear Plantadores de Minerales, que permiten la colocación de minerales que pueden ser minados y regenerados	取得建制作矿石种植机的能力，可在矿石种植机上放置并收获可再生的矿石	Ajoute la possibilité de créer des planteurs de minerai, permettant de placer des minerais pouvant être régénérés et extraits.	Fügt die Fähigkeit hinzu Erzsetzer zu erstellen, die es erlauben Erze zu platzieren die erneuert und abgebaut werden können	Adiciona a capacidade de criar OmniPlanters, que permitem a colocação de minérios que podem ser regenerados e minado	Позволяет строить Инкубатор минералов, в котором можно регенерировать минералы для последующей их добычи	Adiciona a capacidade de criar Plantador Omni, que permitem a colocação de minérios que podem ser regenerados e minerados	添加了創建神力種植機的能力，允許放置可以再生和開采的礦物	オムニプランターを作成できるようになります。鉱石を配置して再生や採掘ができます	Yenilenebilen ve çıkarılabilen cevherlerin yerleştirilmesine olanak tanıyan OmniPlanters oluşturma olanağını ekler	Přidává možnost vytvářet OmniPlanters, které umožňují umístění rud, které lze regenerovat a těžit	Aggiunge la possibilità di creare Ore Planters, che permettono il posizionamento di minerali che possono essere rigenerata e estratto
ItemDescriptionKnowledgeGlobalSpeed	Aggiunge {0} bonus di velocità moltiplicativo per livello a tutti gli edifici di produzione dai lavoratori occupati	Añade {0} bonus multiplicativo por nivel a todos los edificios de producción ocupados por trabajadores	每级为所有拥有工人的生产建筑提供{0}速度加成	Ajoute un bonus de {0} de vitesse multiplicatif par niveau à tous les bâtiments de production occupés par des travailleurs.	Fügt {0} multiplikativen Geschwindigkeitsbonus pro Stufe zu allen Produktionsgebäuden hinzu, die Arbeiten haben	Adiciona {0} bônus de velocidade multiplicativo por nível a todos os edifícios de produção ocupadas pelos trabalhadores	Добавляет {0} к скорости производства (на каждый уровень) всем производственным зданиям, в которых есть рабочие	Adiciona {0} de bônus multiplicativo de velocidade por nível a todos os edifícios de produção ocupados por trabalhadores	為所有工人佔用的生產建築每級增加 {0} 倍的速度加成	ワーカーが居住する生産施設の生産スピードを{0}上昇させます	İşçilerin kullandığı tüm üretim binalarına seviye başına {0} çarpanlı hız bonusu ekler	Přidá {0} multiplikativní rychlostní bonus za úroveň do všech výrobních budov obsazených pracovníky	Aggiunge {0} bonus di velocità moltiplicativo per livello a tutti gli edifici di produzione dai lavoratori occupati
ItemDescriptionKnowledgeOmniTempleSpeed	Aggiunge {0} bonus velocità di produzione per livello di Omnitemples	Añade {0} velocidad de producción por nivel a OmniTemplos	每级为神力神殿提供{0}点生产速度加成	Ajoute un bonus de {0} de vitesse de production par niveau aux OmniTemples.	Fügt {0}  Produktionsgeschwindigkeitsbonus pro Stufe zu Omnitempeln hinzu	Adiciona {0} bônus de velocidade de produção por nível para Omnitemples	Повышает скорость производства в Омни Храме на {0} за каждый уровень	Adiciona {0} de bônus de velocidade de produção por nível aos Templos Omni	為元素神殿每級增加 {0} 生產速度加成	オムニ神殿の生産スピードを{0}上昇させます	Omnitemples'a seviye başına {0} üretim hızı bonusu ekler	Přidá do Omnitemples bonus za rychlost produkce za úroveň ve výši {0}	Aggiunge {0} bonus velocità di produzione per livello di Omnitemples
ItemDescriptionKnowledgeFireTempleSpeed	Aggiunge {0} bonus velocità di produzione per livello di templi del fuoco	Añade {0} velocidad de producción por nivel a Templos de Fuego	每级为火之神殿提供{0}点生产速度加成	Ajoute un bonus de {0} de vitesse de production par niveau aux Temples du feu.	Fügt {0}  Produktionsgeschwindigkeitsbonus pro Stufe zu Feuertempeln hinzu	Adiciona {0} bônus de velocidade de produção por nível para disparar Templos	Повышает скорость производства в Храме Огня на {0} за каждый уровень	Adiciona {0} de bônus de velocidade de produção por nível aos Templos do Fogo	為火神廟每級增加 {0} 生產速度加成	火の神殿の生産スピードを{0}上昇させます	Ateş Tapınaklarına seviye başına {0} üretim hızı bonusu ekler	Přidá do Ohnivého chrámu bonus za rychlost produkce za úroveň ve výši {0}	Aggiunge {0} bonus velocità di produzione per livello di templi del fuoco
ItemDescriptionKnowledgeWaterTempleSpeed	Aggiunge {0} bonus velocità di produzione per livello di acqua Templi	Añade {0} velocidad de producción por nivel a Templos de Agua	每级为水之神殿提供{0}点生产速度加成	Ajoute un bonus de {0} de vitesse de production par niveau aux Temples de l'eau.	Fügt {0}  Produktionsgeschwindigkeitsbonus pro Stufe zu Wassertempeln hinzu	Adiciona {0} bônus de velocidade de produção por nível de Templos de água	Повышает скорость производства в Храме Воды на {0} за каждый уровень	Adiciona {0} de bônus de velocidade de produção por nível aos Templos da Água	為水神廟每級增加 {0} 生產速度加成	水の神殿の生産スピードを{0}上昇させます	Su Tapınaklarına seviye başına {0} üretim hızı bonusu ekler	Přidá do Vodního chrámu bonus za rychlost produkce za úroveň ve výši {0}	Aggiunge {0} bonus velocità di produzione per livello di acqua Templi
ItemDescriptionKnowledgeEarthTempleSpeed	Aggiunge {0} bonus velocità di produzione per livello di templi della Terra	Añade {0} velocidad de producción por nivel a Templos de Tierra	每级为土之神殿提供{0}点生产速度加成	Ajoute un bonus de {0} de vitesse de production par niveau aux Temples de la terre.	Fügt {0}  Produktionsgeschwindigkeitsbonus pro Stufe zu Erdtempeln hinzu	Adiciona {0} bônus de velocidade de produção por nível para templos da Terra	Повышает скорость производства в Храме Земли на {0} за каждый уровень	Adiciona {0} de bônus de velocidade de produção por nível aos Templos da Terra	為土神廟每級增加 {0} 生產速度加成	地の神殿の生産スピードを{0}上昇させます	Dünya Tapınaklarına seviye başına {0} üretim hızı bonusu ekler	Přidá do Zemského chrámu bonus za rychlost produkce za úroveň ve výši {0}	Aggiunge {0} bonus velocità di produzione per livello di templi della Terra
ItemDescriptionKnowledgeAirTempleSpeed	Aggiunge {0} bonus velocità di produzione per livello di Templi Air	Añade {0} velocidad de producción por nivel a Templos de Aire	每级为风之神殿提供{0}点生产速度加成	Ajoute un bonus de {0} de vitesse de production par niveau aux Temples de l'air.	Fügt {0}  Produktionsgeschwindigkeitsbonus pro Stufe zu Lufttempeln hinzu	Adiciona {0} bônus de velocidade de produção por nível para ar Templos	Повышает скорость производства в Храме Воздуха на {0} за каждый уровень	Adiciona {0} de bônus de velocidade de produção por nível aos Templos do Ar	為風神廟每級增加 {0} 生產速度加成	風の神殿の生産スピードを{0}上昇させます	Hava Tapınaklarına seviye başına {0} üretim hızı bonusu ekler	Přidá do Vzdušného chrámu bonus za rychlost produkce za úroveň ve výši {0}	Aggiunge {0} bonus velocità di produzione per livello di Templi Air
ItemDescriptionKnowledgeFireShrineSpeed	Aggiunge {0} bonus velocità di produzione per livello a Fire Santuari	Añade {0} velocidad de producción por nivel a Santuarios de Fuego	每级为火之神庙提供{0}点生产速度加成	Ajoute un bonus de {0} de vitesse de production par niveau aux Sanctuaires du feu.	Fügt {0}  Produktionsgeschwindigkeitsbonus pro Stufe zu Feuerschreinen hinzu	Adiciona {0} bônus de velocidade de produção por nível de Fire Santuários	Повышает скорость производства в Святилище Огня на {0} за каждый уровень	Adiciona {0} de bônus de velocidade de produção por nível aos Santuários do Fogo	為火神殿每級增加 {0} 生產速度加成	火のほこらの生産スピードを{0}上昇させます	Ateş Tapınaklarına seviye başına {0} üretim hızı bonusu ekler	Přidá do Ohnivé svatyně bonus za rychlost produkce za úroveň ve výši {0}	Aggiunge {0} bonus velocità di produzione per livello a Fire Santuari
ItemDescriptionKnowledgeWaterShrineSpeed	Aggiunge {0} bonus velocità di produzione per livello di acqua Santuari	Añade {0} velocidad de producción por nivel a Santuarios de Agua	每级为水之神庙提供{0}点生产速度加成	Ajoute un bonus de {0} de vitesse de production par niveau aux Sanctuaires de l'eau.	Fügt {0}  Produktionsgeschwindigkeitsbonus pro Stufe zu Wasserschreinen hinzu	Adiciona {0} bônus de velocidade de produção por nível de água Santuários	Повышает скорость производства в Святилище Воды на {0} за каждый уровень	Adiciona {0} de bônus de velocidade de produção por nível aos Santuários da Água	為水神殿每級增加 {0} 生產速度加成	水のほこらの生産スピードを{0}上昇させます	Su Tapınaklarına seviye başına {0} üretim hızı bonusu ekler	Přidá do Vodní svatyně bonus za rychlost produkce za úroveň ve výši {0}	Aggiunge {0} bonus velocità di produzione per livello di acqua Santuari
ItemDescriptionKnowledgeEarthShrineSpeed	Aggiunge {0} bonus velocità di produzione per livello sulla Terra Santuari	Añade {0} velocidad de producción por nivel a Santuarios de Tierra	每级为土之神庙提供{0}点生产速度加成	Ajoute un bonus de {0} de vitesse de production par niveau aux Sanctuaires de la terre.	Fügt {0}  Produktionsgeschwindigkeitsbonus pro Stufe zu Erdschreinen hinzu	Adiciona {0} bônus de velocidade de produção por nível para a Terra Santuários	Повышает скорость производства в Святилище Земли на {0} за каждый уровень	Adiciona {0} de bônus de velocidade de produção por nível aos Santuários da Terra	為土神殿每級增加 {0} 生產速度加成	地のほこらの生産スピードを{0}上昇させます	Dünya Tapınaklarına seviye başına {0} üretim hızı bonusu ekler	Přidá do Zemské svatyně bonus za rychlost produkce za úroveň ve výši {0}	Aggiunge {0} bonus velocità di produzione per livello sulla Terra Santuari
ItemDescriptionKnowledgeAirShrineSpeed	Aggiunge {0} bonus velocità di produzione per livello di Air Santuari	Añade {0} velocidad de producción por nivel a Santuarios de Aire	每级为风之神庙提供{0}点生产速度加成	Ajoute un bonus de {0} de vitesse de production par niveau aux Sanctuaires de l'air.	Fügt {0}  Produktionsgeschwindigkeitsbonus pro Stufe zu Luftschreinen hinzu	Adiciona {0} bônus de velocidade de produção por nível para Air Santuários	Повышает скорость производства в Святилище Воздуха на {0} за каждый уровень	Adiciona {0} de bônus de velocidade de produção por nível aos Santuários do Ar	為風神殿每級增加 {0} 生產速度加成	風のほこらの生産スピードを{0}上昇させます	Hava Tapınaklarına seviye başına {0} üretim hızı bonusu ekler	Přidá do Vzdušné svatyně bonus za rychlost produkce za úroveň ve výši {0}	Aggiunge {0} bonus velocità di produzione per livello di Air Santuari
ItemDescriptionKnowledgeManaPipeSpeed	Aggiunge {0} velocità bonus movimento per oggetti trasportati da Mana Pipes	Añade {0} velocidad de producción por nivel a artículos transportados a través de Tuberias de Maná	每级为魔力管道运载的货物提供{0}点移动速度加成	Ajoute un bonus de {0} de vitesse de déplacement aux objets transportés par les Tuyaux de mana.	Fügt {0}  Bewegungsgeschwindigkeitsbonus pro Stufe zu Manarohren hinzu	Adiciona {0} bônus de velocidade de movimento para artigos transportados por Pipes Mana	Увеличивает на {0} скорость транспортировки предметов по Манапроводу	Adiciona {0} de bônus de velocidade de movimento aos itens carregados pelos Tubos de Mana	為魔力管道攜帶的物品增加 {0} 移動速度加成	マナパイプの搬送スピードを{0}上昇させます	Mana Pipes tarafından taşınan eşyalara {0} hareket hızı bonusu ekler	Přidá bonus k rychlosti pohybu ve výši {0} k předmětům neseným Mana trubkami	Aggiunge {0} velocità bonus movimento per oggetti trasportati da Mana Pipes
ItemDescriptionKnowledgeBeltSpeed	Aggiunge {0} velocità bonus movimento per oggetti trasportati da nastri trasportatori	Añade {0} velocidad de producción por nivel a artículos transportados a través de Cintas Transportadoras	每级为传送带运载的货物提供{0}点移动速度加成	Ajoute un bonus de {0} de vitesse de déplacement aux objets transportés par les Tapis roulants.	Fügt {0}  Bewegungsgeschwindigkeitsbonus pro Stufe zu Transportbändern hinzu	Adiciona {0} bônus de velocidade de movimento para artigos transportados por correias transportadoras	Повышает на {0} скорость транспортировки предметов по конвейерам	Adiciona {0} de bônus de velocidade de movimento aos itens transportados pelas Esteiras 	為輸送帶攜帶的物品增加 {0} 移動速度加成	搬送ベルトの搬送スピードを{0}上昇させます	Taşıma Bantları tarafından taşınan eşyalara {0} hareket hızı bonusu ekler	Přidává bonus za rychlost pohybu ve výši {0} k položkám neseným dopravníkovými pásy	Aggiunge {0} velocità bonus movimento per oggetti trasportati da nastri trasportatori
ItemDescriptionKnowledgeHouseMax	Aumenta la capacità massima di casa da {0}	Aumenta la capacidad máxima de Casas por {0}	增加{0}房屋容量上限	Augmente la capacité maximum des maisons de {0}	Erhöhe die maximale Hauskapazität um {0}	Aumenta a capacidade máxima da casa por {0}	Увеличивает максимальную вместимость дома на {0}	Aumenta a Capacidade Máxima da Casa em {0}	將最大房屋容量增加 {0}	人口収容量の上限を{0}上昇させます	Maksimum ev kapasitesini {0} artırır	Zvyšuje maximální kapacitu domu {0}	Aumenta la capacità massima di casa da {0}
ItemDescriptionKnowledgeDeepMining	Consente il posizionamento di mine alberi che può produrre le risorse dai nodi minerali esauriti	Permite la colocación de Minas que producen recursos de nodos de minerales agotados	允许放置可以从耗尽矿物节点中生产资源的矿井	Permet le placement de Puits de mine pouvant produire des ressources à partir des noeuds de minéraux épuisés.	Erlaubt das Platzieren von Minenschächten die Rohstoffe aus erschöpften Mineralquellen fördern können	Permite colocação de poços de minas que pode produzir recursos de nódulos minerais empobrecido	Позволяет строить Шахту, которая сможет добывать ресурсы на истощенных месторождениях	Permite a colocação de tuneis de minas que podem produzir recursos de nós minerais esgotados	允許放置可以從耗盡的礦物節點中生產資源的礦井	坑道を配置できるようになります。枯渇した鉱物ノードから資源を生成できます。	Tükenmiş maden düğümlerinden kaynak üretebilen Maden Şaftlarının yerleştirilmesine izin verir	Umožňuje umístění důlních šachet, které mohou produkovat zdroje z vyčerpaných minerálních uzlů	Consente il posizionamento di mine alberi che può produrre le risorse dai nodi minerali esauriti
ItemDescriptionKnowledgeOrePlacement	Permette di scavo per minerali specifici e minerali negli alberi Mining altrimenti vuoti	Permite la excavación de minerales en Minas que de otra forma estarían gastados	允许在其他空的矿井中挖掘指定矿石和矿物	Permet de creuser pour des minerais et minéraux spécifiés dans des Puits de mine vides.	Erlaubt das Graben nach spezifischen Erzen und Mineralien in ansonsten leeren Minenschächten	Permite cavando para minérios especificados e minerais em Eixos de mineração de outra forma vazias	Позволяет добывать в Шахтах определенные руды и минералы, после выработки основного ресурса	Permite a escavação de minérios e minerais específicos em túneis de mineração que, de outra forma, estariam vazios	允許在其他空的礦井中挖掘指定的礦石和礦物	空きのある坑道で特定の鉱石や鉱物を掘ることができます	Aksi durumda boş olan Madencilik Şaftlarında belirtilen cevher ve minerallerin kazılmasına olanak sağlar	Umožňuje kopání specifikovaných rud a minerálů v jinak prázdných důlních šachtách	Permette di scavo per minerali specifici e minerali negli alberi Mining altrimenti vuoti
ItemLabelAirship	Dirigibile	Dirigible	飞艇	Ballon Dirigeable	Luftschiff	Dirigível	Дирижабль	Dirigível	飛船	飛行船	Zeplin	Vzducholoď	Dirigibile
ItemLabelAnimalFeed	Mangime	Comida para animales	动物饲料	Nourriture pour animaux	Tierfutter	Alimentação animal	Корма для животных	Ração animal	動物飼料	飼料	Hayvan yemi	Krmivo pro zvířata	Mangime
ItemLabelAntidote	Antidoto	Antídoto	解毒剂	Antidote	Gegengift	Antídoto	Противоядие	Antídoto	解毒劑	解毒剤	Panzehir	Protijed	Antidoto
ItemLabelApple	Mela	Manzana	苹果	Pomme	Apfel	maçã	Яблоко	Maçã	蘋果	りんご	Elma	Jablko	Mela
ItemLabelApplePie	Torta di mele	Pastel de Manzana	苹果派	Tarte aux pommes	Apfelkuchen	Tarte de Maçã	Яблочный пирог	Torta de Maçã	蘋果派	アップルパイ	Elmalı turta	Jablečný koláč	Torta di mele
ItemLabelBandage	Benda	Vendaje	绷带	Bandage	Verband	Penso Curativo	Бинт	Bandagem	繃帶	包帯	Bandaj	Obvaz	Benda
ItemLabelBaseUpgrade	Aggiorna	Mejorar	升级	Améliorer	Verbesserung	Melhorar	Улучшить	Melhorar	升級城鎮中心	アップグレード	Güncelleme	Upgrade	Aggiorna
ItemLabelBarnUpgrade	Aggiorna	Mejorar	升级	Améliorer	Aufrüsten	Atualizar	Улучшить	Melhorar	升級	アップグレード	Güncelleme	Upgrade	Aggiorna
ItemLabelBerries	Bacche	Bayas	浆果	Baies	Beeren	bagas	Ягоды	Amora	漿果	ベリー	Meyveler	Bobule	Bacche
ItemLabelBerryCake	Torta alle bacche	Pastel de Bayas	浆果蛋糕	Gâteau aux baies	Beerenkuchen	Tarte de bagas	Ягодный пирог	Bolo de Festa Recheado	漿果蛋糕	ベリーケーキ	Meyveli Kek	Bobulový koláč	Torta alle bacche
ItemLabelBerryJam	Marmellata di bacca	Mermelada de bayas	浆果果酱	Confiture de baies	Beerenmarmelade	Geléia de baga	Ягодное варенье	Geleia de Amora	漿果果醬	ベリージャム	Berry Reçeli	Bobulový džem	Marmellata di bacca
ItemLabelBerryJuice	Succo di bacca	Zumo de bayas	浆果果汁	Jus de baie	Beerensaft	Suco de baga	Ягодный сок	Suco de Amora	漿果汁	ベリージュース	Meyve Suyu	Bobulová šťáva	Succo di bacca
ItemLabelBread	Pane	Pan	面包	Pain	Brot	Pão	Хлеб	Pão	法國麵包	パン	Ekmek	Chléb	Pane
ItemLabelBook	Libro	Libro	书本	Livre	Buch	Livro	Книга	Livro	寶典籍	本	Kitap	Kniha	Libro
ItemLabelBoxcar	Boxcar	Furgón	棚车	Wagon couvert	Güterwagen	Boxcar	Товарный вагон	Vagão	棚車	ボックス車	Yük vagonu	Nákladní vůz	Boxcar
ItemLabelButter	Burro	Mantequilla	黄油	Beurre	Butter	manteiga	Масло	Manteiga	奶油	バター	Tereyağı	Máslo	Burro
ItemLabelCactusFruit	Fico d'india	Fruta de Cactus	仙人掌果	Fruit de cactus	Kaktusfrucht	Fruto de Cacto	Кактус (плод)	Fruta de Cacto	仙人掌果實	サボテンの果実	Kaktüs Meyvesi	Kaktus	Fico d'india
ItemLabelCactusJam	Marmellata di cactus	Mermelada de cactus	仙人掌果酱	Confiture de cactus	Kaktusmarmelade	Geléia de cacto	Кактусовое варенье	Geleia de Cacto	仙人掌果醬	サボテンジャム	Kaktüs Reçeli	Kaktusový džem	Marmellata di cactus
ItemLabelCaravan	Carovana	Caravana	大篷车	Caravane	Planwagen	Caravana	Повозка	Caravana	大篷車	キャラバン	Karavan	Obytný vůz	Carovana
ItemLabelCargoBoat	Nave Cargo	Barco de Carga	货船	Navire cargo	Frachtschiff	Barco de carga	Грузовое судно	Navio de Carga	貨船	貨物船	Kargo gemisi	Nákladní loď	Nave Cargo
ItemLabelCarrot	Carota	Zanahoria	胡萝卜	Carotte	Möhre	Cenoura	Морковь	Cenoura	胡蘿蔔	にんじん	Havuç	Mrkev	Carota
ItemLabelCake	Torta	Pastel	蛋糕	Gâteau	Kuchen	Bolo	Пирог	Bolo	蛋糕	ケーキ	Kek	Dort	Torta
ItemLabelCheese	Formaggio	Queso	奶酪	Fromage	Käse	Queijo	Сыр	Queijo	起司	チーズ	Peynir	Sýr	Formaggio
ItemLabelCloak	Mantello	Capa	斗篷	Manteau	Mantel	Capa	Плащ	Capa	斗篷	クローク	Pelerin	Plášť	Mantello
ItemLabelCloth	Stoffa	Paño	布料	Tissu	Stoff	Pano	Ткань	Tecido	布料	布	Kumaş	Tkanina	Stoffa
ItemLabelCoal	Carbone	Carbón	煤炭	Charbon	Kohle	Carvão	Уголь	Carvão	煤炭	石炭	Kömür	Uhlí	Carbone
ItemLabelCotton	Cotone	Algodón	棉花	Coton	Baumwolle	Algodão	Хлопок	Algodão	棉花	木綿	Pamuk	Bavlna	Cotone
ItemLabelCookedBeef	Manzo cotto	Ternera cocinada	熟牛肉	Bœuf cuit	Gebratenes Rindfleisch	Carne Preparada	Жареная говядина	Carne Cozida	熟牛肉	ビーフステーキ	Pişmiş et	Vařené hovězí maso	Manzo cotto
ItemLabelCookedChicken	Pollo cotto	Pollo cocinado	熟鸡肉	Poulet rôti	Gebratenes Huhn	Galinha cozida	Жареная курица	Frango Cozido	熟雞腿	ローストチキン	Pişmiş tavuk	Vařené kuře	Pollo cotto
ItemLabelConveyorBelt	Nastro Trasportatore in Metallo	Cinta transportadora de Metal	金属传送带	Tapis roulant en métal	Metallförderband	Linha ferrea de metal	Металлический конвейер	Esteira de Metal	金屬輸送帶	金属の搬送ベルト	Metal Konveyör Bant	Kovový dopravníkový pás	Nastro Trasportatore in Metallo
ItemLabelConveyorBeltCloth	Nastro Trasportatore in Stoffa	Cinta transportadora de Paño	布制传送带	Tapis roulant en tissu	Stoffförderband	Linha ferrea de pano	Тканевый конвейер	Esteira de Tecido	布制輸送帶	布の搬送ベルト	Kumaş Taşıma Bandı	Látkový dopravníkový pás	Nastro Trasportatore in Stoffa
ItemLabelConveyorBeltMagic	Nastro Trasportatore Magico	Cinta transportadora Mágica	魔力传送带	Tapis roulant magique	Magisches Förderband	Linha ferrea Magica	Магический конвейер	Esteira Mágica	魔法輸送帶	魔法の搬送ベルト	Sihirli Konveyör Bant	Kouzelný dopravníkový pás	Nastro Trasportatore Magico
ItemLabelCrown	Corona	Corona	风之王冠	Couronne	Krone	Coroa	Корона	Coroa	風王冠	王冠	Taç	Koruna	Corona
ItemLabelDragonFruit	Frutto di drago	Fruta de dragón	火龙果	Fruit du dragon	Drachenfrucht	Fruta do dragão	Драконий фрукт	Pitaia	火龍果	ドラゴンフルーツ	Ejder meyvesi	Dračí ovoce	Frutto di drago
ItemLabelDragonPunch	Dragon Punch.	Zumo de cactus	火龙果宾治	Punch du dragon	Drachenpunsch	Ponche de frutas	Драгон-пунш	Ponche de Pitaia	火龍果賓治	ドラゴンパンチ	Ejderha Yumruğu	Kaktusový punč	Dragon Punch.
ItemLabelElixer	Elisir	Elixir	万灵药	Élixir	Elixier	Elixir	Эликсир	Elixir	萬靈藥	エリクサー	İksir	Elixír	Elisir
ItemLabelEgg	Uova	Huevo	鸡蛋	Œuf	Ei	Ovo	Яйцо	Ovo	雞蛋	卵	Yumurta	Vejce	Uova
ItemLabelEnchantedBook	Libro incantato	Libro encantado	附魔书本	Livre enchanté	Verzaubertes Buch	Livro Magico	Зачарованная книга	Livro Encantado	附魔寶典籍	魔法の本	Büyülü Kitap	Okouzlená kniha	Libro incantato
ItemLabelEnchantedBookRed	Libro di magia del potere	Libro de hechizos de Fuerza	力量法术书	Grimoire de force	Zauberbuch der Stärke	Livro Magico de Força	Заклинания Силы	Livro de Feitiços: Força	力量法術書	力の魔導書	Güç Büyü Kitabı	Kniha kouzel síly	Libro di magia del potere
ItemLabelEnchantedBookYellow	Libro di magia dell'energia	Libro de hechizos de Estamina	耐力法术书	Grimoire d'endurance	Zauberbuch der Ausdauer	Livro Magico de resistência	Заклинания Выносливости	Livro de Feitiços: Resistência	耐力法術書	体力の魔導書	Dayanıklılık Büyü Kitabı	Kniha kouzel výdrže	Libro di magia dell'energia
ItemLabelEnchantedBookBlue	Libro di magia di cura	Libro de hechizos de Curación	治疗法术书	Grimoire de soin	Zauberbuch der Heilung	Livro Magico de Cura	Заклинания Исцеления	Livro de Feitiços: Cura	治療法術書	治癒の魔導書	Tedavi Büyü Kitabı	Kniha kouzel léčby	Libro di magia di cura
ItemLabelEnchantedBookPurple	Libro di magia di protezione	Libro de hechizos de Protectión	防护法术书	Grimoire de protection	Zauberbuch des Schutzes	Livro Magico de Proteção	Заклинания Защиты	Livro de Feitiços: Proteção	防護法術書	防御の魔導書	Koruma Büyü Kitabı	Kniha kouzel ochrany	Libro di magia di protezione
ItemLabelEnchantedIronPlate	Mattone di mana	Ladrillo de Mana	魔力砖块	Brique de mana	Manaziegel	Tijolo de Mana	Кирпич маны	Tijolo de Mana	魔力石磚	マナのレンガ	Mana Tuğlası	Cihla many	Mattone di mana
ItemLabelEnchantedCloth	Panno incantato	Ropa encantada	附魔衣服	Tissu enchanté	Verzauberter Stoff	Enchanted pano	Зачарованная ткань	Tecido Encantado	附魔布料	魔法の布	Büyülü Kumaş	Očarovaná látka	Panno incantato
ItemLabelEnchantedPlank	Plank incantato	Tabla encantada	附魔木板	Planche enchantée	Verzaubertes Brett	Enchanted Plank	Зачарованная доска	Tábua Encantada	附魔木板	魔法の板材	Büyülü Kalas	Očarované prkno	Plank incantato
ItemLabelFertilizer	Fertilizzante	Fertilizante	肥料	Engrais	Dünger	Fertilizante	Удобрение	Fertilizante	肥料	肥料	Gübre	Hnojivo	Fertilizzante
ItemLabelFireRing	Anello di fuoco	Anillo de Fuego	火之戒指	Anneau de feu	Feuerring	Anel de fogo	Кольцо Огня	Anel de Fogo	火戒指	火の指輪	Ateş çemberi	Ohnivý kruh	Anello di fuoco
ItemLabelFishCooked	Pesce cotto	Pescado cocinado	熟鱼	Poisson cuit	Gebratener Fisch	Peixe cozido	Жареная рыба	Peixe Cozido	熟魚	焼き魚	Pişmiş balık	Vařené ryby	Pesce cotto
ItemLabelFishStew	Stufato di pesce	Estofado de pescado	炖鱼	Ragoût de poisson	Fischeintopf (Bouillabaisse)	Caldo de peixe	Тушеная рыба	Ensopado de Peixe	燉魚	魚のシチュー	Balık yahnisi	Rybí guláš	Stufato di pesce
ItemLabelFlour	Farina	Harina	面粉	Farine	Mehl	Farinha	Мука	Farinha	麵粉	小麦粉	Un	Mouka	Farina
ItemLabelFruitJuice	Succo di frutta	Zumo de manzana	苹果汁	Jus de pomme	Apfelsaft	Suco de maçã	Фруктовый сок	Suco de Maçã	蘋果汁	りんごジュース	Elma suyu	Jablečný džus	Succo di frutta
ItemLabelFilterAnything	Qualunque oggetto	Cualquier artículo	任意物品	N'importe quel objet	Jeder Gegenstand	Qualquer item	Любой предмет	Qualquer item	任意物品	任意のアイテム	Herhangi bir madde	Jakákoliv položka	Qualunque oggetto
ItemLabelFilterCrushable	Ore Crushable	Mineral rompible	可碎矿石	Minerai broyable	Zerbrechliches Erz	Mineral Capaz de Extracao	Дробленая руда	Minério Triturável	可粉碎的礦石	粉砕可能な鉱石	Kırılabilir Cevher	Drtitelná ruda	Ore Crushable
ItemLabelFilterCrushResult	Elemental Shard	Fragmento elemental	元素碎片	Éther	Äthersplitter	Estilhaço Elemental	Стихийный Осколок	Éteres	乙太	エレメントの鉱石	Eterler	Éter	Elemental Shard
ItemLabelFilterChargedElement	Charged Element	Cristal cargado	已充能的水晶	Cristal chargé	Aufgeladener Kristall	Elemento Carregado	Заряженный кристалл	Cristal Carregado	充能的結晶	チャージ済み結晶	Yüklü Kristal	Nabitý krystal	Charged Element
ItemLabelFilterDepletedElement	Depleted Element	Cristal agotado	已枯竭的水晶	Cristal épuisé	Verbrauchter Kristall	Elemento Esgotado	Разряженный кристалл	Cristal Esgotado	耗盡的結晶	枯渇した結晶	Tükenmiş Kristal	Vyčerpaný krystal	Depleted Element
ItemLabelFilterFluid	Fluido	Líquido	流体	Fluide	Flüssigkeit	Fluido	Жидкость	Fluido	流體	流体	Sıvı	Tekutina	Fluido
ItemLabelFilterFruit	Frutta	Fruta	水果	Fruit	Obst	Fruta	Фрукты	Frutas	水果	フルーツ	Meyve	Ovoce	Frutta
ItemLabelFilterFuel	Carburante	Combustible	燃料	Carburant	Brennstoff	Combustível	Топливо	Combustível	燃料	燃料	Yakıt	Pohonné hmoty	Carburante
ItemLabelFilterRollable	arrotolabile	Suelto a granel	散装	Vrac	Rollbar	Roda sobre si	Можно перекатывать	Granel Solto	散裝	ばら物	Gevşek Toplu	Volná hromada	arrotolabile
ItemLabelFilterPackable	Articolo Packable	Artículo empaquetable	可打包物品	Objet empaquetable	Verpackbarer Gegenstand	Item empacotável	Можно упаковать	Item Embalável	可打包的物品	梱包可能アイテム	Paketlenebilir Öğe	Balitelná položka	Articolo Packable
ItemLabelFilterPackage	Crate Item	Caja de Artículos	物品箱子	Caisse	Kiste	Caixa de Items	Упакованный предмет	Caixa de Itens	物品板條箱	アイテム箱	Eşya Sandığı	Bedna na věci	Crate Item
ItemLabelFilterPurifiedElement	purificata Element	Cristal purificado	已净化的水晶	Cristal purifié	Gereinigter Kristall	Elemento Purificado	Очищенный элемент	Cristal Purificado	純化的結晶	精錬済み結晶	Arıtılmış Kristal	Vyčištěný krystal	purificata Element
ItemLabelFilterSchoolKnowledge	rifornimenti di scrittura	Suministros de escritura	书写材料	Matériels d'écriture	Schreibwaren	Recursos de Escrita	Письменные принадлежности	Material de Escrita	寫作用品	筆記用具	Yazı Malzemeleri	Psací potřeby	rifornimenti di scrittura
ItemLabelFilterCategoryFoodFruit	Frutta	Fruta	水果	Fruit	Obst	Fruta	Фрукты	Frutas	水果	フルーツ	Meyve	Ovoce	Frutta
ItemLabelFilterCategoryFoodExoticFruit	Frutta esotica	Fruta exótica	热带水果	Fruit exotique	Ressourcenaffinität von Feldfrüchten erhöht sich jedes mal wenn sie wachsen.	Fruta exótica	Экзотический фрукт	Frutas Exóticas	熱帶水果	エキゾチックフルーツ	Egzotik meyve	Exotické ovoce	Frutta esotica
ItemLabelFilterCategoryChicken	Pollo	Pollo	鸡肉	Poulet	Huhn	Frango	Курица	Frango	雞肉	鶏肉	Tavuk	Kuře	Pollo
ItemLabelFilterCategoryBeef	Manzo	Carne de res	牛肉	Bœuf	Rindfleisch	Carne	Говядина	Carne	牛肉	牛肉	Biftek	Hovězí	Manzo
ItemLabelFilterCategoryFish	Pesce	Pez	鱼	Poisson	Fisch	Peixe	Рыба	Peixe	鮮魚	魚	Balık	Ryba	Pesce
ItemLabelFilterCategoryCake	Torta	Pastel	蛋糕	Gâteau	Kuchen	Bolo	Торт	Bolo	蛋糕	ケーキ	Kek	Dort	Torta
ItemLabelFilterCategoryFabric	Tessuto	Tela	布	Tissu	Stoff	tecido	Ткани	Tecido	織物	布地	Kumaş	Tkanina	Tessuto
ItemLabelFilterCategoryConstructionWood	Costruzione di legno	Construcción de madera	木结构	Construction en bois	Holzkonstruktionen	Construção de madeira	Деревянные конструкции	Construção em Madeira	木建設	木の建材	Ahşap İnşaat	Dřevěná konstrukce	Costruzione di legno
ItemLabelFilterCategoryConstructionStone	Costruzione di pietra	Construcción de piedra	石建设	Construction en pierre	Steinkonstruktionen	Construção de pedra	Конструкции из камня	Construção em Pedra	石建設	石の建材	Taş İnşaat	Kamenná konstrukce	Costruzione di pietra
ItemLabelFilterCategoryConstructionMetal	Costruzione di metallo	Construcción de metal	金属结构	Construction en métal	Metallkonstruktionen	Construção metal	Металлические конструкции	Construção em Metal	金屬建設	金属の建材	Metal Konstrüksiyon	Kovová konstrukce	Costruzione di metallo
ItemLabelFilterCategoryBandages	Bende	Vendajes	绷带	Bandages	Bandagen	ataduras	Бинты	Bandagens	繃帶	包帯	Bandajlar	Obvazy	Bende
ItemLabelFilterCategoryRestorative	Restoratives	Restauradores	补剂	Fortifiants	Stärkungsmittel	Restoratives	Тонизирующее средство	Restaurativos	恢復劑	薬品	Restoratifler	Výplňové prostředky	Restoratives
ItemLabelFilterCategoryTopical	salves	Bálsamos	药膏	Baume	Salben	salves	Целебные мази	Salvas	藥膏	ぬり薬	Merhemler	Výbuchy	salves
ItemLabelFilterCategoryBook	Libri	Libros	图书	Livres	Bücher	livros	Книги	Livros	書籍	本	Kitabın	Knihy	Libri
ItemLabelFilterCategoryJuice	Succo	Zumo	果汁	Jus	Saft	Suco	Сок	Suco	果汁	ジュース	Meyve suyu	Džus	Succo
ItemLabelFilterCategoryJam	Marmellata	Mermelada	果酱	Confiture	Marmelade	Geléia	Варенье	Geléia	果醬	ジャム	Reçel	Džem	Marmellata
ItemLabelFilterCategoryBasicFood	Cibo di base	Alimentos Básicos	初级食物	Aliments basiques	Grundnahrungsmittel	Comida simples	Базовая еда	Alimentação Básica	食材	一般食品	Temel besin	Základní potraviny	Cibo di base
ItemLabelFilterManaCrystal	Cristalli di mana	Cristales de Maná	魔法水晶	Cristaux de mana	Manakristalle	Cristais de mana.	Кристаллы Mana	Cristais de Mana	魔力結晶	マナ結晶	Mana Kristalleri	Mana krystaly	Cristalli di mana
ItemLabelFilterFireCrystal	Cristalli antincendio	Cristales de Fuego	火之水晶	Cristaux de feu	Feuerkristalle	Cristais de fogo	Кристаллы огня	Cristais de Fogo	火結晶	火の結晶	Ateş Kristalleri	Ohnivé krystaly	Cristalli antincendio
ItemLabelFilterWaterCrystal	Cristalli d'acqua	Cristales de Agua	水之水晶	Cristaux d'eau	Wasserkristalle	Cristais de água.	Кристаллы воды	Cristais de Água	水結晶	水の結晶	Su Kristalleri	Vodní krystaly	Cristalli d'acqua
ItemLabelFilterEarthCrystal	Cristalli terrestri	Cristales de Tierra	土之水晶	Cristaux de terre	Erdkristalle	Cristais da terra	Кристаллы Земли	Cristais de Terra	土結晶	地の結晶	Dünya Kristalleri	Zemské krystaly	Cristalli terrestri
ItemLabelFilterAirCrystal	Cristalli aerei	Cristales de Aire	风之水晶	Cristaux d'air	Luftkristalle	Cristais de ar	Воздушные кристаллы	Cristais de Ar	風結晶	風の結晶	Hava Kristalleri	Vzdušné krystaly	Cristalli aerei
ItemLabelFish	Pesce	Pez	鱼	Poisson	Fisch	Peixe	Рыба	Peixe	鮮魚	魚	Balık	Ryba	Pesce
ItemLabelFishingBoat	Barca da pesca	Barco de pesca	渔船	Bateau	Fischerboot	Barco de pesca	Лодка	Barco	木船	ボート	Bot	Loď	Barca da pesca
ItemLabelFishOil	Olio di pesce	Aceite de pescado	鱼油	Huile de poisson	Fischöl	Óleo de peixe	Рыбий жир	Óleo de peixe	魚油	フィッシュオイル	Balık Yağı	Rybí tuk	Olio di pesce
ItemLabelHerb	Erba	Hierba	草药	Herbe	Kräuter	Erva	Целебные растение	Erva	草藥	ハーブ	Bitki	Bylina	Erba
ItemLabelHopperCar	Auto tramoggia	Tolva	漏斗车	Wagon-trémie	Schüttgutwagen	Hopper Car	Хоппер	Vagão-Funil	漏斗車	ホッパ車	Hazne Arabası	Násypný vůz	Auto tramoggia
ItemLabelJam	Marmellata	Mermelada demanzana	苹果酱	Confiture de pommes	Marmelade	Geléia de maçã	Варенье	Geleia de Maçã	蘋果果醬	りんごジャム	Elma Reçeli	Apple Jam.	Marmellata
ItemLabelGear	Ingranaggio	Engranaje	齿轮	Engrenage	Zahnrad	Engrenagem	Шестерня	Engrenagem	齒輪	歯車	Vites	Ozubené kolo	Ingranaggio
ItemLabelGoldOre	Minerale d'oro	Mineral de oro	金矿	Minerai d'or	Golderz	Minério de ouro	Золотая руда	Minério de ouro	金礦石	金鉱石	Altın Cevheri	Zlatá ruda	Minerale d'oro
ItemLabelGoldIngot	Lingotto d'oro	Lingote de oro	金锭	Lingot d'or	Goldbarren	Lingote de ouro	Слиток золота	Lingote de ouro	金錠	金塊	Altın külçe	Zlatý ingot	Lingotto d'oro
ItemLabelGrain	Grano	Grano	谷物	Blé	Getreide	Cereais	Злаки	Grãos	穀物	小麦	Tahıl	Obilí	Grano
ItemLabelGrainSeeds	Semi di grano	Semillas de Grano	谷物种子	Graine de blé	Getreidesamen	Sementes de cereais	Семена зерна	Sementes de Grãos	穀物種子	小麦の種	Tahıl tohumları	Semena obilí	Semi di grano
ItemLabelHarvester	Harvester Drill	Taladro Cosechador	收割机钻头	Chariot de forage	Erntemaschine	Broca de Recolha	Харвестер	Colheitadeira	鑽頭採礦機	採掘ドリル	Biçerdöver Matkap	Kombajn	Harvester Drill
ItemLabelHealthPotion	Pozione curativa	Poción de salud	体力药水	Potion de vie	Heiltrank	Poção de Vida	Зелье здоровья	Poção de Saúde	健康藥水	ヘルスポーション	Can iksiri	Léčivý lektvar	Pozione curativa
ItemLabelHouseUpgrade	Aggiorna casa	Mejorar Casa	升级房屋	Améliorer Maison	Haus verbessern	Melhorar Casa	Улучшить дом	Melhorar Casa	升級房屋	住宅をアップグレード	Evi Yükselt	Upgrade domu	Aggiorna casa
ItemLabelNothing	Niente	Nada	没有	Rien	Nichts	Nada	Ничего	Nenhum	無	なし	Hiç bir şey	Nic	Niente
ItemLabelIronOre	Minerale di ferro	Mineral de hierro	铁矿石	Minerai de fer	Eisenerz	Minério de ferro	Железная руда	Minério de Ferro	鐵礦石	鉄鉱石	Demir cevheri	Železná Ruda	Minerale di ferro
ItemLabelIronPlate	Lingotto di Ferro	Barra de hierro	铁块	Lingot de fer	Eisenplatte	Placa de ferro	Железная пластина	Lingote de Ferro	鐵錠	鉄板	Demir plaka	Železný plát	Lingotto di Ferro
ItemLabelIronWheel	Ruota di ferro	Rueda de hierro	铁轮	Roue en fer	Eisenrad	Roda de ferro	Железное колесо	Roda de ferro	鐵輪	鉄の車輪	Demir Tekerlek	Železné kolo	Ruota di ferro
ItemLabelLeather	Cuoio	Cuero	皮革	Cuir	Leder	Couro	Натуральная кожа	Couro	皮革	皮革	Deri	Kůže	Cuoio
ItemLabelMagma	Magma	Magma	岩浆	Magma	Magma	Magma	Магма	Magma	岩漿	マグマ	Magma	Magma	Magma
ItemLabelManaPipe	mana tubo	Tuberia de Magma	魔力管道	Tuyau de mana	Manarohr	Tubo de Mana	Манапровод	Tubo de Mana	魔力管	マナパイプ	Mana Borusu	Mana trubka	mana tubo
ItemLabelManaPipeItem	Mana tubo Item	Articulo de Tuberia de Magma	魔力管道物品	Objet d'un Tuyau de mana	Manarohrbauteil	Item de Tubo de Mana	Предмет манапровода	Item Tubo de Mana	魔力管物品	マナパイプアイテム	Mana Borusu Öğesi	Mana potrubí	Mana tubo Item
ItemLabelMagicRobe	Tonaca magica	Tunica Magica	法力袍子	Robe magique	Zaubergewand	Robe Magico	Магическая одежда	Manto Mágico	魔法衣服	魔法のローブ	Sihirli Elbise	Kouzelné šaty	Tonaca magica
ItemLabelMagicCloak	Mantello magico	Capa mágica	法力斗篷	Cape magique	Zaubermantel	Capa Magica	Волшебный плащ	Capa Mágica	魔法斗篷	魔法のクローク	Sihirli Pelerin	Kouzelný plášť	Mantello magico
ItemLabelMeatStew	Stufato di carne	Guiso de carne	炖肉	Ragoût de viande	Fleischeintopf (Tafelspitz)	Ensopado de carne	Тушеное мясо	Ensopado de Carne	燉肉	ビーフシチュー	Et yahnisi	Dušené maso	Stufato di carne
ItemLabelMedicalWrap	Impacco medico	Envoltura Medicinal	医用绷带	Kit médical	Medizinischer Verband	Compressas Medicinais	Медицинская повязка	Envoltório Médico	醫療繃帶	医療用テープ	Tıbbi Sargı	Lékařský zábal	Impacco medico
ItemLabelNails	Chiodi	Clavos	钉子	Clous	Nägel	Pregos	Гвозди	Pregos	鐵釘	くぎ	Çiviler	Hřebíky	Chiodi
ItemLabelNecklace	Collana	Collar	土之项链	Collier	Halskette	Colar	Ожерелье	Colar	土項鍊	ネックレス	Kolye	Náhrdelník	Collana
ItemLabelNone	Nessuno	Ninguno	无	Aucun	Nichts	Nenhum	Нет	Nenhum	無	無し	Hiçbiri	Žádný	Nessuno
ItemLabelMilk	Latte	Leche	牛奶	Lait	Milch	Leite	Молоко	Leite	牛奶	ミルク	Süt	Mléko	Latte
ItemLabelOmnistone	Pietra Omni	OmniPiedra	神石	OmniGemme	Omni-Stein	OmniGema	Омни-кристалл	Pedra Omni	神石	オムニストーン	OmniStone	OmniStone	Pietra Omni
ItemLabelOmniPipe	OmniPipe	OmniTubo	神力管道	OmniTuyau	Omni-Rohr	Tubo Omni	Омнипровод	Tubo de Omni	神力管	オムニパイプ	OmniPipe	Omni trubka	OmniPipe
ItemLabelOutfit	Camicia	Camisa	衣服	Chemise	Hemd	Camisa	Рубашка	Camisa	衣服	シャツ	Gömlek	Košile	Camicia
ItemLabelOintment	Unguento	Ungüento	药膏	Pommade	Balsam	Pomada	Мазь	Ungüento	藥膏	軟膏	Merhem	Mast	Unguento
ItemLabelPaper	Carta	Papel	纸张	Papier	Papier	Papel	Бумага	Papel	白紙	紙	Kağıt	Papír	Carta
ItemLabelPastureUpgrade	Pascolo aggiornamento	Mejorar Pasto	升级牧场	Améliorer pâturage	Weide verbessern	Melhorar Pasto	Улучшить Пастбище	Melhorar Pasto	升級牧場	牧場をアップグレード	Merayı Yükselt	Upgrade pastviny	Pascolo aggiornamento
ItemLabelPear	Pera	Pera	梨	Poire	Birne	Pera	Груша	Pera	西洋梨	梨	Armut	Hruška	Pera
ItemLabelPearJam	Marmellata di pera	Mermelada de pera	梨果酱	Confiture de poires	Birnenmarmelade	Geléia de pêra	Грушевое варенье	Geleia de Pera	西洋梨果醬	梨ジャム	Armut Reçeli	Hruškový džem	Marmellata di pera
ItemLabelPearJuice	Succo di pera	Zumo de pera	梨汁	Jus de poire	Birnensaft	Suco de pêra	Грушевый сок	Suco de Pera	西洋梨汁	梨ジュース	Armut Suyu	Hrušková šťáva	Succo di pera
ItemLabelPlank	Tavole	Tablas	木板	Planches	Bretter	Placas de Madeira	Доски	Tábuas	木板	木の板	Kalaslar	Prkna	Tavole
ItemLabelProteinShake	Frullato proteico	Batido de proteínas	高蛋白饮品	Milk-shake protéiné	Proteinshake	Batido de Proteína 	Протеиновый коктейль	Batida Proteica	蛋白質奶昔	プロテイン飲料	Protein takviyesi	Proteinový nápoj	Frullato proteico
ItemLabelPotato	Patata	Patata	土豆	Pomme de terre	Kartoffel	Batata	Картофель	Batata	馬鈴薯	じゃがいも	Patates	Brambor	Patata
ItemLabelPolishedStone	Pietra levigata	Piedra pulida	抛光石头	Pierre polie	Polierter Stein	pedra polida	Полированный камень	Pedra Polida	拋光石頭	磨かれた石	Cilalı taş	Leštěný kámen	Pietra levigata
ItemLabelPickaxe	Piccone	Pico	鹤嘴镐	Pioche	Spitzhacke	Picareta	Кирка	Picareta	木鎬	つるはし	Kazma	Krumpáč	Piccone
ItemLabelPoultice	Impiastro	Cataplasma	草药绷带	Cataplasme	Wickel	Pomada Medicinal	Припарка	Emplastro	草藥繃帶	湿布	Lapa	Obklad	Impiastro
ItemLabelRailTile	Tile ferroviario	Ferrocarril	轨道	Tuile de rail	Schiene	Linha Ferrea	Рельсы	Trilho	軌道	レールタイル	Ray Kiremit	Koleje	Tile ferroviario
ItemLabelRailTileMagic	Tile magia della guida	Ferrocarril mágico	魔力轨道	Tuile de rail magique	Magische Schiene	Linha Ferrea magica	Магические рельсы	Trilho Mágico	魔法軌道	魔法のレール	Sihirli Ray Döşemesi	Kouzelné koleje	Tile magia della guida
ItemLabelRailCart	Carrello minerario	Carro de Mina	金属矿车	Wagonnet en métal	Lore	Carrinho de Mina	Вагонетка	Carrinho de Mina de metal	金屬礦車	鉄のマインカート	Metal Maden Arabası	Kovový vozík	Carrello minerario
ItemLabelRefinedPlank	Plancia raffinata	Tabla refinada	精制木板	Planche raffinée	Raffiniertes Brett	refinado Plank	Обработанные доски	Tábua Refinada	精制木板	精製された板	Rafine Kalas	Rafinované prkno	Plancia raffinata
ItemLabelSteamTrainEngine	Locomotiva a vapore	Motor del tren del vapor	蒸汽火车引擎	Locomotive à vapeur	Dampflok	Trem do vapor Motor	Паровой локомотив	Locomotiva a Vapor	蒸汽火車頭	蒸気機関車	Buharlı lokomotif	Parní lokomotiva	Locomotiva a vapore
ItemLabelRaft	Zattera	Balsa	木筏	Radeau	Floß	Jangada	Плот	Jangada	木筏	いかだ	Sal	Vor	Zattera
ItemLabelRawBeef	Manzo	Carne de vaca	牛肉	Bœuf	Rindfleisch	Carne	Говядина	Carne	生牛肉	牛肉	Biftek	Hovězí	Manzo
ItemLabelRawChicken	Pollo crudo	Pollo crudo	生鸡肉	Poulet cru	Rohes Hühnchen	Frango cru	Сырая кура	Frango	生雞腿	鶏肉	Çiğ tavuk	Surové kuře	Pollo crudo
ItemLabelReinforcedPlank	Assi Rinforzate	Tabla Reforzada	加固木板	Planche renforcée	Verstärkte Bretter	Placa de Madeira Reforçada	Прочные доски	Tábuas Reforçada	強化木板	強化板	Güçlendirilmiş Kalas	Vyztužené prkno	Assi Rinforzate
ItemLabelRemedy	Rimedio	Remedio	药茶	Remède	Heilmittel	Remédio	Лекарство	Remédio	草藥茶	ハーブティー	Çare	Lék	Rimedio
ItemLabelSandwich	Sandwich	Bocata	三明治	Sandwich	Sandwich	Sanduíche	Сендвич	Sanduíche	潛艇堡	サンドイッチ	Sandviç	Sendvič	Sandwich
ItemLabelShoe	Scarpa	Zapato	鞋	Chaussure	Schuh	Sapato	Обувь	Sapato	皮鞋	靴	Ayakkabı	Boty	Scarpa
ItemLabelStar	stella Coin	Moneda Estrella	星币	Pièce étoile	Sternmünze	Star Coin	Звёздная монета	Moeda Estrela	星幣	スターコイン	Yıldız Parası	Hvězdná mince	stella Coin
ItemLabelSteamPipe	Tubo per Vapore	Tubo de vapor	蒸汽管道	Tuyau à vapeur	Dampfrohr	Tubo de Vapor	Паропровод	Tubo de Vapor	蒸汽管	蒸気パイプ	Buhar borusu	Parní potrubí	Tubo per Vapore
ItemLabelStone	Pietra	Piedra	石头	Pierre	Stein	Pedra	Камень	Pedra	石頭	石	Taş	Kámen	Pietra
ItemLabelStoneSlab	Mattone di pietra	Ladrillo de piedra	石砖	Brique de pierre	Ziegelstein	Tijolo de pedra	Каменный кирпич	Tijolo de Pedra	石磚	石のレンガ	Taş tuğla	Cihla	Mattone di pietra
ItemLabelSugar	Zucchero	Azúcar	白糖	Sucre	Zucker	Açúcar	Сахар	Açúcar	白糖	砂糖	Şeker	Cukr	Zucchero
ItemLabelTankCar	Carro armato	Tanque	罐车	Wagon-citerne	Tankwagen	tank Car	Цистерна	Vagão-Tanque	罐車	タンク車	Tanker Arabası	Cisternový vůz	Carro armato
ItemLabelTomato	Pomodoro	Tomate	番茄	Tomate	Tomate	Tomate	Помидоры	Tomate	番茄	トマト	Domates	Rajče	Pomodoro
ItemLabelTreeSeeds	Alberelli	Brote	树苗	Jeune arbre	Setzlinge	Rebentos de Árvores	Саженец дерева	Mudas	樹苗	苗木	Fidanlar	Sazenice	Alberelli
ItemLabelVeggieStew	Veggie Stew	Guiso de verduras	炖菜	Ragoût de légumes	Gemüseeintopf	Cozido Veggan	Овощное рагу	Ensopado Vegano	燉菜	野菜のシチュー	Sebzeli Güveç	Zeleninový guláš	Veggie Stew
ItemLabelWard	Reparto	Varita mágica	魔杖	Baguette magique	Zauberstab	Lanterna	Магический жезл	Enfermaria	魔杖	魔法の杖	Koğuş	Hůlka	Reparto
ItemLabelWarmCoat	Cappotto caldo	Abrigo cálido	保暖外套	Manteau chaud	Warmer Mantel	Casaco quente	Теплое пальто	Casaco Quente	保暖外套	あったかコート	Sıcak tutan kaban	Teplý kabát	Cappotto caldo
ItemLabelWaterRing	Anello d'acqua	Anillo de agua	水之戒指	Anneau d'eau	Wasserring	Anel de água	Кольцо Воды	Anel de Água	水戒指	水の指輪	Su Halkası	Vodní prsten	Anello d'acqua
ItemLabelWater	Acqua	Agua	水	Eau	Wasser	Água	Вода	Água	水	水	su	Voda	Acqua
ItemLabelWagon	Carro	Vagón	手推车	Chariot	Wagen	Carroça	Тележка	Carroça	手推車	ワゴン	Vagon	Vagón	Carro
ItemLabelWool	Lana	Lana	羊毛	Laine	Wolle	Lã	Шерсть	Lã	羊毛	羊毛	Yün	Vlna	Lana
ItemLabelWood	Legno	Madera	木头	Bois	Holz	Madeira	Бревно	Madeira	木頭	木材	Odun	Dřevo	Legno
ItemLabelWoodAxe	Ascia di legno	Hacha de madera	木斧	Hache	Holzaxt	Machado	Топор	Machado	木斧	木の斧	Ahşap Balta	Dřevěná sekera	Ascia di legno
ItemLabelRailCartWooden	Carrello da mieniera di legno	Vagoneta de Madera	木制矿车	Wagonnet en bois	Holzlore	Minecart de madeira	Деревянная Минекарт	Carrinho de Mina de Madeira	木製礦車	木のマインカート	Ahşap Maden Arabası	Dřevěný vozík	Carrello da mieniera di legno
ItemLabelWoodWheel	Ruota di legno	Rueda de madera	木轮	Roue en bois	Holzrad	Roda de madeira	Деревянное колесо	Roda de Madeira	木輪	木の車輪	Ahşap Tekerlek	Dřevěné kolo	Ruota di legno
ItemLabelWorker	Lavoratore	Trabajador	工人	Travailleur	Arbeiter	Trabalhador	Рабочий	Trabalhador	工人	ワーカー	Çalışan	Pracovník	Lavoratore
ItemLabelUtilityPopulationSize	Popolazione	Población	人口	Population	Bevölkerung	População	Рабочие	População	人口	人口	Nüfus	Populace	Popolazione
ItemLabelUtilityHappiness	Felicità	Felicidad	幸福度	Bonheur	Zufriedenheit	Felicidade	Счастье	Felicidade	幸福	幸福度	Mutluluk	Štěstí	Felicità
ItemLabelUtilitySellToHouses	Vendere a Case	Vender a las Casas	出售给房屋	Vendre aux Maisons	An Häuser verkaufen	Vender a Casas	Продано Домам	Venda para Casas	出售給房屋	住宅に販売する	Evlere Satış	Prodejte domům	Vendere a Case
ItemLabelUtilityBuyHouseGoods	consumare beni	Consumir Bienes	消费商品	Cons. marchandises	Verbrauche Waren	Bens de Consumo	Потребление предметов	Consumir Bens	消耗商品	商品の消費	Mal Tüket	Spotřebovat zboží	consumare beni
ItemLabelUtilityBuyFoodOutput	consumare cibo	Consumir Alimento	消费食物	Cons. nourriture	Verbrauche Nahrung	consumir alimentos	Потребление пищи	Consumir Alimentos	消耗食物	食料の消費	Yiyecek Tüketin	Konzumovat jídlo	consumare cibo
ItemLabelUtilityBuyGeneralGoodsOutput	Consumare merci generiche	Consumir Mercancía General	消费杂货商品	Cons. march. gén.	Verbrauche Gemischtwaren	Consumir de mercadoria general	Потребление товаров	Consumir Bens Gerais	消耗一般商品	雑貨の消費	Genel Malları Tüketin	Spotřebovávat všeobecné zboží	Consumare merci generiche
ItemLabelUtilityBuyMedicineOutput	Consumare beni medicinali	Consumir Bienes Medicinales	消费药用商品	Cons. médicaments	Verbrauche Medizin	Consumir bens Medicinais	Потребление лекарств	Consumir Produtos Medicinais	消耗醫藥商品	医薬品の消費	Tıbbi Ürünler Tüketin	Konzumovat léčivé zboží	Consumare beni medicinali
ItemLabelUtilityBuySpecialtyGoodsOutput	Consumare beni speciali	Consumir Productos Especializados	消费专用商品	Cons. march. spé.	Verbrauche Spezialwaren	Consumir bens especiais	Потреблено редких товаров	Consumir Produtos Especiais	消耗魔法商品	高級品の消費	Özel Ürünler Tüketin	Konzumovat speciální zboží	Consumare beni speciali
ItemLabelUtilityHouseGoods	Merce Casa	Bienes de la casa	房屋商品	Articles de Maison	Vorrat im Haus	Mercadorias casa	Товары для дома	Bens domésticos	房屋商品	生活用品	Ev Eşyaları	Domácí zboží	Merce Casa
ItemLabelUtilityProductionTime	Tempo di produzione	Tiempo de producción	生产单位	Délai de production	Produktionszeit	Tempo de produção	Время производства	Unidades de trabalho	生產時間	作業ユニット	Çalışma Birimleri	Pracovní jednotky	Tempo di produzione
ItemLabelUtilityApplyWater	Approvvigionamento idrico	Proporcionar agua	浇水	Appliquer de l'eau	Giessen	Adicionar Água	Поливка растений	Fornecer água	澆水	水を撒く	Besleme Suyu	Dodávat vodu	Approvvigionamento idrico
ItemLabelUtilityApplyFertilizer	fornitura di fertilizzanti	Proporcionar fertilizante	施肥	Appliquer de l'engrais	Düngen	Adicionar Fetilizante	Удобрение растений	Fornecer Fertilizante	施肥	肥料を撒く	Gübre Tedarik	Dodávat hnojivo	fornitura di fertilizzanti
ItemLabelUtilityApplyPickaxe	fornitura Picconi	Suministrar Picos	供应鹤嘴镐	Fournir des pioches	Spitzhacken liefern	fornecimento Picaretas	Извлечение минералов Киркой	Suprimentos de Picareta	供應十字鎬	ツルハシの供給	Tedarik Kazmaları	Zásobování krumpáčů	fornitura Picconi
ItemLabelUtilityManaPower	mana Potenza	Poder de Mana	魔力能量	Énergie de mana	Mana Energie	Poder de mana	Энергия Маны	Poder da Mana	魔力能量	マナパワー	Mana Gücü	Síla many	mana Potenza
ItemLabelUtilityManaPipeItem	Trasmesso Mana Potenza	Poder de Mana Transmitido	传输的魔力	Énergie de mana transmise	Übertragene Mana Energie	Poder de mana transmitido	Переданная Энергия Маны	Transmossor de Energia da Mana	傳輸魔力能量	送出されたマナパワー	İletilen Mana Gücü	Přenesená síla many	Trasmesso Mana Potenza
ItemLabelUtilitySteamPower	Forza vapore	Energía de Vapor	蒸汽动力	Vapeur	Dampfkraft	Poder de vapor	Энергия Пара	Energia de Vapor	蒸汽動力	蒸気	Buhar gücü	Parní energie	Forza vapore
ItemLabelUtilitySteamBoost	Colpo di vapore	Potenciador de Vapor	蒸汽加速	Boost de vapeur	Dampf-Boost	Jacto de vapor	Бонус от Пара	Impulso do Vapor	蒸汽加速	蒸気ブースト	Buhar Arttırıcı	Parní Boost.	Colpo di vapore
ItemLabelUtilityYellowCoinBoost	Boost di monete gialle	Potenciador de Monedas Amarillas	黄币加速器	Boost de pièces jaunes	Gelber Münzenverstärker	Impulsionador de moeda amarelo	желтый усилитель монеты	Impulsor de Moeda Amarela	黃幣加速	黄コインブースト	Sarı Para Artışı	Podpora žluté mince	Boost di monete gialle
ItemLabelUtilityRedCoinBoost	Boost di monete rosse.	Potenciador de Monedas Rojas	红币加速器	Boost de pièces rouges	Roter Münzverstärker	Impulsionador de moeda vermelha	красную усилитель монеты	Impulsor de Moeda Vermelha	紅幣加速	赤コインブースト	Kırmızı Para Artışı	Podpora červené mince	Boost di monete rosse.
ItemLabelUtilityBlueCoinBoost	Blue Coin Boost.	Potenciador de Monedas Azules	蓝币加速器	Boost de pièces bleues	Blauer Münzverstärker	Impulsionador de moeda azul	синий усилитель монеты	Impulsor de Moeda Azul	藍幣加速	青コインブースト	Mavi Para Artışı	Podpora modré mince	Blue Coin Boost.
ItemLabelUtilityPurpleCoinBoost	Boost porpora moneta	Potenciador de Monedas Moradas	紫币加速器	Boost de pièces violettes	Lila Münzverstärker	Impulsionador de moeda roxa	Добавить фиолетовый усилитель монеты	Impulsor de Moeda Roxa	紫幣加速	紫コインブースト	Mor Para Artışı	Podpora fialové mince	Boost porpora moneta
ItemLabelUtilityElementalFirePower	Fire Power	Energía de Fuego	火之能量	Énergie de feu	Feuerkraft	poder de fogo	Энергия Огня	Energia do Fogo	火能量	火のマナ	Ateş Gücü	Síla ohně	Fire Power
ItemLabelUtilityElementalWaterPower	Potere dell'acqua	Energía de Agua	水之能量	Énergie de l'eau	Wasserkraft	Poder de água	Энергия Воды	Energia da Água	水能量	水のマナ	Su gücü	Vodní síla	Potere dell'acqua
ItemLabelUtilityElementalEarthPower	Potenza della Terra	Energía de Tierra	土之能量	Énergie de la terre	Erdkraft	Potência da terra	Энергия Земли	Energia da Terra	土能量	地のマナ	Toprak Gücü	Zemní síla	Potenza della Terra
ItemLabelUtilityElementalAirPower	Air Power	Energía de Aire	风之能量	Énergie de l'air	Luftkraft	Poder do ar	Энергия Воздуха	Energia do Ar	風能量	風のマナ	Hava gücü	Vzdušná síla	Air Power
ItemLabelUtilityElementalFireBoost	Fuoco Boost	Potenciador de Fuego	火之加持	Boost de feu	Feuerverstärker	Aumente o fogo	Усиление Огня	Impulso de Fogo	火加速	火のブースト	Ateş Desteği	Posílení ohněm	Fuoco Boost
ItemLabelUtilityElementalWaterBoost	Boost acqua	Potenciador de Agua	水之加持	Boost d'eau	Wasserverstärker	Impulso de Água	Усиление Воды	Impulso de Água	水加速	水のブースト	Su Takviyesi	Posílení vodou	Boost acqua
ItemLabelUtilityElementalEarthBoost	Boost Terra	Potenciador de Tierra	土之加持	Boost de terre	Erdverstärker	Impulso de Terra	Усиление Земли	Impulso da Terra	土加速	地のブースト	Toprak Takviyesi	Posílení zemí	Boost Terra
ItemLabelUtilityElementalAirBoost	Boost Air	Potenciador de Aire	风之加持	Boost d'air	Luftverstärker	Impulso de Ar	Усиление Воздуха	Impulso do Ar	風加速	風のブースト	Hava Desteği	Posílení vzduchem	Boost Air
ItemLabelUtilityRandomOffering	Offerta casuale	Ofertas aleatorias	随机发售	Offre aléatoire	Zufällige Opfergaben	aleatório Offering	Случайное Подношение	Oferta Aleatória	隨機發售	ランダムな供物	Rastgele Teklif	Náhodná nabídka	Offerta casuale
ItemLabelUtilityRegenerateResources	rigenerare risorse	Regenerar Recurso	重生资源	Augmentation de la régénération	Rohstoffe regenerieren	Regenerar recurso	Ускоренная регенерация ресурсов	Impulso de Regeneração	再生資源	リジェネブースト	Yenilenme Artışı	Posílení deštěm	rigenerare risorse
ItemLabelUtilityTeleport	Teleport	Teletransportar	传送	Se téléporter	Teleportieren	teleporte	Телепорт	Teletransporte	傳送	テレポート	Işınlanma	Teleport	Teleport
ItemLabelUtilityDisappearedItem	Articolo Erased	Articulo Borrado	消除的物品	Objet supprimé	Gegenstand gelöscht	Apagar Item	Удаленный предмет	Apagar Item	消除的物品	消去済みアイテム	Silinen Öğe	Vymazaná položka	Articolo Erased
ItemLabelUtilityGrowFish	coltivare Pesce	Criar Peces	培育鱼	Élever du Poisson	Fische züchten	cultivar peixes	Вырастить рыбу	Cultivar peixes	養魚	魚の養殖	Balık Yetiştirmek	Pěstovat ryby	coltivare Pesce
ItemLabelUpgradeAddFireBooster	Aggiungere fuoco Booster	Añadir Potenciador de Fuego	安装火之加速器	Ajouter un booster de feu	Feuerverstärker hinzufügen	Adicionar Impulso de Fogo	Усиление Огня	Adicionar Impulso do Fogo	安裝火加速器	火のブースターを追加	Yangın Güçlendirici Ekle	Přidat posílení ohněm	Aggiungere fuoco Booster
ItemLabelUpgradeAddWaterBooster	Add Water Booster	Añadir Potenciador de Agua	安装水之加速器	Ajouter un booster d'eau	Wasserverstärker hinzufügen	Adicionar Impulso de Água	Усиление Воды	Adicionar Impulso da Água	安裝水加速器	水のブースターを追加	Su Hidroforu Ekle	Přidat posílení vodou	Add Water Booster
ItemLabelUpgradeAddEarthBooster	Aggiungere la Terra Booster	Añadir Potenciador de Tierra	安装土之加速器	Ajouter un booster de terre	Erdverstärker hinzufügen	Adicionar Impulso de Terra	Усиление Земли	Adicionar Impulso da Terra	安裝土加速器	地のブースターを追加	Earth Booster'ı ekleyin	Přidat posílení zemí	Aggiungere la Terra Booster
ItemLabelUpgradeAddAirBooster	Aggiungere Air Booster	Añadir Potenciador de Aire	安装风之加速器	Ajouter un booster d'air	Luftverstärker hinzufügen	Adicionar Impulso de Ar	Усиление Воздуха	Adicionar Impulso do Ar	安裝風加速器	風のブースターを追加	Hava Güçlendirici Ekle	Přidat posílení vzduchem	Aggiungere Air Booster
ItemLabelUpgradeOmnistoneBonus	OMNISTONE aggiornamento	Mejora de Omnipiedra	升级神石	Améliorer l'OmniGemme	Omni-Stein Verbesserung	Melhorar OmniGema	Омни-улучшение	Melhorar Pedra Omni	神石升級	オムニストーンでアップグレード	Omnistone Yükseltmesi	Upgrade Omnistonu	OMNISTONE aggiornamento
ItemLabelUpgradeAddSteamBooster	Aggiungi Booster Steam.	Agregar potenciador de Vapor	安装蒸汽助推器	Ajouter un Booster de vapeur	Dampfverstärker hinzufügen	Impulsionador add Vapor	Усиление Пара	Adicionar Impulsior de Vapor	安裝蒸汽加速器	蒸気ブースターを追加	Steam Booster'ı ekleyin	Přidat parní booster.	Aggiungi Booster Steam.
ItemLabelUtilityLinkedHouseUpgrades	Livelli Casa collegati	Nivel de Casas conectadas	所连接的房屋等级	Niveaux des Maisons liées	Verbundene Hausstufen	Níveis Casa ligados	Уровни подключенных Домов	Níveis da Casa Vinculados	連接的房屋級別	リンクしている住宅のレベル	Bağlantılı Ev Seviyeleri	Propojené úrovně domu	Livelli Casa collegati
ItemLabelUtilityLinkedHouseHappiness	Felicità della casa collegata	Felicidad de la casa vinculada	链接房屋幸福度	Bonheur de la maison liée	Zufriedenheit (Verbundene Häuser)	Felicidade da Casa Vinculada	Связанный дом счастье	Felicidade da Casa Vinculada	鏈接的房子幸福	リンクされた家の幸福	#N/A	#N/A	Felicità della casa collegata
ItemLabelUtilityBuildProgress	Progresso costruzione	Progreso de construcción	建筑进程	Progression construction	Baufortschritt	construir Progress	Прогресс строительства	Progresso da Construção	建造進度	建設の進捗	Geliştirme İlerlemesi	Pokrok staveb	Progresso costruzione
ItemLabelUtilityConsumptionTime	Tempo di consumo	Tiempo de consumo	消耗时长	Vitesse de consommation	Benötigte Zeit	consumo Tempo	Время реализации товара	Tempo de Consumo	消耗時間	消費時間	Tüketim Süresi	Čas spotřeby	Tempo di consumo
ItemLabelUtilityHappinessDuration	Durata della felicità	Duración de la Felicidad	幸福度持续时间	Durée du bonheur	Zufriedenheitsdauer	felicidade Duração	Продолжительность счастья	Duração da Felicidade	幸福持續時間	幸福度の持続時間	Mutluluk Süresi	Trvání štěstí	Durata della felicità
ItemLabelUtilityNearbyWater	Caselle d'acqua connesse	Baldosas de agua conectadas	连接水域	Tuiles d'eau connectées	Verbundene Wasserflächen	Azulejos de água ligada	Примыкающие клетки с водой	Painéis de Água Conectados	連接水域	接続された水タイル	Bağlantılı Su Fayansları	Připojené vodní plochy	Caselle d'acqua connesse
ItemLabelUtilityNearbyFishingTiles	Piastrelle di pesca connesse	Casillas de pesca conectadas	连接鱼群	Tuiles de pêche connectées	Verbundene Fischereiflächen	Telhas de pesca conectadas	Примыкающие клетки с рыбой	Painéis de Pesca Conectados	連接魚群	接続された釣りタイル	Bağlantılı Balık Tutma Fayansları	Připojené rybářské plochy	Piastrelle di pesca connesse
ItemLabelUtilityRotationalPower	Potenza rotazionale	Poder rotatorio	旋转动力	Puissance rotationnelle	Rotationsenergie	rotação de potência	Энергия Вращения	Poder de Rotação	旋轉動力	回転動力	Dönme Gücü	Rotační výkon	Potenza rotazionale
ItemLabelUtilityBoostWorker	Boost della velocità del lavoratore	Potenciador de velocidad de Trabajadores	工人速度提升	Boost de vitesse des travailleurs	Arbeitergeschwindigkeitsboost	Impulso trabalhador velocidade	Повышение скорости рабочих 	Aumento da Velocidade do Trabalhador	工人速度提升	停車中の列車	İşçi Hız Artışı	Zvýšení rychlosti pracovníka	Boost della velocità del lavoratore
ItemLabelUtilitySendFireBoost	Trasmetti il ​​boost del fuoco	Transmitir Potenciador de Fuego	传输火之加速	Boost de transmission de Feu	Feuerverstärkung übertragen	Impulso de transmissão fogo	Передача Огненного усиления	Transmitir Impulso do Fogo	傳輸火加速	火のブーストを伝導	Ateş Desteği İlet	Vysílat ohnivý booster	Trasmetti il ​​boost del fuoco
ItemLabelUtilitySendWaterBoost	Trasmetti il ​​boost dell'acqua	Transmitir Potenciador de Agua	传输水之加速	Boost de transmission d'Eau	Wasserverstärkung übertragen	Impulso de transmissão de água	Передача Водного усиления	Transmitir Impulso da Água	傳輸水加速	水のブーストを伝導	Su Takviyesi İlet	Vysílat vodní booster	Trasmetti il ​​boost dell'acqua
ItemLabelUtilitySendEarthBoost	Trasmetti il ​​boost della terra	Transmitir Potenciador de Tierra	传输土之加速	Boost de transmission de Terre	Erdverstärkung übertragen	Impulso de transmissão Terra	Передача Землянного усиления	Transmitir Impulso de Terra	傳輸土加速	地のブーストを伝導	Earth Boost'u iletin	Vysílat zemský booster	Trasmetti il ​​boost della terra
ItemLabelUtilitySendAirBoost	Trasmetti il ​​boost dell'aria	Transmitir Potenciador de Aire	传输风之加速	Boost de transmission d'Air	Luftverstärkung übertragen	Impulso de transmissão aérea	Передача Воздушного усиления	Transmitir Impulso do Ar	傳輸風加速	風のブーストを伝導	İletim Hava Takviyesi	Vysílat vzdušný booster	Trasmetti il ​​boost dell'aria
ItemLabelUtilityWorkUnits	Unità di lavoro	Unidades de trabajo	工作单位	Unités de travail	Arbeiter	Unidades de trabalho	Рабочие	Unidades de Trabalho	工作單位	作業ユニット	Çalışma Birimleri	Pracovní jednotky	Unità di lavoro
ItemLabelUpgradeAddYellowCoinBooster	Aggiungi Booster Giallo Coin	Añadir el Potenciador de Monedas Amarillas	安装黄币加速器	Ajouter un boost de pièces jaunes	Gelben Münzverstärker hinzufügen	Adicionar Impulsionador de moeda amarelo	Добавить желтый усилитель монеты	Adicionar Impulso de Moeda Amarela	安裝黃幣加速器	黄コインブーストを追加	Sarı Para Arttırıcı Ekle	Přidat žlutý booster mince	Aggiungi Booster Giallo Coin
ItemLabelUpgradeAddRedCoinBooster	Aggiungi Red Coin Booster	Añadir el Potenciador de Monedas Rojas	安装红币加速器	Ajouter un boost de pièces rouges	Roten Münzverstärker hinzufügen	Adicionar Impulsionador de moeda vermelha	Добавить красную усилитель монеты	Adicionar Impulso de Moeda Vermelha	安裝紅幣加速器	赤コインブーストを追加	Kırmızı Para Arttırıcı Ekle	Přidat červený booster mince	Aggiungi Red Coin Booster
ItemLabelUpgradeAddBlueCoinBooster	Aggiungi Blue Coin Booster	Añadir el Potenciador de Monedas Azules	安装蓝币加速器	Ajouter un boost de pièces bleues	Blauen Münzverstärker hinzufügen	Adicionar Impulsionador de moeda azul	Добавить синий усилитель монеты	Adicionar Impulso de Moeda Azul	安裝藍幣加速器	青コインブーストを追加	Mavi Para Arttırıcı Ekle	Přidat modrý booster mince	Aggiungi Blue Coin Booster
ItemLabelUpgradeAddPurpleCoinBooster	Aggiungi Booster di monete viola	Añadir el Potenciador de Monedas Moradas	安装紫币加速器	Ajouter un boost de pièces violettes	Lila Münzverstärker hinzufügen	Adicionar Impulsionador de moeda roxa	Добавить фиолетовый усилитель монеты	Adicionar Impulso de Moeda Roxa	安裝紫幣加速器	紫コインブーストを追加	Mor Para Arttırıcı Ekle	Přidat fialový booster mince	Aggiungi Booster di monete viola
ItemLabelFilterSellable	Vendibile	Vendible	可销售	Vendable	Verkäuflich	vendável	Можно продать	Vendável	可出售	全ての商品	Satılabilir	Prodejný	Vendibile
ItemLabelFilterHouseFood	Cibo	Comida	食物	Nourriture	Nahrung	Comida	Пища	Alimentos	食物	食料	Yiyecek	Jídlo	Cibo
ItemLabelFilterHouseShelter	Rifugio	Protección	庇护所	Abri	Unterkunft	Abrigo	Убежище	Abrigo	庇護所	シェルター	Barınak	Přístřeší	Rifugio
ItemLabelFilterHouseClothing	Capi di abbigliamento	Ropa	衣物	Vêtements	Kleidung	Roupas	Одежда	Vestuário	服飾	衣類	Giyim	Oblečení	Capi di abbigliamento
ItemLabelFilterHouseMedicine	Medicina	Medicina	医药	Médicaments	Medizin	Remédio	Лекарства	Medicamentos	藥物	医薬品	İlaç	Léky	Medicina
ItemLabelFilterHouseLuxury	Lusso	Lujo	奢侈品	Luxe	Luxusgüter	Luxo	Предмет роскоши	Luxo	奢侈品	贅沢品	Lüks	Luxus	Lusso
ItemLabelFilterMarketFood	Cibo base	Comida	食物	Nourriture	einfache Nahrung	Comida	Пища	Alimentos Básicos	食材	食料	Temel besin	Základní potraviny	Cibo base
ItemLabelFilterMarketGeneralGoods	Beni generici	Bienes Generales	杂货商品	Marchandises générales	Gemischtwaren	Bens Comuns	Товары	Bens Gerais	一般商品	雑貨	Genel Ürünler	Všeobecné zboží	Beni generici
ItemLabelFilterMarketHospital	Medicina	Medicina	药物	Médicament	Medizin	Remédio	Лекарства	Medicamentos	藥物	医薬品	İlaç	Léky	Medicina
ItemLabelFilterMarketSpecialtyGoods	Beni speciali	Bienes Especializados	特殊商品	Marchandises spécialisées	Hochwertige Waren	Produtos especiais	Редкие товары	Produtos Especiais	魔法商品	高級品	Özel Ürünler	Speciální zboží	Beni speciali
ItemLabelFilterTempleOfferings	Offerte di OmniTemple.	Ofrendas del Omnitemplo	元素神殿供品	Offrandes de l'OmniTemple	OmniTempel Opferungen	Ofertas OmniTemple	Подношение Омни Храму	Ofertas ao Templo Omni	元素神殿供品	オムニ神殿の供物	OmniTemple Teklifleri	Nabídky OmniTemple	Offerte di OmniTemple.
ItemLabelFilterCategoryFoodGrain	Grani	Granos	谷物	Épis de blé	Getreide	Cereais	Зерно	Grãos	穀物	穀物	Taneler	Zrna	Grani
ItemLabelFilterCategoryFoodMeat	carni	Carnes	肉类	Viandes	Fleisch	carnes	Мясные продукты	Carnes	肉類	肉類	Etler	Maso	carni
ItemLabelFilterCategoryFoodVeggies	Verdure	Vegetales	蔬果	Légumes	Obst & Gemüse	Frutas e Legumes	Фрукты и овощи	Vegetais	蔬菜	野菜	sebzeler	Zelenina	Verdure
ItemLabelFilterCategoryFoodDairy	latteria	Lacteos	乳制品	Produits laitiers	Molkereiprodukte	Laticínios	Молочные продукты	Laticínios	乳製品	乳製品	Günlük	Mléčné výrobky	latteria
ItemLabelFilterCategoryGeneralHardware	Materiali	Materiales	杂货	Matériel	Materialien	materiais	Материалы	Ferragens	五金	金物	Donanım	Hardware	Materiali
ItemLabelFilterCategoryGeneralClothing	Capi di abbigliamento	Ropa	衣物	Vêtements	Kleidung	Roupas	Одежда	Vestuário	服飾	衣類	Giyim	Oblečení	Capi di abbigliamento
ItemLabelFilterCategoryGeneralTools	Strumenti	Herramientas	工具	Outils	Werkzeuge	Ferramentas	Инструменты	Ferramentas	工具	道具	Aletler	Nástroje	Strumenti
ItemLabelFilterCategoryGeneralGadgets	Gadget	Aparatos	小工具	Gadgets	Geräte	Gadgets	Устройства	Dispositivos	小工具	ガジェット	Araçlar	Zařízení	Gadget
ItemLabelFilterCategoryMedicineWearable	Bende	Vendajes	绷带	Bandages	Bandagen	Curativos	Мед. препараты	Bandagens	繃帶	包帯	Bandajlar	Obvazy	Bende
ItemLabelFilterCategoryMedicineConsumable	Pozioni	Pociones	药水	Potions	Tränke	poções	Зелья	Poções	藥水	ポーション	İksirler	Lektvary	Pozioni
ItemLabelFilterCategoryMedicineSalve	salves	Bálsamos	药剂	Baumes	Salben	Pomadas	Целебные мази	Pomadas	藥膏	ぬり薬	Merhemler	Masti	salves
ItemLabelFilterCategoryMedicineMagic	Libri di magia	Medicina mágica	法术书	Médecine magique	Zauberbücher	Livros Mágicos	Заклинания	Medicamentos Mágicos	魔法藥物	魔法薬	Büyülü Tıp	Magické léky	Libri di magia
ItemLabelFilterCategorySpecialtyGadgets	Adv. Gadget	Aparatos Avanzados	高级装置	Gadgets avancés	Fortschrittliche Geräte	Gadgets Avançados	Сложные устройства	Dispositivos Avançados	先進小工具	上級ガジェット	Av. Araçlar	Pokročilé zařízení	Adv. Gadget
ItemLabelFilterCategorySpecialtyMagic	Materiali di magic	Suministros Mágicos	魔力物品	Fournitures magiques	Zauberzubehör	Fontes mágicas	Магические вещи	Suprimentos Mágicos	魔法用品	魔法雑貨	Sihirli Malzemeler	Kouzelnické potřeby	Materiali di magic
ItemLabelFilterCategorySpecialtyJewelry	Gioielleria	Joyería	珠宝	Bijoux	Juwelen	Joalheria	Ювелирные изделия	Joias	珠寶	ジュエリー	Takı	Šperky	Gioielleria
ItemLabelFilterCategorySpecialtyGourmet	buongustaio	Gastronomía	美食	Gourmet	Gourmet Nahrung	gourmet	Деликатесы	Gourmet	美食	グルメ	Gurme	Gurmán	buongustaio
ItemLabelFilterCategoryMedicineEthers	eteri	Éteres	醚	Éthers	Äther	éteres	Эссенции	Éteres	乙太	エーテル	Eterler	Étery	eteri
ItemLabelFilterCategoryMedicineBasic	#N/A	#N/A	#N/A	#N/A	#N/A	#N/A	#N/A	Medicina Básica	#N/A	#N/A	#N/A	#N/A	#N/A
ItemLabelFilterCategoryKnowledgeBasic	Formazione scolastica	Educación	教育	Éducation	Ausbildung	Educação	Образование	Educação	教育	教育	Eğitim	Vzdělání	Formazione scolastica
ItemLabelFilterCategoryKnowledgeMagic	Conoscenza magica	Conocimiento Mágico	魔法知识	Connaissances magiques	Magisches Wissen	Conhecimento mágico	Магические знания	Conhecimento Mágico	魔法知識	魔法知識	Büyülü Bilgi	Magické znalosti	Conoscenza magica
ItemLabelFilterCategorySpecialtyClothing	Lusso	Lujo	奢侈品	Produits de luxe	Luxusgüter	Luxo	Роскошь	Luxuoso	奢侈品	贅沢品	Lüks	Luxus	Lusso
LogicMessageTypeProcessValue	Valore di processo	Valor del Proceso	处理值	Traiter la valeur	Wert verarbeiten	Valor do processo	Значение процесса	Valor do Processo	處理值	プロセス値	Süreç Değeri	Hodnota procesu	Valore di processo
LogicMessageTypeSetActiveState	Imposta stato attivo	Establecer estado activo	设置活动状态	Définir l'état actif	Aktiver Zustand einstellen	Definir estado ativo	Установите активное состояние	Definir Estado Ativo	設定啟動狀態	アクティブ状態の設定	Aktif Durumu Ayarla	Nastavit aktivní stav	Imposta stato attivo
LogicMessageTypeTriggerOutput	Trigger Uscita.	Salida del Activador	触发输出	Déclencher la sortie	Auslöseausgabe	Gatilho de saída	Выход триггера	Acionar Saída	觸發輸出	トリガー信号の出力	Tetik Çıkışı	Spouštěcí výstup	Trigger Uscita.
LogicMessageTypeSetValue	Valore impostato	Establecer Valor	设定值	Définir la valeur	Wert einstellen	Definir valor	Установить значение	Definir Valor	設定值	値の設定	Değeri Ayarla	Nastavit hodnotu	Valore impostato
LogicMessageTypeSetLeftValue	Impostare il valore sinistro	Establecer Valor de la Izquierda	设置左值	Définir la valeur de gauche	Wert links setzen	Definir valor à esquerda	Установите левое значение	Definir Valor à Esquerda	設定左值	左の値の設定	Sol Değeri Ayarla	Nastavit levou hodnotu	Impostare il valore sinistro
LogicMessageTypeSetRightValue	Imposta il giusto valore	Establecer Valor de la Derecha	设置右值	Définir la valeur de droite	Wert rechts setzen	Definir valor correto.	Установить правильное значение	Definir Valor à Direita	設定右值	右の値の設定	Doğru Değeri Ayarla	Nastavit pravou hodnotu	Imposta il giusto valore
LogicMessageTypeProcessLeftValue	Processo valore sinistro	Procesar Valor de la Izquierda	处理左值	Traiter la valeur gauche	Wert links verarbeiten	Processar valor esquerdo	Процесс левого значения	Processar Valor à Esquerda	處理左值	左のプロセス値	Geriye Kalan Değeri İşle	Zpracovat levou hodnotu	Processo valore sinistro
LogicMessageTypeProcessRightValue	Processo giusto valore	Procesar Valor de la Derecha	处理右值	Traiter la valeur droite	Wert rechts verarbeiten	Processar valor correto	Процесс правильное значение	Processar Valor à Direita	處理右值	右のプロセス値	Doğru Değeri İşle	Zpracovat pravou hodnotu	Processo giusto valore
LogicMessageTypeIncrement	Incremento	Incrementar	增量	Incrément	Erhöhung	Incremento	Приращение	Incremento	增量	インクリメント	Artış	Přírůstek	Incremento
LogicMessageTypeDecrement	Decremento	Decremento	减少	Décrément	Dekrementieren	Diminuir	Декремент	Diminuir	遞減	デクリメント	#N/A	#N/A	Decremento
LogicMessageTypeReset	Ripristina	Reiniciar	重置	Réinitialiser	Zurücksetzen	Redefinir	Сброс настроек	Redefinir	重設	リセット	Sıfırla	Resetovat	Ripristina
LogicMessageTypeSum	Somma	Suma	总计	Somme	Summe	Soma	Сумма	Soma	總計	合計	Toplam	Součet	Somma
LogicMessageTypeToggle	Disattivare	Conmutador	切换器	Basculer	Umschalten	Alternancia	Переключать	Alternar	切換	トグル	Değiştir	Přepnout	Disattivare
LogicMessageTypeSetGateState	Set Gate State.	Establecer estado de puerta	设置门状态	Définir l'état de la porte	Gitter-Zustand einstellen	Definir estado do portão	Установить состояние ворот	Definir Estado da Porta	設定門狀態	ゲートの状態の設定	Kapı Durumunu Ayarla	Nastavte stav brány	Set Gate State.
LogicMessageTypeSetTimerDuration	Imposta durata del timer.	Establezca la duración del temporizador	设置计时器持续时间	Définir la durée de la minuterie	Timer-Dauer einstellen	Definir duração do temporizador	Установить длительность таймера	Definir Duração do Temporizador	設定計時器持續時間	タイマー時間の設定	Zamanlayıcı Süresini Ayarla	Nastavte dobu trvání časovače	Imposta durata del timer.
LogicMessageTypeDelay	Ritardo	Demora	延迟	Délai	Verzögerung	Atraso	Задерживать	Atraso	延遲	ディレイ	Gecikme	Zpoždění	Ritardo
LogicMessageTypeSetTimeElapsed	Imposta il tempo trascorso	Tiempo transcurrido	设置经过的时间	Définir le temps écoulé	Eingestellte Zeit abgelaufen	Definir tempo decorrido	Установить время прошедшее	Definir Tempo Decorrido	設定經過的時間	経過時間の設定	Geçen Süreyi Ayarla	Nastavit uplynulý čas	Imposta il tempo trascorso
LogicMessageTypeSetTimerState	Imposta lo stato del timer.	Establecer el estado del temporizador	设置计时器状态	Définir l'état de la minuterie	Timer-Status einstellen	Definir o estado do temporizador	Установить состояние таймера	Definir Estado do Temporizador	設定計時器狀態	タイマー状態の設定	Zamanlayıcı Durumunu Ayarla	Nastavte stav časovače	Imposta lo stato del timer.
LogicMessageTypeEvaluate	Valutare	Evaluar	估值	Évaluer	Bewerten	Avalie	Оценивать	Avaliar	評估	評価	Değerlendirmek	Vyhodnoťte	Valutare
LogicMessageTypeStartTimer	Start Timer.	Iniciar Temporizador / Temporizador de inicio	启动计时器	Lancer la minuterie	Timer starten	Iniciar temporizador	Начать таймер	Iniciar Temporizador	啟動計時器	タイマーのスタート	Zamanlayıcıyı Başlat	Spustit časovač	Start Timer.
Loop	Ciclo continuo	Reiniciar Bucle	循环	Boucle	Schleife	Ciclo	Петля	Ciclo	循環	ループ	Döngü	Smyčka	Ciclo continuo
SetLoopValue	Imposta il valore del ciclo	Establecer valor de bucle	设置循环值	Définir la valeur de la boucle	Sich wiederholenden Wert einstellen	Definir valor de loop.	Установите значение петли	Definir Valor do Ciclo	設定循環值	ループ値の設定	Döngü Değerini Ayarla	Nastavit hodnotu smyčky	Imposta il valore del ciclo
Repeat	Ripetere	Repetir	重复	Répéter	Wiederholen	Repetir	Повторить	Repetir	重複	リピート	Tekrarlamak	Opakovat	Ripetere
SetRepeat	Imposta ripetere	Establecer Repetición	设置重复	Régler la répétition	Wiederholung einstellen	Definir repetição	Установить повторение	Definir Repetição	設定重複	リピートの設定	Tekrarı Ayarla	Nastavit opakování	Imposta ripetere
StopTimer	Stop Timer.	Detener Temporizador	停止计时器	Arrêter le chronomètre	Timer stoppen	Parar temporizador	Стоп таймер	Parar o Temporizador	停止計時器	タイマーのストップ	Zamanlayıcıyı Durdur	Zastavit časovač	Stop Timer.
IsRunning	È in esecuzione	En Ejecución	运行中	Est en cours d'exécution	Läuft	Está correndo	Это работает	Está em Execução	運行中	実行中	Çalışıyor	Běží	È in esecuzione
LogicOutputFunctionOnValueProcessed	Valore elaborato	Valor procesado	处理	Valeur traitée	Wert verarbeitet	Valor Processado	Ценность обработана	Valor Processado	價值處理	処理された値	#N/A	#N/A	Valore elaborato
LogicOutputFunctionOnTimerStateChanged	Stato del timer modificato	Estado del temporizador cambiado	定时器状态改变	État de la minuterie modifié	Timer-Status geändert	Estado do temporizador alterado	Состояние таймера изменено	Estado do Temporizador Alterado	定時器狀態改變	タイマーの状態が変更されました	Zamanlayıcı Durumu Değiştirildi	Stav časovače změněn	Stato del timer modificato
LogicOutputFunctionOnTimerCompleted	Cronometro completato	Temporizador completado	计时器完成	Minuterie terminée	Timer abgeschlossen	Temporizador concluído	Таймер завершен	Temporizador Concluído	計時器完成	タイマーが完了しました	Zamanlayıcı Tamamlandı	Časovač dokončen	Cronometro completato
ItemLabelGemRed	Fuoco di pietra	Mineral de Fuego	火之矿石	Minerai de feu	Feuererz	Pedra de Fogo	Камень Огня	Pedra do Fogo	火礦石	火の鉱石	Ateş taşı	Ohnivý kámen	Fuoco di pietra
ItemLabelGemYellow	Aria di pietra	Mineral de Aire	风之矿石	Minerai d'air	Lufterz	Pedra de Ar	Камень Воздуха	Pedra do Ar	風礦石	風の鉱石	Hava Taşı	Vzdušný kámen	Aria di pietra
ItemLabelGemAqua	Pietra d'acqua	Mineral de Agua	水之矿石	Minerai d'eau	Wassererz	Pedra de Água	Камень Воды	Pedra da Água	水礦石	水の鉱石	Su taşı	Vodní kámen	Pietra d'acqua
ItemLabelGemPurple	pietra della Terra	Mineral de Tierra	土之矿石	Minerai de terre	Erdsteinerz	Pedra de Terra	Камень Земли	Pedra de Terra	土礦石	地の鉱石	Toprak Taşı	Zemský kámen	pietra della Terra
ItemLabelMana	mana Shard	Fragmento de Mana	魔力碎片	Éclat de mana	Manascherbe	Lasca de Mana	Осколки Маны	Caco de Mana	魔力碎片	マナの鉱石	Mana Parçası	Střep many	mana Shard
ItemLabelFireShard	Fuoco Ether	Éter de Fuego	火之碎片	Éther de feu	Feueräther	Éter de fogo	Эссенция Огня	Éter de Fogo	火乙太	火のエーテル	Ateş Eteri	Ohnivý éter	Fuoco Ether
ItemLabelWaterShard	Ether acqua	Éter de Agua	水之碎片	Éther d'eau	Wasseräther	Éter de água	Эссенция Воды	Éter de Água	水乙太	水のエーテル	Su Eteri	Vodní éter	Ether acqua
ItemLabelEarthShard	Terra Ether	Éter de Tierra	土之碎片	Éther de terre	Erdäther	Éter de Terra	Эссенция Земли	Éter da Terra	土乙太	地のエーテル	Dünya Eteri	Zemský éter	Terra Ether
ItemLabelAirShard	Aria etere	Éter de Aire	风之碎片	Éther d'air	Luftäther	Éter de Ar	Эссенция Воздуха	Éter de Ar	風乙太	風のエーテル	Hava Eteri	Vzdušný éter	Aria etere
ItemLabelPurifiedMana	Cristrallo del mana	Cristal de Mana	魔力水晶	Cristal de mana	Manakristall	Cristal de Mana	Кристалл Маны	Cristal de Mana	魔力結晶	マナ結晶	Mana Kristali	Krystal many	Cristrallo del mana
ItemLabelPurifiedFire	Cristallo del fuoco	Cristal de Fuego	火之水晶	Cristal de feu	Feuerkristall	Cristal de Fogo	Кристалл Огня	Cristal de Fogo	火結晶	火の結晶	Ateş Kristali	Krystal ohně	Cristallo del fuoco
ItemLabelPurifiedWater	Cristallo dell'acqua	Cristal de Agua	水之水晶	Cristal d'eau	Wasserkristall	Cristal de Água	Кристалл Воды	Cristal de Água	水結晶	水の結晶	Su Kristali	Krystal vody	Cristallo dell'acqua
ItemLabelPurifiedEarth	Cristallo della terra	Cristal de Tierra	土之水晶	Cristal de terre	Erdkristall	Cristal de Terra	Кристалл Земли	Cristal de Terra	土結晶	地の結晶	Dünya Kristali	Krystal země	Cristallo della terra
ItemLabelPurifiedAir	Cristallo dell'aria	Cristal de Aire	风之水晶	Cristal d'air	Luftkristall	Cristal de Ar	Кристалл Воздуха	Cristal de Ar	風結晶	風の結晶	Hava Kristali	Krystal vzduchu	Cristallo dell'aria
ItemLabelDepletedMana	Depleted Mana	Cristal de Mana agotado	枯竭的魔力水晶	Mana (épuisé)	Erschöpftes Mana	Mana Esgotada	Разряженный Кристалл Маны	Mana Esgotada	耗盡的魔力結晶	枯渇したマナ結晶	Tükenmiş Mana	Vyčerpaný mana	Depleted Mana
ItemLabelDepletedFire	Depleted Fuoco	Cristal de Fuego agotado	枯竭之火	Feu (épuisé)	Erschöpftes Feuer	Fogo Esgotado	Разряженный Кристалл Огня	Fogo Esgotado	耗盡的火結晶	枯渇した火の結晶	Tükenmiş Ateş	Vyčerpaný oheň	Depleted Fuoco
ItemLabelDepletedWater	acqua impoverito	Cristal de Agua agotado	枯竭之水	Eau (épuisée)	Erschöpftes Wasser	Água Esgotada	Разряженный Кристалл Воды	Água Esgotada	耗盡的水結晶	枯渇した水の結晶	Tükenmiş Su	Vyčerpaná voda	acqua impoverito
ItemLabelDepletedEarth	impoverito la Terra	Cristal de Tierra agotado	枯竭之土	Terre (épuisée)	Erschöpfte Erde	Terra Esgotada	Разряженный Кристалл Земли	Terra Esgotada	耗盡的土結晶	枯渇した地の結晶	Tükenmiş Dünya	Vyčerpaná země	impoverito la Terra
ItemLabelDepletedAir	Depleted Air	Cristal de Air agotado	枯竭之风	Air (épuisé)	Erschöpfte Luft	Ar Esgotado	Разряженный Кристалл Воздуха	Ar Esgotado	耗盡的風結晶	枯渇した風の結晶	Boşaltılmış Hava	Vyčerpaný vzduch	Depleted Air
ItemLabelResearchPointsGeneral	Punti di ricerca generali.	Puntos de investigación general	一般研究点	Points de recherche générale	Allgemeine Forschungspunkte	Pontos gerais de pesquisa.	Общие точки исследования	Pontos de Pesquisa Geral	一般研究點	一般研究ポイント	Genel Araştırma Noktaları	Obecné výzkumné body	Punti di ricerca generali.
ItemLabelResearchPointsIndustry	Punti di ricerca del settore	Puntos de Investigación de Industria	工业研究点	Points de recherche industrielle	Industrieforschungspunkte	Pontos de pesquisa da indústria	Промышленные точки исследования	Pontos de Pesquisa Indústrial	工業研究點	工業研究ポイント	Endüstri Araştırma Noktaları	Výzkumné body průmyslu	Punti di ricerca del settore
ItemLabelResearchPointsNature	Punti di ricerca della natura	Puntos de Investigación de Naturaleza	自然研究点	Points de recherche en nature	Naturforschungspunkte	Pontos de pesquisa da natureza.	Очки исследования природы	Pontos de Pesquisa Natural	自然研究點	自然研究ポイント	Doğa Araştırma Noktaları	Přírodní výzkumné body	Punti di ricerca della natura
ItemLabelResearchPointsMagic	Punti di ricerca magici.	Puntos de Investigación de Magia	魔法研究点	Points de recherche magique	Magieforschungspunkte	Pontos mágicos de pesquisa.	Волшебные точки исследования	Pontos de Pesquisa Mágica	魔法研究點	魔法研究ポイント	Büyü Araştırma Noktaları	Magické výzkumné body	Punti di ricerca magici.
ItemLabelResearchPointsFire	Punti di ricerca antincendio.	Puntos de Investigación de Fuego	火之研究点	Points de recherche du feu	Feuerforschungspunkte	Pontos de pesquisa de incêndio	Огня исходных исследований	Pontos de Pesquisa do Fogo	火研究點	火の研究ポイント	Yangın Araştırma Noktaları	Body výzkumu ohně	Punti di ricerca antincendio.
ItemLabelResearchPointsWater	Punti di ricerca idrica	Puntos de Investigación de Agua	水之研究点	Points de recherche de l'eau	Wasserforschungspunkte	Pontos de pesquisa da água.	Водные точки исследования	Pontos de Pesquisa da Água	水研究點	水の研究ポイント	Su Araştırma Noktaları	Body výzkumu vody	Punti di ricerca idrica
ItemLabelResearchPointsEarth	Punti di ricerca della terra.	Puntos de Investigación de Tierra	土之研究点	Points de recherche de la terre	Erdforschungspunkte	Pontos de pesquisa da Terra	Очки исследования Земли	Pontos de Pesquisa da Terra	土研究點	地の研究ポイント	Dünya Araştırma Noktaları	Body výzkumu země	Punti di ricerca della terra.
ItemLabelResearchPointsAir	Punti di ricerca aerea	Puntos de Investigación de Aire	风之研究点	Points de recherche de l'air	Luftforschungspunkte	Pontos de pesquisa aérea.	Точки исследований воздуха	Pontos de Pesquisa do Ar	風研究點	風の研究ポイント	Hava Araştırma Noktaları	Body výzkumu vzduchu	Punti di ricerca aerea
ResearchTomeIndustry	Conoscenza industriale TOME.	Tomo de Conocimiento de Industria	工业知识书	Tome de connaissance industrielle	Industrielles Grimoire des Wissens	Conhecimento industrial Tome.	Промышленные знания Том	Tomo de Conhecimento Industrial	工業知識寶典	工業学術書	Endüstriyel Bilgi Kitabı	Průmyslové znalosti	Conoscenza industriale TOME.
ResearchTomeNature	Tome della conoscenza naturale	Tomo de Conocimiento de Naturaleza	自然知识书	Tome de connaissance en nature	Natürliches Grimoire des Wissens	Conhecimento natural Tome.	Природные знания Том	Tomo de Conhecimento Natural	自然知識寶典	自然学術書	Doğal Bilgi Cildi	Přírodní znalosti	Tome della conoscenza naturale
ResearchTomeMagic	Tome della conoscenza magica	Tomo de Conocimiento de Magia	魔法知识书	Tome de connaissance magique	Magisches Grimoire des Wissens	Conhecimento mágico Tome.	Магический знаний Том	Tomo de Conhecimento Mágico	魔法知識寶典	魔法学術書	Büyülü Bilgi Kitabı	Magické znalosti	Tome della conoscenza magica
ResearchTomeFire	Conoscenza antincendio TOME.	Tomo de Conocimiento de Fuego	火之知识书	Tome de connaissance du feu	Grimoire des Feuerwissens	Tome do conhecimento do fogo	Огонь знание Том	Tomo de Conhecimento do Fogo	火知識寶典	火の学術書	Ateş Bilgisi Cildi	Znalosti o ohni	Conoscenza antincendio TOME.
ResearchTomeWater	Conoscenza d'acqua TOME.	Tomo de Conocimiento de Agua	水之知识书	Tome de connaissance de l'eau	Grimoire des Wasserwissens	Tome do conhecimento da água	Знание воды Том	Tomo de Conhecimento da Água	水知識寶典	水の学術書	Su Bilgisi Kitabı	Znalosti o vodě	Conoscenza d'acqua TOME.
ResearchTomeEarth	Tome della conoscenza della terra.	Tomo de Conocimiento de Tierra	土之知识书	Tome de connaissance de la terre	Grimoire des Erdwissens	Tome do conhecimento da terra	Земля Знание Том	Tomo de Conhecimento da Terra	土知識寶典	地の学術書	Dünya Bilgisi Cildi	Znalosti o zemi	Tome della conoscenza della terra.
ResearchTomeAir	Conoscenza dell'aria TOME.	Tomo de Conocimiento de Aire	风之知识书	Tome de connaissance de l'air	Grimoire des Luftwissens	Tome do Conhecimento Aéreo.	Знание воздуха Томе	Tomo de Conhecimento do Ar	風知識寶典	風の学術書	Hava Bilgisi Cildi	Znalosti o vzduchu	Conoscenza dell'aria TOME.
Bypass	Circonvallazione	Ignorar	省略	Masquer	Umgehen	Ignorar	Пропустить	Desvio	忽視	バイパス	Kalp ameliyati	Objížďka	Circonvallazione
UseFunction	Utilizzare la funzione	Usar Funcion	使用函数	Utiliser la fonction	Verwende Funktion	Função Usar	Использовать Функцию	Função de Uso	使用函数	機能を使用する	İşlevi Kullan	Použijte funkci	Utilizzare la funzione
Mask	Maschera	Máscara	遮罩	Masque	Überlagern	mascarar	Маска	Máscara	遮罩	マスク	Maske	Maska	Maschera
Blend	Miscela	Mezcla	调配	Mélange	Vermischen	Mistura	Перемешать	Misturar	混合	ブレンド	Karışım	Směs	Miscela
HorizontalScale	Scala H	Escala Hor.	水平比例	Échelle H	H-Skala	Escala H	Масштаб по горизонтали	Escala H	水平比例	垂直スケール	H Ölçeği	H měřítko	Scala H
VerticalScale	V Scale	Escala Ver.	垂直比例	Échelle V	V-Skala	Escala V	Верт. синхронизация	Escala V	垂直比例	水平スケール	V Ölçeği	V měřítko	V Scale
KneeAngle	angolo del ginocchio	Pendiente de una curva	弯曲角度	Angle	Biegungs-Winkel	Ângulo	Knee Angle	Ângulo	彎曲角度	ニーアングル	Diz Açısı	Úhel kolena	angolo del ginocchio
KneePos	ginocchio Pos	Punto de control de la curva	弯曲位置	Position	Biegungs-Position	Posição	Knee Pos	Posição	彎曲位置	ニーポジション	Diz Duruşu	Pozice kolena	ginocchio Pos
KneeSize	Knee Size	Ancho del punto de control de la curva	弯曲尺寸	Taille	Biegungs-Größe	Tamanho	Knee Size	Tamanho	彎曲尺寸	ニーサイズ	Diz Boyutu	Velikost kolena	Knee Size
Ridge	Cresta	Cresta	山脊	Crête 	Grat	Cume	Хребет	Cume	山脊	リッジ	çıkıntı	Hřbet	Cresta
LowCompression	Compressione bassa	Compresión baja	低压缩	Compression faible	Geringe Kompression	Baixa compressão	Low Compression	Baixa Compressão	低壓縮	低圧縮	Düşük Sıkıştırma	Nízká komprese	Compressione bassa
HighCompression	alta compressione	Compresión alta	高压缩	Compression élevée	Hohe Kompression	Alta compressão	Высокое сжатие	Alta Compressão	高壓縮	高圧縮	Yüksek Sıkıştırma	Vysoká komprese	alta compressione
LocalLowCutoff	Local Low Cutoff	Truncacion bajo	局部低临界值	Coupure locale faible	lokaler niedrigster Abschluss		Local Low Cutoff	Corte Local Baixo	局部低臨界值	ローカルローカット	Yerel Düşük Kesim	Místní spodní hranice	Local Low Cutoff
LocalHighCutoff	Locale High Cutoff	Truncacion alto	局部高临界值	Coupure locale élevée	lokaler höchster Abschluss		Local High Cutoff	Corte Local Alto	局部高臨界值	ローカルハイカットオフ	Yerel Yüksek Kesim	Místní horní hranice	Locale High Cutoff
Anchor	Ancora	Ancla	锚点	Ancre	Ankerpunkt	Âncora	Якорь	Âncora	錨點	アンカー	Çapa	Kotva	Ancora
WorldOffset	mondiale Offset	Offset	全域偏移量	Décalage du monde	Terrainverschiebung	Offset do Mundo	Смещение мира	Deslocamento Mundial	全域偏移量	ワールドオフセット	Dünya Ofseti	Světový offset	mondiale Offset
GlobalLowCutoff	Globale Low Cutoff	Truncacion bajo (global)	全域低临界值	Coupure globale faible	globale Tiefensperre	Baixo Cutoff Global	Global Low Cutoff	Corte Global Baixo	全域低臨界值	グローバルローカット	Küresel Düşük Kesim	Globální spodní hranice	Globale Low Cutoff
GlobalHighCutoff	Global High Cutoff	Truncacion alto (global)	全域高临界值	Coupure globale élevée	globale Höhensperre	Alto Cutoff Global	Global High Cutoff	Corte Global Alto	全域高臨界值	グローバルハイカットオフ	Küresel Yüksek Kesim	Globální horní hranice	Global High Cutoff
Constant	Costante	Constante	常数	Constant	Konstante	Constante	Постоянная	Constante	常數	定数	Devamlı	Konstantní	Costante
Operand	operando	Comparar	运算子	Opérateur	Operante	Operando	Operand	Operando	運算元	オペランド	İşlenen	Operand	operando
InMin	in Min	Entrada Min	输入最小值	Entrée min	Min In	Min. Entrada	Вход мин.	Min. Entrada	輸入最小	In Min	Dakika olarak	v min.	in Min
InMax	in Max	Entrada Max	输入最大值	Entrée max	Max In	Max. Entrada	Вход макс.	Max. Entrada	輸入最大	In Max	Maksimumda	v max.	in Max
OutMin	out Min	Salida Min	输入最小值	Sortie min	Min Out	Min. Saida	Выдать мин.	Min. Saida	輸出最小	Out Min	Çıkış Dakikası	minimálně	out Min
OutMax	out Max	Salida Max	输入最大值	Sortie max	Max Out	Max. Saida	Выдать макс.	Max. Saida	輸出最大	Out Max	Maksimum Çıkış	maximálně	out Max
Add	Aggiungi	Agregar	增加	Ajouter	Hinzufügen	Adicionar	Добавить	Adicionar	增加	追加する	Eklemek	Přidat	Aggiungi
AddNewFunction	Aggiungi nuova funzione	Añadir nueva función	增加新函数	Ajouter nouvelle fonction	Neue Funktion	Adicionar Nova Função	Добавить новую функцию	Adicionar Nova Função	增加新函數	新しい機能を追加	Yeni İşlev Ekle	Přidat novou funkci	Aggiungi nuova funzione
TerrainFunctionTypeStack	Pila	Apilar	堆叠	Empiler	Stapel	Pilha	Наложить	Pilha	堆疊	スタック	Yığın	Zásobník	Pila
TerrainFunctionTypeComparator	comparatore	Comparador	比较器	Comparateur	Vergleicher	Comparador	Comparator	Comparador	比較器	コンパレータ	Karşılaştırıcı	Komparátor	comparatore
TerrainFunctionTypeConstant	Costante	Constante	常数	Constant	Konstante	Constante	Постоянная	Constante	常數	定数	Devamlı	Konstantní	Costante
TerrainFunctionTypeEaseSquare	alleviare	Facilitar	减轻	Facilité	Ausgeglichenheit	Facilidade	Ease	Facilidade	減輕	緩やか	Kolaylaştırmak	Ulehčit	alleviare
TerrainFunctionTypeNoise	Rumore	Ruido	干扰	Bruit	Rauschen (Noise)	Barulho	Шум	Ruído	干擾	ノイズ	Gürültü	Hluk	Rumore
TerrainFunctionTypeScale	Scala	Escala	比例	Échelle	Skala	Escala	Масштаб	Escala	比例	スケール	Ölçek	Měřítko	Scala
TerrainGenBlendNone	Nessuna	Ninguno	无	Aucun	Nichts	Nenhum	None	Nenhum	無	無し	Hiçbiri	Žádný	Nessuna
TerrainGenBlendAdd	Aggiungi	Añadir	加	Ajouter	Hinzufügen	Adicionar	Добавить	Adicionar	加	加算する	Eklemek	Přidat	Aggiungi
TerrainGenBlendMultiply	Moltiplicare	Multiplicar	乘	Multiplier	Multiplizieren	Multiplicar	Множитель	Multiplicar	乘	乗算する	Çarpmak	Násobit	Moltiplicare
TerrainGenBlendMin	min	Min	最小	Min	Min	Min	Min	Mínimo	最小	最小	Min.	Min	min
TerrainGenBlendMax	Max	Max	最大	Max	Max	Max	Max	Máximo	最大	最大	Maksimum	Max	Max
TerrainGenBlendDescriptionNone	Funzione sovrascrive tutti i valori precedenti	La función sobrescribirá todos los valores anteriores	函数将覆盖所有以前的值	La fonction écrasera toutes les valeurs précédentes.	Funktion wird alle bisherigen Werte überschreiben	Função irá substituir todos os valores anteriores	Функция перезапишет все предыдущие значения	A função sobrescreverá todos os valores anteriores	函數將覆蓋所有先前的值	関数は以前の値をすべて上書きします	İşlev önceki tüm değerlerin üzerine yazacaktır	Funkce přepíše všechny předchozí hodnoty	Funzione sovrascrive tutti i valori precedenti
TerrainGenBlendDescriptionAdd	Funzione aggiungerà i suoi valori ai valori precedenti	La función añadirá sus valores a los valores anteriores	函数将其值添加到先前的值	La fonction ajoutera ses valeurs aux valeurs précédentes.	Funktion wird ihre Werte zu den vorherigen Werten hinzufügen	Função irá adicionar os seus valores aos valores anteriores	Функция добавит свои значения к предыдущим значениям	A função adicionará seus valores aos valores anteriores	函數將其值增加到先前的值	関数はその値を前の値に追加します	Fonksiyon, değerlerini önceki değerlere ekleyecektir	Funkce přidá hodnoty přes předchozí hodnoty	Funzione aggiungerà i suoi valori ai valori precedenti
TerrainGenBlendDescriptionMultiply	Funzione moltiplicherà i suoi valori con i valori precedenti	La función multiplicará sus valores con los valores anteriores	函数将其值与先前的值相乘	La fonction va multiplier les valeurs avec les valeurs précédentes.	Funktion wird ihre Werte mit den vorherigen Werten multiplizieren	Função irá multiplicar os seus valores com os valores anteriores	Функция умножит свои значения на предыдущие значения	A função multiplicará seus valores com os valores anteriores	函數將其值與先前的值相乘	関数はその値を前の値と乗算します	Fonksiyon, değerlerini önceki değerlerle çarpacak	Funkce vynásobí své hodnoty předchozími hodnotami	Funzione moltiplicherà i suoi valori con i valori precedenti
TerrainGenBlendDescriptionMin	sarà scelto il valore più piccolo di questa funzione rispetto ai valori precedenti	Se elegirá el valor más pequeño de esta función en comparación con los valores anteriores	与以前的值相比，此函数的较小值将被选择	La plus petite valeur de cette fonction par rapport aux valeurs précédentes sera choisie.	Vergleicht Funktionsergebnis mit vorherigen Werten und wählt den kleinsten Wert	O valor menor de esta função em comparação com os anteriores, será escolhido	Будет выбрано меньшее значение этой функции по сравнению с предыдущими значениями	Será escolhido o menor valor dessa função em comparação com os valores anteriores	與先前的值相比，該函數的小值將被選擇	前の値と比較して小さい値が選択されます	Bu fonksiyonun önceki değerlere göre daha küçük değeri seçilecektir	Bude zvolena menší hodnota této funkce ve srovnání s předchozími hodnotami	sarà scelto il valore più piccolo di questa funzione rispetto ai valori precedenti
TerrainGenBlendDescriptionMax	si sceglierà il grande valore di questa funzione rispetto ai valori precedenti	Se elegirá el valor más grande de esta función en comparación con los valores anteriores	与以前的值相比，此函数的较大值将被选择	La plus grande valeur de cette fonction par rapport aux valeurs précédentes sera choisie.	Vergleicht Funktionsergebnis mit vorherigen Werten und wählt den grössten Wert	O grande valor desta função em comparação com os anteriores, será escolhido	Будет выбрано большое значение этой функции по сравнению с предыдущими значениями	Será escolhido o maior valor dessa função em comparação com os valores anteriores	與先前的值相比，該函數的大值將被選擇	前の値と比較して大きな値が選択されます	Bu fonksiyonun önceki değerlerle karşılaştırıldığında büyük değeri seçilecektir	Bude zvolena větší hodnota této funkce ve srovnání s předchozími hodnotami	si sceglierà il grande valore di questa funzione rispetto ai valori precedenti
TerrainTextureTypeGrass	Erba	Hierba	草地	Herbe	Gras	Relva	Трава	Grama	草地	芝生	Çimen	Tráva	Erba
TerrainTextureTypeSand	Sandwich	Sandwich	三明治	Sandwich	Sandwich	Sanduíche	Песчанная	Sanduíche	潛艇堡	サンドイッチ	Sandviç	Sendvič	Sandwich
TerrainTextureTypeDarkGrass	Erba scura	Hierba oscura	深草	Herbe sombre	Dunkles Gras	grama escura	Темная трава	Grama Escura	深草	濃い芝生	Koyu Çimen	Temná tráva	Erba scura
TerrainTextureTypeRock	Musica rock	Roca	岩石	Roche 	Felsen	Rocha	Камень	Pedra	岩石	岩石	Kaynak	Skála	Musica rock
StartStateNone	Predefinito	Por defecto	默认	Par défaut	Standard	Padrão	По умолчанию	Padrão	預設	デフォルト	Varsayılan	Výchozí hodnota	Predefinito
StartStateFarming	Agricoltura Età	La Era de la Agricultura	农业时代	Époque agricole	Landwirtschaftszeitalter	Era da Agricultura	Эпоха земледелия	Idade da Agricultura	農業時代	農業の時代	Tarım Çağı	Věk zemědělství	Agricoltura Età
StartStateMachines	macchina Età	La Era de las Máquinas	机械时代	Époque des machines	Maschinenzeitalter	Era da Maquina	Эпоха машин	Idade das Máquinas	機械時代	機械の時代	Makine Yaşı	Věk strojů	macchina Età
StartStateMagic	Età magia	La Era de la Magia	魔法时代	Époque de la magie	Magiezeitalter	Era da Magia	Эпоха магии	Idade da Magia	魔法時代	魔法の時代	Büyü Çağı	Věk magie	Età magia
MathOperatorAdd	Inserisci	Agregar	加	Additionner	Addieren	Adicionar	Сложить	Adicionar	加	加算	Eklemek	Přidat	Inserisci
MathOperatorSubtract	Sottrarre	Quitar	减	Soustraire	Subtrahieren	Subtrair	Вычесть	Subtrair	減	減算	Çıkar	Odčítat	Sottrarre
MathOperatorMultiply	Moltiplicare	Multiplicar	乘	Multiplier	Multiplizieren	Multiplicar	Умножить	Multiplicar	乘	乗算	Çarpmak	Násobit	Moltiplicare
MathOperatorDivide	Dividere	Dividir	除	Diviser	Teilen	Dividir	Разделить	Dividir	除	除算	Bölmek	Rozdělit	Dividere
MathOperatorEquals	È uguale a	Equivale	等于	Égal	Gleich	Igual a	Равно	Igual	等於	等しい	Eşittir	Se rovná	È uguale a
MathOperatorNotEquals	non Equals	No Equivale	不等于	Différent	Ungleich	Não igual a	Не равно	Não é Igual	不等於	等しくない	Eşit Değil	Se nerovná	non Equals
MathOperatorGreaterThan	Più grande di	Mayor que	大于	Supérieur à	Größer als	Maior que	Больше, чем	Maior que	大於	より大きい	Büyüktür	Větší než	Più grande di
MathOperatorGreaterEqualThan	Maggiore o uguale	Mayor o igual que	大于等于	Supérieur ou égal	Gleich oder größer als	Maior ou Igual que	Больше, чем или равно	Maior que ou Igual	大於等於	より大きいか等しい	Büyüktür veya Eşittir	Větší nebo rovno	Maggiore o uguale
MathOperatorLesserThan	Meno di	Menor que	小于	Inférieur à	Kleiner als	Menor que	Меньше, чем	Menor que	小於	未満	Daha az	Menší než	Meno di
MathOperatorLesserEqualThan	Minore o uguale	Menor o igual que	小于等于	Inférieur ou égal	Gleich oder kleiner als	Menor ou igual que	Меньше, чем или равно	Menor que ou Igual	小於等於	より小さいか等しい	Az veya eşit	Menší nebo rovno	Minore o uguale
MathOperatorModulo	Modulo	Módulo	取余数	Modulo	Modulo	Modulo	Коэффициент	Módulo	取餘數	剰余	Modulo	Modulo	Modulo
EntityAlertTypeAgentHasNoCommand	Nessun comando	Sin Comando	没有命令	Aucune commande	Kein Befehl	Nenhum comando	Нет команды	Nenhum Comando	沒有命令	コマンドなし	Komut Yok	Žádný příkaz	Nessun comando
EntityAlertTypeAgentIsIdle	Inattivo	Ocioso	放置	Inactif	Untätig	Inativo	Простаивает	Ocioso	閒置	アイドル	Boşta	Líný	Inattivo
EntityAlertTypeNoTargetFound	Nessun target Trovato	No se encontro Objetivo	未找到目标	Aucune cible trouvée	kein Ziel gefunden	Nenhum alvo encontrado	Цель не найдена	Nenhum Alvo Encontrado	沒有找到目標	ターゲットが見つかりません	Hedef Bulunamadı	Nenalezen žádný cíl	Nessun target Trovato
EntityAlertTypeUpgradeReady	Aggiornamento pronto	Mejora Lista	可以升级	Amélioration disponible	Upgrade bereit	Melhoria Pronta	Готово к улучшению	Melhoria Pronta!	升級就緒	アップグレード準備完了	Yükseltme Hazır	Upgrade dokončen	Aggiornamento pronto
EntityAlertTypeInvalidBuildingOutputChute	elemento di output volontà edificio che non è compatibile con Chute	El edificio soltara un objeto que no es compatible con la tolva	建筑的产出物不适用于滑道	Le bâtiment éjectera tout objet non compatible avec la glissière	Das Gebäude produziert Gegenstände, die nicht auf einer Rutsche transportiert werden können	O Edificio vai produzir Items que nao são compativeis com calhas	Здание выгружает элемент, который не совместим с желобом	O edifício produzirá um item que não é compatível com Calhas	建築會輸出與滑槽不相容的物品	建物はシュートに流せないアイテムを出力しようとしています	Bina, Chute ile uyumlu olmayan bir öğenin çıktısını alacak	Budova bude vydávat položku, která není kompatibilní se skluzem	elemento di output volontà edificio che non è compatibile con Chute
EntityAlertTypeNoValidOutputPath	L'articolo prodotto non ha un percorso di output valido 	El artículo producido no tiene una ruta de salida válida	生产项目没有一个有效的输出路径	L'objet produit n'a pas de chemin de sortie valide 	Produzierte Gegenstände haben keinen gültigen Ausgabepfad	item produzido não tem um caminho válido saída	Готовый продукт не имеет корректной зоны выгрузки	O item produzido não tem um caminho de saída válido 	生產的物品沒有有效的輸出路徑	生産されたアイテムを出力する経路がありません。	Üretilen öğenin geçerli bir çıktı yolu yok 	Vyrobená položka nemá platnou výstupní cestu	L'articolo prodotto non ha un percorso di output valido 
EntityAlertTypeNoNearbyCrops	Non ci sono coltivazioni nelle vicinanze! piantarli sul vicino Farm Tiles	¡No hay cultivos cercanos! Plántalos en casillas de granja	附近没有农作物！请先在农场地块上种植作物	Aucune culture à proximité ! Plantez-les sur des Tuiles de ferme	Keine Kulturen in der Nähe. Pflanze Felder an.	Sem Plantações próximas! Plante nos terrenos de cultivo	Поблизости нет культур! Посадите их на Полях Фермы	Não há plantações próximas! Plante-as nos terrenos de cultivo próximas	附近沒有作物！請將它們種植在附近的農地上	近くに作物がありません！農業タイルに作物を植えてください	Yakınlarda ekin yok! Bunları yakındaki Çiftlik Fayanslarına ekin	Žádné blízké plodiny! Zasaďte je na nedaleké ploše farmy	Non ci sono coltivazioni nelle vicinanze! piantarli sul vicino Farm Tiles
EntityAlertTypeNoNearbyTrees	Non ci sono alberi vicini! piantarli sul vicino albero Fioriere	¡No hay árboles cercanos! Plántalos en soportes de árboles	附近没有树木！请先使用植树机种植	Aucun arbre à proximité ! Plantez-les sur des Planteurs d'arbres	Keine Bäume in der Nähe. Pflanze Setzlinge an	Sem Árvores nas redondezas! Plante com recurso aos plantadores de árvores	Поблизости нет деревьев! Вырастите их с помощью Посадочного контейнера	Não há árvores próximas! Plante-as em plantadores de árvores próximos	附近沒有樹木！請將它們種植在附近的樹木種植機上	近くに木がありません！ツリープランターに苗木を植えてください	Yakınlarda ağaç yok! Bunları yakındaki Ağaç Yetiştiricilerine dikin	Žádné blízké stromy! Zasaďte je do nedalekých stromových sadů	Non ci sono alberi vicini! piantarli sul vicino albero Fioriere
EntityAlertTypeNoNearbyMinerals	Nessun minerali nelle vicinanze! Metterli con l'agricoltura azioni	¡No hay minerales cercanos!	附近没有矿物！	Aucun minéraux à proximité !	Keine Mineralien in der Nähe. 	Sem Minérios próximos!	Поблизости нет минералов!	Não há minerais próximos!	附近沒有礦物！	近くに鉱物がありません！	Yakınlarda maden yok!	Žádné blízké minerály!	Nessun minerali nelle vicinanze! Metterli con l'agricoltura azioni
EntityAlertTypeNoNearbyWater	Niente acqua nelle vicinanze! Pesca devono avere piastrelle acquatici nelle vicinanze per la produzione di pesce.	¡No hay agua cerca! Las pescaderias deben tener casillas de agua cercanas	附近没有水！	Pas d'eau à proximité !	Kein Wasser in Reichweite!	Não há água por perto! Pescas deve ter telhas de água próximas para produzir peixe.	Поблизости нет воды!	Não há água por perto!	附近沒有水！	近くに水がありません！	Yakında su yok!	Žádná blízká voda!	Niente acqua nelle vicinanze! Pesca devono avere piastrelle acquatici nelle vicinanze per la produzione di pesce.
EntityAlertTypeNoNearbyFish	Nessuna acqua vicina! La pesca deve avere piastrelle d'acqua vicine per produrre pesce.	¡No hay agua cerca! Las pescaderías deben tener casillas de agua cercanas para la pesca de pescado.	附近没有水！渔场必须在水域上才能生产鱼。	Pas d'eau à proximité ! Les Piscicultures doivent avoir des tuiles d'eau à proximité pour produire du Poisson.	Kein Wasser in der Nähe! Fischereien brauchen Zugang zu Wasserflächen, um Fisch zu produzieren.	Não há água por perto! Pescas deve ter telhas de água próximas para produzir peixe.	Поблизости нет воды! Для добычи рыбы, пирс должен находиться у воды.	Não há água nas proximidades! Os pesqueiros devem ter painéis de água próximos para produzir peixes.	附近沒有水！漁場附近必須有水域才能生產魚。	近くに水がありません！ 魚の養殖には近くに水タイルが必要です	Yakında su yok! Balık üretmek için balıkçılığın yakınında su karoları bulunmalıdır.	Žádná voda poblíž! Rybářství musí být nablízku vodní ploše, aby mohlo produkovat ryby.	Nessuna acqua vicina! La pesca deve avere piastrelle d'acqua vicine per produrre pesce.
EntityAlertTypeNoFuel	Nessun carburante!	¡Sin combustible!	没有燃料！	Pas de carburant !	Kein Treibstoff!	Sem combustível!	Нет топлива!	Sem combustível!	沒有燃料！	燃料がありません！	Yakıt yok!	Žádné palivo!	Nessun carburante!
EntityAlertTypeNoWater	No acqua!	¡No hay agua!	没有水！	Pas d'eau !	Kein Wasser!	Nenhuma água!	Нет воды!	Sem água!	沒有水！	水がありません！	Su yok!	Žádná voda!	No acqua!
EntityAlertTypeNoPipe	Questo edificio ha bisogno di una presa di tubi	Este edificio necesita una salida de la tubería	这个建筑需要一个管道出口	Ce bâtiment a besoin d'une sortie de tuyau	Dieses Gebäude braucht ein Ausgangsrohr!	Este edifício precisa de uma saída do tubo	К этому зданию нужно подвести трубу	Este edifício precisa de uma saída de tubo	這座建築需要一個管道出口	この建物にはパイプの出口が必要です	Bu binanın bir boru çıkışına ihtiyacı var	Tato budova potřebuje vývod potrubí	Questo edificio ha bisogno di una presa di tubi
EntityAlertTypeNoPath	Questo blocco ha bisogno di un percorso sotto di esso per funzionare	Este bloque requiere de un camino debajo para funcionar	这个块需要一个在它下面的路径才能运行	Ce bloc a besoin d'un chemin en dessous pour fonctionner	Dieser Block braucht einen Wegblock unter sich, um zu funktionieren!	Este bloco precisa de um caminho em que a função	Для нормальной работы этого блока, под ним должен проходить путь.	Esse bloco precisa de um caminho sob ele para funcionar	這個塊需要在它下面有一個路徑才能運行	このブロックが機能するためには、レールが必要です	Bu bloğun çalışması için altında bir yola ihtiyacı var	Aby tento blok fungoval, potřebuje pod sebou cestu	Questo blocco ha bisogno di un percorso sotto di esso per funzionare
EntityAlertTypeNoBuilding	Questo blocco non è collegato a nessun edificio adiacente	Este bloque no está vinculado a edificios adyacentes	此个块不与任何建筑相连接	Ce bloc n'est lié à aucun bâtiment adjacent	Dieser Block ist keinem Gebäude zugeordnet!	Este bloco não está ligada a qualquer edifício adjacente	Этот блок не связан ни с одним строением поблизости.	Esse bloco não está vinculado a nenhum edifício adjacente	這個塊沒有與任何相鄰的建築相連	このブロックは隣接する建物とリンクされていません	Bu blok herhangi bir bitişik binaya bağlı değildir	Tento blok není propojen s žádnou sousední budovou	Questo blocco non è collegato a nessun edificio adiacente
EntityAlertTypeNoWorkers	Nessun operaio assegnato!	¡No hay trabajadores asignados!	没有分配工人！	Aucun Travailleur assigné !	Keine Arbeiter zugewiesen!	Nenhum trabalhador atribuído!	Не назначены рабочие	Nenhum trabalhador foi designado!	沒有分配工人！	ワーカーが配置されていません！	Görevli işçi yok!	Nejsou přiřazeni žádní pracovníci!	Nessun operaio assegnato!
EntityAlertTypeConstructionComplete	Costruzione pronta da completare!	¡Construcción lista para completarse!	建设准备完成！	Construction prête à être terminée	Konstruktion zum Abschließen bereit!	Construção pronto para concluir!	Завершить строительство!	Construção pronta para ser concluída!	建設準備完成！	建設完了の準備ができました！	İnşaat tamamlanmaya hazır!	Stavba dokončena!	Costruzione pronta da completare!
EntityAlertTypeNoSpecialty	La specialità della città può essere assegnata	Se puede asignar la especialización del Centro de la Ciudad	可以分配城镇特色	Une spécialité peut être assignée à la ville	Stadtspezialisierung kann zugewiesen werden	Especialidade da cidade pode ser atribuída	Городская специальность может быть назначена	A Especialidade da Cidade pode ser atribuída	可以分配城鎮專業	町の特色が割当可能	İlçe Uzmanlığı atanabilir	Specialita města může být přiřazena	La specialità della città può essere assegnata
EntityAlertTypeAgentWaitingForPickup	Aspettando che l'oggetto si riprenda	Esperando un artículo para recoger	等待拿起物品	En attente d'un objet à ramasser	Warte auf Gegenstand zur Abholung	Aguardando a retirada do item	В ожидании забрать товар	Aguardando a coleta do item	等待拿起物品	運ぶアイテムを待っています	Öğenin alınması bekleniyor	Čekání na vyzvednutí položky	Aspettando che l'oggetto si riprenda
EntityAlertTypeAgentWaitingForDropoff	Aspettando che lo spazio cada l'oggetto	Esperando sitio para dejar el artículo	等待空间放下物品	En attente d'une place pour déposer l'objet	Warte auf freien Platz zum Ablegen	Aguardando espaço para entregar o item	В ожидании места, чтобы сбросить товар	Aguardando espaço para deixar o item	等待空間放下物品	アイテムを置く場所が足りません	Öğeyi bırakmak için yer bekleniyor	Čekání na uvolnění místa pro odevzdání položky	Aspettando che lo spazio cada l'oggetto
EntityAlertTypeAgentHasNoRoute	Nessuna strada per l'obiettivo	No hay ruta al objetivo	没有目标路线	Aucun itinéraire vers la cible	Kein Weg zum Ziel	Nenhuma rota para o destino	Нет маршрута к цели	Sem rota para o alvo	沒有到目標的路線	目的地までのルートがありません	Hedefe giden yol yok	Žádná cesta k cíli	Nessuna strada per l'obiettivo
TooltipProducedBy	Prodotto da:	Producido por:	生产自：	Produit par :	Produziert von:	Produzido por:	Производится в:	Produzido por:	生產自:	生産：	Yapımcı:	Produkovaný:	Prodotto da:
TooltipProvidedBy	Fornito da:	Proporcionado por:	提供自：	Fourni par :	Bereitgestellt von:	Fornecido por:	В этой категории:	Fornecido por:	提供自:	提供：	Tarafından sunulan:	Poskytuje:	Fornito da:
TooltipSellable	Vendibile:	Vendible:	可出售：	Vendable :	Verkäuflich:	Vendável:	Категория продажи:	Vendável:	可出售:	売却可能：	Satılabilir:	Prodejný:	Vendibile:
TooltipUnlocks	Sblocca:	Desbloquea:	可解锁：	Débloqués :	Schaltet frei:	Desbloqueia:	Разблокирует:	Desbloqueios:	解鎖：	アンロック：	Kilidi açar:	Odemkne:	Sblocca:
TooltipRequiredBuildings	Edifici richiesti:	Edificios necesarios:	所需建筑：	Bâtiments requis :	Erforderliche Gebäude:	Edifícios Necessários	Необходимые здания:	Edifícios Necessários:	所需建築：	必要な建物：	Gerekli Binalar:	Požadované budovy:	Edifici richiesti:
TooltipRequiredResearch	Ricerche richieste:	Investigación requerida: 	所需研究：	Recherche requise :	Erforderliche Forschung:	Pesquisa necessária:	Необходимые исследования:	Pesquisa Necessária:	所需研究：	必要な研究：	Gerekli Araştırma:	Požadovaný výzkum:	Ricerche richieste:
TooltipPctConsumingHouses	Case% consumano attivamente voce	% Casas consume activamente artículo	％的房屋消费活跃项目	% de Maisons qui consomment activement un objet	% Häuser, die aktiv diese Ware verbrauchen	% Houses consumindo ativamente artigo	% домов, потребляющих предмет	% de Casas que consomem ativamente o item	% 房屋積極消耗物品	アイテムを消費している住宅の割合	Aktif olarak ürün tüketen hanelerin yüzdesi	% domů aktivně spotřebovávající položku	Case% consumano attivamente voce
TooltipPctHappyHouses	Case% felicemente forniti con voce	% Casas felizmente suministrado con el artículo	％的房屋关于项目活跃供给	% de Maisons approvisionnées avec un objet	% Häuser glücklich mit dieser Ware versorgt	Casas% felizmente fornecido com o item	% домов, генерирующих Счастье из-за потребления предмета	% de Casas felizes com o fornecimento do item	% 房屋高興供應物品	幸福度を供給している住宅の割合	Ürünle mutlu bir şekilde tedarik edilen evlerin yüzdesi	% domů šťastně zásobené položkou	Case% felicemente forniti con voce
TooltipBuildingLocked	L'edificio è bloccato e non può essere modificato	Edificio está bloqueado y no puede ser modificado	建筑已锁定，无法修改	Le bâtiment est verrouillé et ne peut être modifié.	Das Gebäude ist gesperrt und kann nicht modifiziert werden	Edifício está bloqueado e não pode ser modificado	Здание заблокировано и не может быть изменено	O Edifício está travado e não pode ser modificado	建築鎖定且無法修改	建物はロックされており、変更することはできません	Bina kilitlidir ve değiştirilemez	Budova je uzamčena a nelze ji upravovat	L'edificio è bloccato e non può essere modificato
MenuAvailableRecipes	Progetti disponibili	Recetas disponibles	可用的配方	Recettes disponibles	Verfügbare Rezepte	Receitas Disponíveis	Доступные рецепты	Receitas Disponíveis	可用的配方	利用できるレシピ	Mevcut Tarifler	Dostupné recepty	Progetti disponibili
MenuLockedRecipes	Progetti bloccati	Recetas bloqueadas	锁定的配方	Recettes verrouillées	Gesperrte Rezepte	Receitas Trancadas	Заблокированные рецепты	Receitas Bloqueadas	鎖定的配方	ロックされたレシピ	Kilitli Tarifler	Zamčené recepty	Progetti bloccati
MenuCompletedResearch	La ricerca completato	Investigación completada	已完成的研究	Recherche terminée	Abgeschlossene Forschung	Pesquisa Concluida	Исследование завершено	Pesquisa Concluída	完成的研究	完了した研究	Tamamlanan Araştırma	Dokončený výzkum	La ricerca completato
MenuManaPower	mana Potenza	Poder de mana	魔力能量	Pouvoir du mana	Mana Energie	Poder de Mana	Энергия Маны	Poder da Mana	魔力能量	マナパワー	Mana Gücü	Síla many	mana Potenza
MenuManaBoosters	mana Booster	Potenciadores de mana	魔力加速器	Boosters de mana	Mana-Verstärker	Amplificador de Mana	Усиление Маны	Impulso de Mana	魔力加速器	マナブースター	Mana Arttırıcılar	Posilovače many	mana Booster
MenuSteamPower	Forza vapore	Energía de Vapor	蒸汽动力	Vapeur	Dampfkraft	Poder de Vapor	Энергия Пара	Poder do Vapor	蒸汽動力	蒸気ボーナス	Buhar gücü	Parní energie	Forza vapore
MenuSetValue	Imposta valore	Ajustar Valor	设定数值	Définir la valeur	Wert einstellen	Defenir Valor	Установить значение	Valor Armazenado	設定值	設定値	Saklanan Değer	Nastavit hodnotu	Imposta valore
MenuMathOperator	Operatore	Operador	运算符	Opérateur	Bediener	Operador	Оператор	Operador	運算子	オペレーター	Şebeke	Operátor	Operatore
MenuTimerDuration	Timer Durata	Duracion del temporizador	计时器长度	Durée du minuteur	Timer-Dauer	Duração do Temporizador	Таймер продолжительности	Duração do Cronômetro	計時器持續時間	タイマー時間	Zamanlayıcı Süresi	Doba trvání	Timer Durata
FormattedMinutes	{0} minuti	{0} minutos	{0}分钟	{0} minutes	{0} Minuten	{0} minutos	{0} минут	{0} minutos	{0} 分	{0}分	{0} Dakika	{0} minut	{0} minuti
FormattedNearbyHouses	Case vicine: {0}	Casas cercanas: {0}	附近的房屋：{0}	Maisons voisines : {0}	Häuser in Reichweite: {0}	Casas vizinhas: {0}	Близлежащие дома: {0}	Casas Próximas: {0}	附近的房屋：{0}	近くの住宅：{0}	Yakındaki Evler: {0}	Nedaleko domů: {0}	Case vicine: {0}
FormattedResourceGrowing	{0} (in crescita)	{0} (en crecimiento)	{0}（正在生长）	{0} (croissance)	{0} (wachsend)	{0} (em crescimento)	{0} (растёт)	{0} (Crescendo)	{0}（生長中）	{0}（成長中）	{0} (Büyüüyor)	{0} (pěstování)	{0} (in crescita)
FormattedResourceDepleted	{0} (impoverito)	{0} (agotado)	{0}（已枯竭）	{0} (épuisé)	{0} (verbraucht)	{0} (Esgotado)	{0} (выработано)	{0} (Esgotando)	{0}（耗盡）	{0}（枯渇）	{0} (Tükendi)	{0} (vyčerpaný)	{0} (impoverito)
FormattedLevelAbbreviation	lvl {0}	Nvl {0}	{0}级	Niv {0}	St {0}	Nível {0}	Ур {0}	Nivel {0}	{0} 級	Lv {0}	Seviye {0}	Lv {0}	lvl {0}
FormattedCampaignLevel	Livello {0}	Nivel {0}	等级{0}	Niveau {0}	Level {0}	Nível {0}	Уровень {0}	Nível {0}	級別：{0}	レベル {0}	Seviye {0}	Úroveň {0}	Livello {0}
LinkedResourceCount	Risorse collegate	Recursos vinculados	连接的资源	Ressources liées	Verknüpfte Ressourcen	Recursos Ligados	Связанные ресурсы	Recursos Vinculados	連接資源數	リンク先	Bağlantılı Kaynaklar	Propojené zdroje	Risorse collegate
WorkerCount	Lavoratori	Trabajadores	工人	Travailleurs	Arbeiter	Trabalhadores	Рабочие	Trabalhadores	工人	ワーカー	İşçiler	Pracovníci	Lavoratori
HouseCount	Case costruite	Casas construidas	已建造房屋数	Maisons construites	Gebaute Häuser	Casas Construidas	Построенные дома	Casas Construídas	建造房屋數	住宅数	İnşa Edilen Evler	Postavené domy	Case costruite
BaseCount	Centri urbani costruiti	Centros Ciudad construidos	已建造城镇数	Centres-villes construits	Gebaute Stadtzentren	Centros da cidade construídos	Городских центров построено	Centros da Cidade Construídos	已建造城鎮數	町の中心の建造数	Şehir Merkezleri İnşa Edildi	Městská centra postavena	Centri urbani costruiti
BaseLevel	Livello del centro città.	Nivel Centro Ciudad	城镇中心等级	Niveau du Centre-Ville	Stufe der Basis	Nível base	Базовый уровень	Nível do Centro da Cidade	城鎮中心等級	町の中心レベル	Şehir Merkezi Seviyesi	Úroveň centra města	Livello del centro città.
CapacityCount	Capacità	Capacidad	容量	Capacité	Kapazität	Capacidade	Лимит	Capacidade	容量	容量	Kapasite	Kapacita	Capacità
CursorToolSize	Cursore strumento Dimensione	Tamaño de la herramienta de cursor	光标大小	Taille du curseur	Cursor-Werkzeug-Größe	Tamanho da ferramenta Cursor	Размер инструмента Курсор	Tamanho do Mouse	光標工具尺寸	カーソルツールのサイズ	İmleç Aracı Boyutu	Velikost nástroje kurzoru	Cursore strumento Dimensione
HouseCapacityDescription	(Determinata dal livello della base)	(Determinado por el nivel del Centro Ciudad)	（由最高城镇中心等级决定）	(Déterminé pas le niveau du Centre-Ville)	(Bestimmt durch Basis-Level)	(Determinado pelo nível da base)	(Определяется уровнем Городского центра)	(Determinado pelo Nível mais alto do Centro da Cidade)	（由最高城鎮中心級別決定）	(最も高い町の中心レベルに依存)	(En yüksek Şehir Merkezi seviyesine göre belirlenir)	(Určeno nejvyšší úrovní centra města)	(Determinata dal livello della base)
WorkerCapacityDescription	(Determinata dalle case)	(Determinado por las casas)	（由房屋数量决定）	(Déterminé par les Maisons)	(Bestimmt durch Häuser)	(Determinado pelas casas)	(Определяется Домами)	(Determinado pelas Casas)	（由房屋決定）	(住宅数に依存)	(Evler tarafından belirlenir)	(určeno podle domů)	(Determinata dalle case)
BaseCapacityDescription	(Determinato dalla ricerca civica)	(Determinado por la investigación cívica)	（由城镇学研究决定）	(Déterminé par la recherche d'instruction civique)	(Durch Stadtzentren-Forschung bestimmt)	(Determinado pela pesquisa cívica)	(Определяется гражданскими исследованиями)	(Determinado pela Pesquisa Cívica)	（由城鎮學研究決定）	(市政学の研究レベルに依存)	(Yurttaşlık Araştırmaları Tarafından Belirlenmiştir)	(Určeno občanským výzkumem)	(Determinato dalla ricerca civica)
FormattedSaveMessage	Salvato come '{0}'	Guardado como '{0}'	以“{0}”保存	Sauvegardé sous « {0} »	Gespeichert als '{0}'	Guardado como '{0}'	Сохранено как «{0}»	Salvo como '{0}'	儲存為'{0}'	{0} として保存	'{0}' olarak kaydedildi	Uloženo jako '{0}'	Salvato come '{0}'
FormattedSaveErrorMessage	Errore durante il salvataggio del file: {0}	Error guardando el archivo: {0}	保存文件时出错：{0}	Erreur d'écriture de la sauvegarde : {0}	Fehler beim Speichern der Datei: {0}	arquivo de poupança de erro: {0}	Ошибка сохранения файла: {0}	Erro ao salvar o Arquivo: {0}	儲存檔案時出錯：{0}	セーブ失敗: {0}	Dosya kaydedilirken hata oluştu: {0}	Chyba při ukládání souboru: {0}	Errore durante il salvataggio del file: {0}
FormattedLevelUpMessage	{0} Livello raggiunto {1}	{0} alcanzó Nivel {1}	{0}达到级别{1}	{0} atteint le niveau {1}	{0} hat Stufe {1} erreicht	{0} Nível atingido {1}	{0} достиг уровня {1}	{0} atingiu o nível {1}	{0}達到級別 {1}	{0}がレベル{1}に到達しました	{0}, {1}. Seviyeye ulaştı	{0} dosáhl úrovně {1}	{0} Livello raggiunto {1}
AgentTriggerTypeOnAgentEntered	Entra	Entrar	进入	Entrer	Betreten	Entrar	НА ВХОД	Entrar	進入	Enter	Girmek	Vstup	Entra
AgentTriggerTypeOnAgentLeft	Esci	Salir	离开	Quitter	Verlassen	Sair	НА ВЫХОД	Sair	離開	Exit	çıkış	Výstup	Esci
AgentTriggerTypeDescriptionOnAgentEntered	Innesca quando un agente entra nel blocco	Se activa cuando cualquier agente entra en el bloque	当任何媒介进入时触发	Se déclenche quand un agent entre dans le bloc.	Löst bei Betreten des Blocks aus	Dispara quando qualquer agente entra no bloco	Посылает сигнал, когда какой-либо объект входит в зону действия	É acionado quando qualquer agente entra no bloco	當任何媒介進入塊時觸發	いずれかのエージェントがブロックに入ったときにトリガーされます	Herhangi bir temsilci bloğa girdiğinde tetiklenir	Spustí se, když cokoliv vstoupí do bloku	Innesca quando un agente entra nel blocco
AgentTriggerTypeDescriptionOnAgentLeft	Trigger quando qualsiasi agente lascia il blocco	Se activa cuando cualquier agente sale del bloque	当任何媒介离开时触发	Se déclenche quand un agent quitte le bloc.	Löst bei Verlassen des Block aus	Dispara quando qualquer agente deixa o bloco	Посылает сигнал, когда какой-либо объект покидает зону действия	É acionado quando qualquer agente deixa o bloco	當任何媒介離開塊時觸發	いずれかのエージェントがブロックを離れたときにトリガーされます	Herhangi bir temsilci bloğu terk ettiğinde tetiklenir	Spustí se, když cokoliv vystoupí z bloku	Trigger quando qualsiasi agente lascia il blocco
HighlightMessageNoCropPlanted	No raccolto piantato! Utilizzare gli strumenti di costruzione / agricoltura per posizionare una coltura	¡Ningún cultivo plantado! Utilice las herramientas de construcción / de cultivo para colocar un cultivo	没有农作物！使用建造菜单里“农业工具”来栽种作物	Aucune culture plantée ! Utilisez les outils de construction ou d'agriculture pour placer une culture 	Nichts angepflanzt! Nutze das Bau- / Farmwerkzeug zum anpflanzen.	Sem nada Plantado! Utilize as ferramentas de contrução/agricultura para plantar algo	Ничего не посажено! Используйте меню «Ферма / Минералы», чтобы посадить растения	Nenhuma cultura plantada! Use as ferramentas Contrução/Agricultura para colocar uma cultura	沒有種作物！ 使用 建造/農業 放置作物	作物が植えられていません！作物を配置してください	Hiçbir ürün ekilmedi! Mahsul yerleştirmek için İnşa / Çiftçilik araçlarını kullanın	Není zasazena žádná plodina! K umístění plodiny použijte nástroje Stavět / Zemědělství	No raccolto piantato! Utilizzare gli strumenti di costruzione / agricoltura per posizionare una coltura
HighlightMessageNoNearbyResource	non può produrre - Nessuna risorsa nei dintorni!	No se puede producir - ¡No hay recursos cercanos!	无法生产 - 附近没有资源！	Impossible de produire - Aucune ressource à proximité !	Produktion nicht möglich, keine Ressourcen in Reichweite!	Incapaz de Produzir - Sem recursos próximos!	Производство невозможно! Поблизости нет ресурсов!	Não é possível produzir - Não há recursos próximos!	不能生產 - 附近沒有資源！	生産できません。近くに資源がありません！	Üretilemiyor - Yakınlarda kaynak yok!	Nelze produkovat - žádné blízké zdroje!	non può produrre - Nessuna risorsa nei dintorni!
HighlightMessagePlaceFarm	Posto accanto a risorse alimentari per la raccolta e loro ripiantare automaticamente	Colocar junto a los recursos alimentarios para cosechar y volver a sembrar de forma automática	靠近食物资源放置以对其自动收割并重新栽种	À placer à côté de ressources de nourriture pour les récolter et les replanter automatiquement	Platziere in Reichweite von Nahrungsressourcen	Coloque perto de plantações para automaticamente colher e replantar	Поместите рядом с с/х культурами, чтобы автоматически собирать и высаживать их	Coloque perto de Plantações para automaticamente colher e replantar	放置在食物資源旁邊以自動收割和重新種植它們	食料資源の隣に置くことで、自動的に収穫、植え直しを行います	Otomatik olarak hasat edip yeniden dikmek için yiyecek kaynaklarının yanına yerleştirin	Umístěte vedle zdrojů, aby se automaticky sklízela a znovu sázelo	Posto accanto a risorse alimentari per la raccolta e loro ripiantare automaticamente
HighlightMessagePlaceForester	Posto accanto a alberi per raccogliere e loro ripiantare automaticamente	Colocar junto a los árboles para cosechar y volver a sembrar de forma automática	靠近树林放置以自动伐木并重新栽种	À placer à côté des arbres pour les récolter et les replanter automatiquement	Platziere in Reichweite von Bäumen	Coloque perto de árvores para automaticamente cortar e replantar	Поместите рядом с деревьями, чтобы автоматически срубать и высаживать их	Coloque perto de Árvores para automaticamente cortar e replantar	放置在樹木旁邊以自動收割和重新種植它們	木の隣に置くことで、自動的に収穫、植え直しを行います	Otomatik olarak hasat edip yeniden dikmek için Ağaçların yanına yerleştirin	Umístěte vedle stromů, aby se automaticky sklízely a znovu sázely	Posto accanto a alberi per raccogliere e loro ripiantare automaticamente
HighlightMessagePlaceMine	Posto accanto a minerali a loro raccogliere automaticamente	Colocar junto a los minerales para cosecharlos de forma automática	靠近矿产资源放置以对其自动采集	À placer à côté des minéraux pour les récolter automatiquement	Platziere in Reichweite von Mineralressourcen	Coloque perto de minérios para automaticamente minar e replantar	Поместите рядом с минералами, чтобы автоматически добывать их	Coloque perto de Minérios para automaticamente minar e replantar	放置在礦物旁邊以自動採集它們	鉱物の隣に置くことで、自動的に採掘します	Otomatik olarak hasat etmek için minerallerin yanına yerleştirin	Umístěte vedle minerálů, aby se automaticky sklízely	Posto accanto a minerali a loro raccogliere automaticamente
HighlightMessagePlaceFishery	Posto accanto a acqua per permettere la raccolta automatica dei pesci	Lugar junto al agua para permitir la recolección automática de peces.	放置在水旁边来自动捕鱼	Placer à côté de l'eau pour permettre la récolte automatique du Poisson	Platziere neben Wasser um selbständig Fischfang zu betreiben	Lugar ao lado de água para permitir a colheita automática de peixe	Разместите рядом с водой для автоматической добычи рыбы	Coloque próximo à água para permitir a coleta automática de peixes	放置在水旁邊以允許自動補魚	水タイルの隣に配置して、魚の自動収穫を可能にします	Balıkların otomatik olarak toplanmasına olanak sağlamak için Suyun yanına yerleştirin	Umístěte vedle vody, abyste umožnili automatický sběr ryb	Posto accanto a acqua per permettere la raccolta automatica dei pesci
HighlightMessageNearbyWater	L'acqua sarà fornita automaticamente	El agua será suministrada de forma automática	水资源会自动供应	L'eau sera automatiquement approvisionnée	Wasser wird automatisch geliefert	A água será fornecida automaticamente	Вода будет поставляться автоматически	A água será fornecida automaticamente	水會自動供應	水が自動的に供給されます	Su otomatik olarak sağlanacaktır	Voda bude automaticky dodávána	L'acqua sarà fornita automaticamente
HighlightMessageAddLogicLink	Aggiungere Logic link	Añadir enlace lógico	增加逻辑链接	Ajouter un lien logique	Logik-Link hinzufügen	Adicionar Ligação Logica	Добавить логическую связь	Adicionar Ligação Lógica	增加邏輯連接	論理リンクを追加	Mantık Bağlantısı Ekle	Přidat logický odkaz	Aggiungere Logic link
HighlightMessageRemoveLogicLink	Rimuovere Logic link	Eliminar el enlace lógico	移除逻辑链接	Retirer le lien logique	Logik-Link entfernen	Remover Ligação Logica	Удалить логическую связь	Remover Ligação Lógica	移除邏輯連接	論理リンクを削除	Mantık Bağlantısını Kaldır	Odstranit logický odkaz	Rimuovere Logic link
MessageNoRecipeAssigned	Nessun progetto assegnato!	¡No se asigno una receta!	没有设置配方！	Aucune recette attribuée !	Kein Rezept zugeordnet!	Sem receita atribuida!	Не назначен рецепт для производства !	Não há receita atribuída!	沒有分配配方！	レシピが割り当てられていません！	Tarif belirtilmedi!	Není přiřazen žádný recept!	Nessun progetto assegnato!
MessageNewUnlocksAvailable	Nuove strutture disponibili!	¡Nuevos artículos disponibles!	解锁了新内容！	Nouveautés disponibles !	Neue Freischaltungen verfügbar!	Novos Desbloqueios disponíveis!	Разблокированы новые возможности !	Novos Desbloqueios Disponíveis!	新的解鎖可用！	アンロックされました！	Yeni Kilit Açmalar Mevcut!	Nové odemknutí k dispozici!	Nuove strutture disponibili!
MessageNotEnoughPopulation	Popolazione di riserva insufficiente! Costruisci o aggiorna più case	¡No hay suficiente poblacion disponible! Construye o mejora Casas	空闲人口不足！建造或者升级房屋，或删除空闲工人单位来释放容量	Pas assez d'habitants disponibles ! Construisez ou améliorez plus de Maisons ou supprimez les travailleurs inactifs pour libérer de la capacité.	Nicht genug freie Bevölkerung! Baue oder verbessere Häuser, oder lösche untätige Arbeiter.	Sem espaço para mais população! Construa ou melhore mais casas	Превышен Лимит населения ! Стройте дополнительные дома и улучшайте существующие. Или можно удалить незанятых рабочих	Não há população ociosa suficiente! Construa ou Melhore Casas ou exclua unidades de trabalho ociosas para liberar capacidade.	沒有足夠的閒置人口！ 建造或升級房屋，或刪除閒置的工人單位以釋放容量。	人口収容量に空きがありません！住宅を建設するかアップグレードしてください。もしくは休止しているワーカーを削除して空き容量を確保しましょう。	Yeterli yedek nüfus yok! Kapasiteyi boşaltmak için Evler inşa edin veya yükseltin ya da boşta çalışan birimleri silin.	Nedostatek populace! Postavte nebo upgradujte domy nebo odstraňte nečinné pracovní jednotky, abyste uvolnili kapacitu.	Popolazione di riserva insufficiente! Costruisci o aggiorna più case
MessageCantDeleteBase	Non puoi eliminare la base!	¡No se puede eliminar el Centro Ciudad!	无法拆除城镇中心！	Impossible de supprimer le Centre-Ville !	Die Basis kann nicht entfernt werden!	Não é possivel apagar a Base!	Нельзя удалить Городской центр!	Não é possível excluir o Centro da Cidade!	不能刪除城鎮中心！	町の中心は削除できません！	Şehir Merkezi Silinemiyor!	Centrum města nelze odstranit!	Non puoi eliminare la base!
MessageNotUnlockedYet	Non sbloccato ancora!	¡No se ha desbloqueado aun!	尚未解锁！	Pas encore déverrouillé !	Noch nicht freigeschaltet!	Ainda não desbloqueado	Еще не разблокировано!	Ainda não desbloqueado!	尚未解鎖！	まだアンロックされていません！	Henüz Kilitli Değil!	Není ještě odemčeno!	Non sbloccato ancora!
MessageNoLinkedResources	Nessuna risorsa collegata!	¡No hay Recursos vinculados!	没有连接的资源！	Aucune ressource liée !	Keine verbundenen Rohstoffe!	Sem recursos ligados	Нет привязки к ресурсам!	Não há recursos vinculados!	沒有連接資源！	リンクされた資源がありません！	Bağlantılı Kaynak Yok!	Žádné propojené zdroje!	Nessuna risorsa collegata!
MessageInvalidFileName	Nome file non valido	Nombre de archivo no válido	无效的文件名	Nom de fichier invalide	Ungültiger Dateiname	Nome de ficheiro inválido	Неверное имя файла	Nome de arquivo inválido	無效的檔名	無効なファイル名	Geçersiz dosya adı	Neplatný název souboru.	Nome file non valido
MessageInactiveNoWorkers	Inattivi - Nessun Lavoratori	Inactivo - No hay Trabajadores	未启用 - 没有工人	Inactif - aucun Travailleur	Inaktiv - Keine Arbeiter	Inactivo - Sem Trabalhadores	Неактивно. Отсутствуют рабочие	Inativo - Sem trabalhadores	未啟用 - 沒有工人	休止中。作業者がいません。	Aktif Değil - Çalışan Yok	Neaktivní - žádní pracovníci	Inattivi - Nessun Lavoratori
MessageNew	NUOVO!	¡NUEVO!	新！	NOUVEAU !	NEU!	NOVO!	НОВОСТИ	NOVO!	新！	NEW!	YENİ!	NOVÝ!	NUOVO!
MessageChuteItemListDescription	Solo alcuni oggetti possono essere posizionati negli scivoli:	Solo ciertos artículos se pueden colocar en las tolvas	只有某些物品可以放入滑道：	Seuls certains objets peuvent être placés sur des glissières :	Nur bestimmte Ressourcen können auf der Rutsche transportiert werden	Apenas alguns items podem ser colocados em calhas	На желобе можно разместить только определенные типы предметов :	Somente determinados itens podem ser colocados em Calhas:	只有某些物品可以放入滑槽：	シュートには特定のアイテムだけを流せます:	Kanallara yalnızca belirli öğeler yerleştirilebilir:	Do skluzů lze umístit pouze určité položky:	Solo alcuni oggetti possono essere posizionati negli scivoli:
MessageConfirmDelete	Sei sicuro di voler cancellare '{0}'?	¿Estás seguro que quieres borrar '{0}'?	你确定要删除“{0}”吗？	Êtes-vous sûr de vouloir supprimer « {0} » ?	Bist Du sicher, dass Du dies löschen willst: ‘{0}‘?	Tem certeza de que deseja excluir '{0}'?	Вы уверены, что хотите удалить «{0}»?	Tem certeza de que deseja excluir '{0}'?	您確定要刪除 “{0}”嗎？	{0}'を削除しますか？	'{0}' öğesini silmek istediğinizden emin misiniz?	"Opravdu chcete odstranit ""{0}""?"	Sei sicuro di voler cancellare '{0}'?
MessageCampaignNotYetAvailable	Questa mappa della campagna non è stata ancora costruita - ricontrolla più tardi!	Este mapa de campaña no se ha construido todavía - ¡Vuelva más tarde!	此战役地图尚未完成，请稍后再回来查看！	Cette carte de campagne n'a pas été encore créée. Revenez plus tard !	Diese Kampagne wurde noch nicht erstellt - komme später wieder	Este mapa de campanha ainda não foi construído - Volte mais tarde!	Карта для этой кампании еще недоступна. Проверьте при следующем обновлении!	Este Mapa de Campanha ainda não foi criado - volte mais tarde!	此戰役地圖尚未構建 - 請稍後再回來查看！	このキャンペーンマップは未完成です - またあとでチェックしてください!	Bu Kampanya Haritası henüz oluşturulmadı; daha sonra tekrar kontrol edin!	Tato mapa kampaně ještě nebyla vytvořena – vraťte se později!	Questa mappa della campagna non è stata ancora costruita - ricontrolla più tardi!
MessageCampaignLocked	Completa i livelli di campagna precedente per sbloccare questa mappa!	¡Debes completar los niveles de la campaña anterior para desbloquear este mapa!	完成上一个战役即可解锁这张地图！	Terminez les niveaux précédents de la campagne pour débloquer cette carte !	Beende die vorherigen Kampagnen, um diese Karte freizuschalten	Completar os níveis de campanha anteriores para desbloquear este mapa!	Закончите предыдущую кампанию, чтобы разблокировать эту.	Complete os níveis anteriores da campanha para desbloquear este mapa!	完成之前的戰役關卡即可解鎖這張地圖！	ひとつ前のキャンペーンマップをクリアするとアンロックされます。	Bu haritanın kilidini açmak için önceki kampanya seviyelerini tamamlayın!	Dokončete předchozí úrovně kampaně a odemkněte tím tuto mapu!	Completa i livelli di campagna precedente per sbloccare questa mappa!
MessageElixirTrades	Su questa mappa, l'unico modo per ottenere Elixirs è quello di utilizzare i posti di trading. Ciò richiede lo spostamento di un sacco di merci attraverso la mappa, quindi la ricerca e la costruzione di locomotive e le auto ferroviarie del trasporto rendono questo molto più facile!	En este mapa, la única manera de obtener elixires es en los Puestos Comerciales. ¡Esto requiere mover una gran cantidad de mercancías por todo el mapa, por lo que la investigación y la construcción de locomotoras y coches ferroviarios de mercancías hará esto mucho más fácil!	在这张地图上，以获得万能药的唯一方法是使用贸易站。这需要在地图上运输大量的商品，因此研究和建设火车头和铁路货车将使这更简单！	Sur cette carte, la seule façon d'obtenir des élixirs est d'utiliser les comptoirs commerciaux. Pour cela, il faut déplacer beaucoup de marchandises sur la carte. La recherche et la construction de locomotives et de wagons de marchandises vous faciliteront grandement la tâche !	Auf dieser Karte, ist der einzige Weg, um Elixir zu erzeugen, Handel mit Handelsposten zu betreiben. Dies erfordert das Transportieren von großen Mengen an Waren über die Karte, was Lokomotiven erleichtern dürften.	Neste mapa, a única maneira de obter Elixirs é usar feitorias. Isso requer mover lotes de produtos em todo o mapa, então pesquisando e construindo locomotivas e ferroviário de mercadorias Cars vai fazer isso muito mais fácil!	На этой карте единственный способ получить Эликсир - это использвование Торговых постов. Для этого потребуется доставлять большое количество товаров по всей карте, так что исследование Поездов и Повозок облегчит задачу.	Nesse mapa, a única maneira de obter elixires é usar os postos de troca. Isso requer a movimentação de muitas mercadorias pelo mapa, portanto, pesquisar e construir locomotivas e vagões de trem de carga facilitará muito essa tarefa!	在這張地圖上，獲得藥劑的唯一途徑是使用貿易站。 這需要在地圖上運送大量貨物，因此研究和建造火車頭和鐵路貨車將使這變得更加容易！	このマップでは、エリクサーは交易所でしか入手できません。マップ全体で商品をたくさん移動させる必要がありますので、機関車や貨物鉄道車を研究して輸送網を構築してください。	Bu haritada İksir elde etmenin tek yolu Ticaret Noktalarını kullanmaktır. Bu, harita üzerinde çok sayıda malın taşınmasını gerektirir; dolayısıyla Lokomotifleri ve Yük Vagonlarını araştırmak ve inşa etmek bunu çok daha kolay hale getirecek!	Na této mapě je jediný způsob, jak získat elixíry, použitím obchodních míst. To vyžaduje přesun velkého množství zboží po mapě, takže výzkum a stavba lokomotiv a nákladních železničních vozů to značně usnadní!	Su questa mappa, l'unico modo per ottenere Elixirs è quello di utilizzare i posti di trading. Ciò richiede lo spostamento di un sacco di merci attraverso la mappa, quindi la ricerca e la costruzione di locomotive e le auto ferroviarie del trasporto rendono questo molto più facile!
MessageReactor	C'è un vecchio reattore di mana abbandonato in cima a questa montagna. Funziona ancora - porta gli ingredienti giusti e puoi usarlo per fare potenti omnistoni.	Hay un viejo reactor de maná abandonado en la cima de esta montaña. Todavía funciona, traiga los ingredientes correctos y puede usarlo para crear omnipiedras	在这座山顶上有一个旧的被废弃的魔力反应堆。不过它仍然有效 - 带来正确的原料，您依旧可以使用它来制作功能强大的神石。	Il y a un vieux réacteur de mana abandonné au sommet de cette montagne. Il fonctionne toujours - apportez les bons ingrédients et vous pourrez l'utiliser pour fabriquer de puissantes OmniGemmes.	Es gibt einen alte verlassenes Manareaktor oben auf diesem Berg. Es funktioniert immer noch, -  wenn sie die richtigen Ressourcen hinbringen können sie es zur Herstellung von mächtigen Omnisteinen verwenden.	Há um velho reator de mana abandonado no topo desta montanha. Ainda funciona embora - traga os ingredientes certos e você possa usá-lo para fazer omnistones poderosos.	Неподалёку на вершине горы расположен старый заброшенный [Реактор Маны]. Удивительно, но он еще работает - если доставить необходимые ресурсы, то можно получить мощные Омни-кристаллы.	Há um antigo Reator de Mana abandonado no topo dessa montanha. No entanto, ele ainda funciona - traga os ingredientes certos e você poderá usá-lo para criar poderosas Pedra Omni.	這座山上有一座廢棄的舊魔力反應器。 不過它仍然有效——帶上正確的原料，你可以用它來製作強大的神石。	山の頂上に廃墟となったマナ反応炉があります。古くなっていますがまだ稼働します。 材料を供給できれば強力なオムニストーンを作ることができるでしょう。	Bu dağın tepesinde terk edilmiş eski bir Mana Reaktörü var. Yine de işe yarıyor; doğru malzemeleri getirdiğinizde onu güçlü Omnistones yapmak için kullanabilirsiniz.	Na vrcholu této hory je starý opuštěný reaktor Many. Stále funguje - přineste správné ingredience a můžete je použít k výrobě silných Omnistones.	C'è un vecchio reattore di mana abbandonato in cima a questa montagna. Funziona ancora - porta gli ingredienti giusti e puoi usarlo per fare potenti omnistoni.
MessageAffinityGrowth	Affinità delle risorse per un raccolto aumenterà ogni volta che è cresciuto	La afinidad de los recursos por un cultivo aumentará cada vez que se cultiva.	每次种植作物时，其资源亲和度都会增加	L'affinité des ressources pour une culture augmente à chaque fois qu'elle est cultivée.	Die Ressourcenaffinität für eine Ernte erhöht sich jedes Mal, wenn es angebaut wird	Afinidade de recursos para uma colheita aumentará cada vez que é cultivada	Плодородность посевов будет увеличиваться каждый раз, как они будут вырастать	A afinidade de recursos para uma cultura aumentará a cada vez que ela for cultivada	每次種植作物時，其資源親和力都會增加	農作物の親和性は栽培されるたびに上昇します	Bir mahsulün Kaynak Afinitesi, her büyüdüğünde artacaktır	Afinita ke zdrojům pro plodinu se zvýší pokaždé, když je vypěstována	Affinità delle risorse per un raccolto aumenterà ogni volta che è cresciuto
CurrentVersion	Versione attuale	Versión actual	当前版本	Version actuelle	Aktuelle Version	Versão Atual	Текущая версия	Versão Atual	當前版本	現行バージョン	Şimdiki versiyonu	Současná verze	Versione attuale
LastVersionLaunched	Ultima versione lanciata	Última versión lanzada	最新已发布版本	Dernière version sortie	Letzte herausgebrachte Version	Última versão lançada	Последняя запущенная версия	Última Versão Lançada	發布最新版本	最新バージョンが公開	Son Sürüm Yayınlandı	Spuštěna poslední verze	Ultima versione lanciata
LoadResultNoSaveFileFound	Nessun salvataggio trovato	No se ha encontrado el archivo de guardado	未找到游戏存档	Aucun fichier de sauvegarde trouvé	Keine Speicherstände gefunden	Nao foram encontrados Jogos guardados	Файл сохранения не найден	Nenhum Arquivo Salvo Encontrado	沒有找到儲存檔案	保存ファイルが見つかりません	Kayıt Dosyası Bulunamadı	Nebyl nalezen žádný soubor	Nessun salvataggio trovato
AutoManageRecipes	Auto-gestisci progetti	Auto-Manejar Recetas	自动管理配方	Gestion auto. des recettes	Rezepte automatisch verwalten	Auto gerenciar recipientes	Авто-управление рецептами	Gerenciamento Automático de Receitas	自動管理配方	レシピを自動管理	Tarifleri Otomatik Yönet	Auto-správce receptů	Auto-gestisci progetti
GrowthProgress	Progresso crescita	Progreso de crecimiento	生长进度	Prog. croissance	Wachstum	Progresso do Crescimento	Прогресс роста	Progresso do Crescimento	生長進度	成長のようす	Büyüme İlerlemesi	Pokrok růstu	Progresso crescita
Label	Etichetta	Etiqueta	标签	Étiquette	Beschriftung	Rótulo	Надпись	Etiqueta	標籤	ラベル	Etiket	Označení	Etichetta
MiningProgress	Progresso estrazione	Progreso de minado	挖掘进度	Progression du minage	Abbaufortschritt	Progress Mining	Прогресс добычи	Progresso da Mineração	挖掘進度	採掘の進捗	Madencilik İlerlemesi	Pokrok těžby	Progresso estrazione
Randomize	Rendi casuale	Aleatorizar	随机化	Générer	Würfeln	Aleatória	Сгенерировать	Aleatório	隨機化	ランダム化	Rastgeleleştir	Náhodně	Rendi casuale
Random	A caso	Al Azar	随机	Aléatoire	Zufällig	Aleatória	Случайно	Aleatório	隨機	ランダム	Rastgele	Náhodný	A caso
SignalTag	Tag del segnale	Etiqueta	信号标签	Étiquette de signal	Signal Marker	Tag sinal	Сигнальная метка	Etiquetas de Sinais	訊號標籤	信号タグ	Sinyal Etiketleri	Signální značky	Tag del segnale
SlotTypeInput	Input	Entrada	输入	Entrée	Eingabe	Entrada	На входе	Entrada	輸入	入力：	Giriş	Vstup	Input
SlotTypeOutput	Output	Salida	输出	Sortie	Ausgabe	Saída	На выходе	Saída	輸出	出力：	Çıktı	Výstup	Output
SlotTypeStorage	Deposito	Almacenamiento	储存	Stock	Speicher	Armazenamento	Склад	Armazenamento	儲存	ストレージ	Depolamak	Úložný prostor	Deposito
SlotTypeResource	Risorse	Recursos	资源	Ressources	Rohstoffe	Recursos	Ресурсы	Recursos	資源	資源	Kaynaklar	Zdroje	Risorse
SlotTypeWorkerTransport	Inventario	Inventario	库存	Stockage	Inventar	Inventário	Инвентарь	Inventário	庫存	インベントリ	Envanter	Inventář	Inventario
BuildCategoryTypeEverything	Qualunque cosa	Todo	全部	Tout	Alles	Tudo	Разное	Tudo	全部	すべて	Her şey	Všechno	Qualunque cosa
BuildCategoryTypeBuilding	Edifici	Edificios	建筑	Bâtiments	Gebäude	Edifícios	Здания	Edifícios	建築	建物	Binalar	Budovy	Edifici
BuildCategoryTypeBlockStructural	Blocchi strutturali	Bloques Estructurales	建筑结构	Blocs structure	Strukturblöcke	Blocos estruturais	Мосты и Рампы	Blocos Estruturais	結構塊	構造物ブロック	Yapısal Bloklar	Konstrukční bloky	Blocchi strutturali
BuildCategoryTypeDecor	arredamento	Decoración	装饰	Décor	Dekoration	Decoração	Декорации	Decoração	裝飾	装飾	Dekor	Dekorace	arredamento
BuildCategoryTypeBlockLogistic	Blocchi logistica	Bloques logísticos	物流	Blocs logistique	Logikblöcke	Blocos Logísticos	Логистика	Blocos de Logística	物流塊	物流ブロック	Lojistik Bloklar	Logistické bloky	Blocchi logistica
BuildCategoryTypeBlockComputational	Blocchi di calcolo	Bloques de cómputo	计算	Blocs calcul	Rechenblöcke	Blocos de Computação	Блоки логики	Blocos de Computação	計算塊	計算ブロック	Hesaplama Blokları	Výpočetní bloky	Blocchi di calcolo
BuildCategoryTypePath	Sentieri	Caminos	道路	Chemins	Pfade	Caminhos	Путепроводы	Caminhos	路徑	通路	Yollar	Cesty	Sentieri
BuildCategoryTypeFarming	Agricoltura / Mining	Agricultura / Minería	农业 / 矿业	Agriculture / minage	Landwirtschaft & Bergbau	Agricultura / Mineração	Ферма / Минералы	Agricultura / Mineração	農業 / 林業 / 礦業	農業・鉱業	Çiftçilik / Madencilik	Zemědělství / těžba	Agricoltura / Mining
BuildCategoryTypePower	Pipes	Tuberías	管道	Tuyaux	Rohre	Tubos	Трубы	Tubulações	管道	パイプ	Borular	Trubky	Pipes
BuildCategoryTypeResources	Risorse	Recursos	资源	Ressources	Ressourcen	Recursos	Ресурсы	Recursos	資源	資源	Kaynaklar	Zdroje	Risorse
BuildCategoryTypeTools	Strumenti	Herramientas	工具	Outils	Werkzeuge	Ferramentas	Ландшафт	Ferramentas	工具	地形ツール	Aletler	Nástroje	Strumenti
BuildCategoryTypeWorker	Lavoratori	Trabajadores	工人	Travailleurs	Arbeiter	Trabalhadores	Рабочие	Trabalhadores	工人	ワーカー	İşçiler	Pracovníci	Lavoratori
BuildCategoryTypeTrades	Commercio	Comerciar	贸易	Commerce	Handel	comércio	Торговля	Negociação	貿易	交易	Ticaret	Obchodování	Commercio
BuildCategoryTypeRailControl	Controllo ferroviario	Control de ferrocarril	铁路控制	Contrôle ferroviaire	Eisenbahnsteuerung	Controle Ferroviário	Железнодорожный контроль	Controle da Ferrovia	鐵路控制	鉄道制御	Demiryolu Kontrolü	Řízení železnice	Controllo ferroviario
BuildCategoryTypeBuildingTown	#N/A	Edificios de la Ciudad	城镇建筑	Bâtiments de ville	Städtische Gebäude	Edifícios da cidade	Городские здания	Edifícios da Cidade	城鎮建築	町の建物	Şehir Binaları	Městské budovy	#N/A
BuildCategoryTypeBuildingBasic	#N/A	Producción Básica	初级生产	Production de base	Grundproduktion	Produção básica	Основное производство	Produção Básica	基礎生產	基本的な生産施設	Temel Üretim	Základní výroba	#N/A
BuildCategoryTypeBuildingAdvanced	#N/A	Producción Avanzada	高级生产	Production avancée	Fortgeschrittene Produktion	Produção avançada	Расширенное производство	Produção Avançada	先進生產	発展的な生産施設	Gelişmiş Üretim	Pokročilá produkce	#N/A
BuildCategoryTypeBuildingUtility	#N/A	Almacenamiento / Utilidad	储存/共享	Stockage / Utilitaire	Lagerung/Nutzen	Armazenamento / utilidade	Хранение / утилита	Armazenamento / Utilidade	儲存 / 共享	倉庫やユーティリティ	Depolama / Yardımcı Program	Úložiště / Utility	#N/A
FarmingActionApplyWater	Approvvigionamento idrico	Suministrar agua	浇水	Appliquer de l'eau	Gießen	Aplicar Água	Использовать Воду для полива	Fornecimento de Água	澆水	水を撒く	Besleme Suyu	Dodávat vodu	Approvvigionamento idrico
FarmingActionApplyFertilizer	fornitura di fertilizzanti	Suministrar fertilizantes	施肥	Appliquer de l'engrais	Düngen	Aplicar Fertilizante	Использовать Удобрения	Fornecimento de Fertilizantes	施肥	肥料を撒く	Gübre Tedarik	Dodávat hnojivo	fornitura di fertilizzanti
FarmingActionApplyPickaxe	fornitura Piccone	Suministrar Pico	供应鹤嘴镐	Fournir pioche	Spitzhacke liefern	fornecimento Picareta	Использовать Кирку	Suprimentos de Picareta	供應鎬	ツルハシの供給	Tedarik Kazması	Dodávat krumpáč	fornitura Piccone
FarmingActionDescriptionApplyWater	Aggiunge acqua per Tile Farm, permettendo colture a crescere più velocemente	Añade agua a casillas de granja, permitiendo que los cultivos crezcan mas rápido	给农场地块浇水，使得农作物更快地成长	Ajoute de l'Eau à une Tuile de ferme, permet aux cultures de pousser plus vite.	Liefert Wasser an deine Felder und erhöht das Wachstum	Adiciona Água para Telha Farm, permitindo que culturas a crescer mais rapidamente	Использование Воды для полива, ускоряет рост растений на Ферме	Adiciona Água ao Terreno de Cultivo, Permitindo que as plantações cresçam mais rapidamente	向農地澆水，使作物生長得更快	農業タイルに水を撒き、作物の成長を早めます	Çiftlik Döşemesine Su ekleyerek mahsullerin daha hızlı büyümesini sağlar	Přidává vodu na plochu farmy a umožňuje tak plodinám růst rychleji	Aggiunge acqua per Tile Farm, permettendo colture a crescere più velocemente
FarmingActionDescriptionApplyFertilizer	Aggiunge fertilizzante per Tile Farm, permettendo colture a crescere più velocemente	Añade fertilizante a casillas de granja, permitiendo que los cultivos crezcan mas rápido	给农场地块施肥，使得农作物更快地成长	Ajoute de l'Engrais à une Tuile de ferme, permet aux cultures de pousser plus vite.	Liefert Dünger an deine Felder und erhöht das Wachsum	Adiciona fertilizantes para Tile Farm, permitindo que culturas a crescer mais rapidamente	ПИспользование Удобрений, ускоряет рост растений на Ферме	Adiciona Fertilizante ao Terreno de Cultivo, permitindo que as plantações cresçam mais rapidamente	向農地施肥，使作物生長得更快	農業タイルに肥料を撒き、作物の成長を早めます	Çiftlik Döşemesine Gübre ekleyerek mahsullerin daha hızlı büyümesini sağlar	Přidává hnojivo na plochu farmy, což umožňuje plodinám růst rychleji	Aggiunge fertilizzante per Tile Farm, permettendo colture a crescere più velocemente
FarmingActionDescriptionApplyPickaxe	Aggiunge Piccone alla mia Alberi, permettendo minerali da produrre più velocemente	Añade Picos a las Minas, permitiendo que los minerales se produzcan más rápido	加快采矿进程，使地下资源再生	Rajoute une pioche au Puits de mine, permettant au minerai d'être extrait plus rapidement.	Mit Spitzhacken werden Erze in Minenschächten untertage schneller regeneriert	Acelera o processo de mineração que permite que recursos subterrâneos para regenerar	Ускоряет процесс добычи и регенерацию подземных залежей ресурсов 	Acelera o processo de mineração que permite a regeneração dos recursos subterrâneos	加快採礦過程，使地下資源再生	地下採掘を高速化します	Yeraltı kaynaklarının yenilenmesine olanak tanıyan Madencilik sürecini hızlandırır	Urychluje proces těžby, který umožňuje regeneraci podzemních zdrojů	Aggiunge Piccone alla mia Alberi, permettendo minerali da produrre più velocemente
FormattedFarmingActionPlantItem	Pianta {0}	Planta {0}	种植{0}	Planter {0}	Pflanze {0}	Planta {0}	Посадить {0}	Plantar {0}	種植 {0}	{0}を植える	{0} bitkisi	Rostlina {0}	Pianta {0}
FormattedFarmingActionPlaceItem	Posiziona {0}	Coloca {0}	放置{0}	Placer {0}	Platziere {0}	Colocar {0}	Разместить {0}	Colocar {0}	放置 {0}	{0}を置く	{0}'ı yerleştirin	Místo {0}	Posiziona {0}
FormattedFarmingActionDigForItem	Prospect per {0}	Prospecciones por {0}	勘探{0}	Prospecter pour {0}	Suche nach {0}	Prospect para {0}	Произвести геологоразведку {0}	Perspectiva para {0}	勘探 {0}	{0}の試掘	{0} için beklenti	Pátrat po	Prospect per {0}
TooltipTrashItem	Elimina contenuti	Eliminar contenido	删除内容	Supprimer le contenu	Inhalt löschen	Apagar Conteúdo	Удалить содержимое	Excluir Conteúdo	刪除內容	内容物を廃棄する	İçeriği sil	Odstranit obsah	Elimina contenuti
TooltipItemFilter	Applica filtro oggetto	Aplicar filtro de artículos	应用物品过滤器	Appliquer le filtre d'objet	Gegenstandsfilter anwenden	Aplicar filtro de item	Применить фильтр предмета	Aplicar Filtro de Itens	應用物品過濾器	アイテムフィルターを適用	Öğe Filtresini Uygula	Použít filtr položek	Applica filtro oggetto
TooltipSlotActivityToggle	Abilita o disabilita slot oggetto	Activar o desactivar casillero de artículos	启用或禁用物品栏	Activer / désactiver l'emplacement	Slot aktivieren/deaktivieren	Ativar ou desativar Espaço do Item	Вкл/выкл слот	Ativar ou Desativar Espaço de Item	啟用或禁用物品欄位	アイテムスロットの有効化、無効化	Öğe Yuvasını Etkinleştir veya Devre Dışı Bırak	Povolit nebo zakázat slot položky	Abilita o disabilita slot oggetto
TooltipSlotMode	Cambiamenti di comportamento input o output per questo slot di inventario	Cambia el comportamiento de entrada o salida para esta ranura de inventario.	更改此库存栏位的输入或输出行为	Change le comportement d'Entrée ou de Sortie de cette case d'inventaire	Ändert Eingangs- oder Ausgangsverhalten für diesen Inventar-Platz	Muda o comportamento de entrada ou de saída para este slot de inventário	Изменяет поведение на приём или выдачу предметов для этого слота	Altera o comportamento de entrada ou saída desse espaço de inventário	更改此庫存欄位的輸入或輸出行為	このインベントリスロットの入力/出力動作を変更します	Bu envanter yuvası için Giriş veya Çıkış davranışını değiştirir	Změní chování vstupu nebo výstupu pro tento blok inventáře	Cambiamenti di comportamento input o output per questo slot di inventario
SpeedModifierExtraWorkers	Lavoratori aggiuntivi	Trabajadores adicionales	额外工人	Travailleurs supplémentaires	Zusätzliche Arbeiter	Trabalhadores extras	Дополнительные рабочие	Trabalhadores Extras	額外工人	追加のワーカー	Ekstra İşçiler	Extra pracovníci	Lavoratori aggiuntivi
SpeedModifierUpgrades	aggiornamenti	Mejoras	升级	Améliorations	Verbesserungen	Melhorias	Улучшения	Melhorias	升級	アップグレード	Yükseltmeler	Upgrady	aggiornamenti
SpeedModifierOmniUpgrades	Omni aggiornamenti	OmniMejoras	神力升级	Améliorations Omni	Omni-Verbesserungen	Melhorias Omni	Омни-улучшение	Melhorias Omni	神力升級	オムニアップグレード	Çok Yönlü Yükseltmeler	OMNI upgrade	Omni aggiornamenti
SpeedModifierSteam	Forza vapore	Energía de Vapor	蒸汽加速器	Vapeur	Dampfkraft	Poder do Vapor	Энергия Пара	Poder do Vapor	蒸汽動力	蒸気	Buhar gücü	Parní energie	Forza vapore
SpeedModifierFireBoost	Fuoco Boost	Potenciador de Fuego	火之加持	Boost de feu	Feuerverstärker	Impulso de Fogo	Улучшение Огня	Impulso do Fogo	火之加速	火のブースト	Ateş Desteği	Posílení ohněm	Fuoco Boost
SpeedModifierWaterBoost	Boost acqua	Potenciador de Agua	水之加持	Boost d'air	Wasserverstärker	Impulso de Água	Улучшение Воды	Impulso da Água	水之加速	水のブースト	Su Takviyesi	Posílení vodou	Boost acqua
SpeedModifierEarthBoost	Boost Terra	Potenciador de Tierra	土之加持	Boost de terre	Erdverstärker	Impulso de Terra	Улучшение Земли	Impulso da Terra	土之加速	地のブースト	Toprak Takviyesi	Posílení zemí	Boost Terra
SpeedModifierAirBoost	Boost Air	Potenciador de Aire	风之加持	Boost d'air	Luftverstärker	Impulso de Ar	Улучшение Воздуха	Impulso do Ar	風之加速	風ブースト	Hava Desteği	Posílení vzduchem	Boost Air
SpeedModifierGlobal	Bonus Global Production	Bonus de Producción Global	全球生产加成	Bonus de production globale	Globaler Produktionsbonus	Bónus de Produção mundial	Общий бонус производства	Bônus de produção global	全域生產加成	全体の生産ボーナス	Küresel Üretim Bonusu	Globální produkční bonus	Bonus Global Production
SpeedModifierBuildingType	Costruzione Production Bonus	Bonus de Producción de Edificios	建筑生产加成	Bonus de production de bâtiment	Gebäudeproduktionsbonus	Edifício Bónus de Produção	Бонус производственным зданиям	Bônus de produção de edifícios	建築生產加成	生産施設の生産ボーナス	Bina Üretim Bonusu	Výrobní produkční bonus	Costruzione Production Bonus
PromptInputControl	CHIAVE STAMPA	PRESIONA UNA TECLA	请按任意键	APPUYER SUR UNE TOUCHE	Taste drücken	Pressionar Tecla	НАЖМИТЕ КЛАВИШУ	PRESSINE QUALQUER TECLA	請按任意鍵	PRESS KEY	TUŞA BASIN	Stiskněte jakoukoliv klávesu	CHIAVE STAMPA
ActiveState	Stato attivo	Estado activo	启用状态	Actif	aktiver Status	Estado ativo	Состояние	Ativo	啟用	アクティブ	Aktif	Aktivní	Stato attivo
AccessType	Tipo di accesso	Tipo de acceso	存取类型	Type d'accès	Zugangstyp	Tipo de acesso	Режим работы	Tipo de Acesso	存取類型	アクセスタイプ	Erişim türü	Typ přístupu	Tipo di accesso
AccessTypeIn	Input	Entrada	输入	Entrée	Eingabe	Entrada	На вход	Entrada	輸入	入力	Giriş	Vstup	Input
AccessTypeOut	Output	Salida	输出	Sortie	Ausgabe	Saída	На выход	Saída	輸出	出力	Çıktı	Výstup	Output
AccessTypeInOut	Dentro fuori	Entrada y Salida	出入	Entrée et sortie	Ein-Aus	Entrada-Saida	На вход и выход	Entrada-Saída	進出	イン-アウト	Giriş-Çıkış	Zevnitř-ven	Dentro fuori
AccessTypePowerIn	Potenza	Energía	功率	Puissance	Energie	Poder	Питание	Energia	功率	パワー	Güç	Energie	Potenza
LoadAccessTypeIn	Scarico	Descargar	卸载	Décharger	Entladen	Descarregar	Выгрузить	Descarga	卸載	荷降ろし	Boşalt	Vyložit	Scarico
LoadAccessTypeOut	Carico	Cargar	装载	Charger	Beladen	Carga	Загрузить	Carga	裝載	積み込み	Yük	Naložit	Carico
OverflowBehavior	Overflow.	Desbordamiento	溢出	Trop-plein	Überlauf-Verhalten	Transbordar	Переполнение	Transbordar	溢出	オーバーフロー	Taşma	Přebytek	Overflow.
ConnectorOverflowBypass	Circonvallazione	Derivar	绕行	Laisser passer	Umgehen	Desviar	Байпас	Desvio	繞過	バイパス	Kalp ameliyati	Bypass	Circonvallazione
ConnectorOverflowHold	Presa	Bloquear	持有	Garder	Halten	Aguarde	Приостановить	Manter	持有	ホールド	Tutmak	Držet	Presa
HoldUntilFull	Tenere fino a pieno	Retenido hasta que se llena	停留直到满	Attendre remplissage complet	Halten bis voll	Espera até que completa	Полная погрузка	Manter até estar cheio	直到持有滿	満載まで待機	Dolana Kadar Tut	Držet do naplnění	Tenere fino a pieno
HoldUntilEmpty	Tenere fino a vuoto	Retenido hasta que se vacía	停留直到空	Attendre déchargement complet	Halten bis leer	Segure até vazio	Полная разгрузка	Manter até esvaziar	直到持有空	空になるまで待機	Boşalanıncaya Kadar Tutun	Držet do vyprázdnění	Tenere fino a vuoto
LogicType	Tipo di logica	Tipo de lógica	逻辑类型	Type de logique	Logiktyp	Tipo de lógica	Тип логики	Tipo de Lógica	邏輯類型	論理タイプ	Mantık Türü	Logický typ	Tipo di logica
MathFunction	funzione matematica	Función de matemáticas	数学函数	Fonction mathématique	Rechenfunktion	Função matemática	Блок математики	Função Matemática	數學函數	数学関数	Matematik Fonksiyonu	Matematická funkce	funzione matematica
MenuNumberInput	Numero	Número	数字	Nombre	Nummer	Número	Число	Número	數字	数	Sayı	Číslo	Numero
MenuPressInputPrompt	PRESSA PER INGRESSO:	PRESIONA TECLA PARA:	请按下该功能的按键：	CHOISISSEZ UNE TOUCHE POUR :	Drücke Eingabe für:	IMPRENSA ENTRADA PARA:	НАЖМИТЕ ДЛЯ ВВОДА:	PRESSIONE A ENTRADA PARA:	請按下輸入:	入力ボタンを押してください：	İÇİN GİRİŞE BASIN:	STISKNĚTE VSTUP PRO:	PRESSA PER INGRESSO:
TooltipHarvestedFrom	Raccolto da:	Cosechado por:	采集自：	Récolté à partir de :	Erzeugt von:	Colhido de:	Добывается из:	Colhido de:	採集自：	収穫元：	Hasat Edilen Yer:	Sklizeno z:	Raccolto da:
TooltipBuildingAssignedWorkers	Numero di lavoratori assegnati a questo edificio	Número de trabajadores asignados a este edificio	分配给这栋建筑的工人数量	Nombre de travailleurs affectés à ce bâtiment	Anzahl der Arbeiter, die diesem Gebäude zugeordnet sind.	Número de trabalhadores atribuídos a este edifício	Количество рабочих, назначенных в это здание	Número de Trabalhadores atribuídos a este Edifício	分配到該建築的工人數	この建物に配置されたワーカー数	Bu binaya atanan İşçi sayısı	Počet pracovníků přidělených této budově	Numero di lavoratori assegnati a questo edificio
TooltipNearbyWaterAbsorb	Acqua assorbita automaticamente in caso di inventario dalle piastrelle d'acqua vicine	Agua absorbida automáticamente en el inventario de las casillas de agua cercanas.	库存中的水从附近的水域自动吸收	L'eau est automatiquement absorbée dans l'inventaire depuis les tuiles d'eau à proximité	Wasser, welches automatisch von naheliegenden Wasserfeldern absorbiert wird.	Água absorvida automaticamente em inventário de telhas de água próximas	Вода потребляется автоматически из ближайших клеток с водой	Água absorvida automaticamente no inventário a partir de painéis de água próximos	水從附近的水域自動吸收到庫存中	付近の水タイルから自動的に吸収される水量	Yakındaki su karolarından otomatik olarak envantere su emilir	Voda se automaticky absorbuje do inventáře z nedalekých vodních polí	Acqua assorbita automaticamente in caso di inventario dalle piastrelle d'acqua vicine
TooltipLinkedTown	La città in cui questo edificio è collegato a	El Centro Ciudad al que este edificio está conectado	这座建筑所连接的城镇	La ville connectée à ce bâtiment	Die Stadt, mit der dieses Haus verbunden ist.	A cidade que este edifício está conectado a	Город, к которому относится это здание	A cidade à qual esse edifício está conectado	這座建築所連接的城鎮	この建物がリンクしている町	Bu binanın bağlı olduğu ilçe	Město, se kterým je tato budova spojena	La città in cui questo edificio è collegato a
TooltipTechLevelUp	Sali di livello tecnologico	Subir de nivel tecnológico	技术水平提升	Niveau technologique supérieur	Tech-Level aufsteigen	Aumento de nível tecnológico	Повышение технического уровня	#N/A	技術水準提升	技術レベルアップ	Teknoloji Seviyesi Yükseltme	Tech Level Up	Sali di livello tecnologico
MenuBuildingLevel	{0} livello {1}	{0} {1} Nivel	{0} 等级{1}	{0} Niveau {1}	{0} Ebene {1}	{0} Nível {1}	{0} Уровень {1}	{0} Nível {1}	{0} 等級 {1}	{0}レベル{1}	{0} Seviye {1}	{0} úroveň {1}	{0} livello {1}
MenuCredits	Crediti	Créditos	开发人员名单	Crédits	Credits	Créditos	Титры	Créditos	工作人員名單	クレジット	Kredi	Titulky	Crediti
MenuMisc	Varie	Misc	更多内容	Divers	Verschiedenes	Diversos	Разное	Diversos	更多內容	その他	Çeşitli	Různé	Varie
UnlockNotificationNewRecipe	Nuovo progetto sbloccato	Nueva receta desbloqueada	新配方已解锁	Nouvelle recette débloquée 	Neues Rezept freigeschaltet	Nova receita desbloqueada	Разблокирован новый рецепт	Nova Receita Desbloqueada	已解鎖新配方	新しいレシピがアンロックされました	Yeni tarifin kilidi açıldı	Nový recept odemčen	Nuovo progetto sbloccato
UnlockNotificationNewResearch	Nuova ricerca disponibile	Nueva investigación disponible	可研究新的项目	Nouvelle recherche disponible 	Neue Forschung verfügbar	Nova pesquisa disponível	Доступны новые исследования	Nova Pesquisa Disponível	可研究新的技術	新しい研究が可能になりました	Yeni araştırma mevcut	Nový výzkum dostupný	Nuova ricerca disponibile
UnlockNotificationNewItem	Nuovo oggetto sbloccato	Nuevo artículo desbloqueado	新物品已解锁	Nouvel objet débloqué 	Neuer Gegenstand freigeschaltet	Novo item desbloqueado	Разблокирован новый предмет	Novo Item Desbloqueado	已解鎖新物品	新しいアイテムがアンロックされました	Yeni öğenin kilidi açıldı	Nová položka odemčená	Nuovo oggetto sbloccato
UnlockNotificationNewBuilding	Nuovo edificio sbloccato	Nuevo edificio desbloqueado	新建筑已解锁	Nouveau bâtiment débloqué 	Neues Gebäude freigeschaltet	Novo prédio desbloqueado	Разблокировано новое здание	Novo Edifício Desbloqueado	已解鎖新建築	新しい建物がアンロックされました	Yeni binanın kilidi açıldı	Nová budova odemčená	Nuovo edificio sbloccato
UnlockNotificationNewStructure	Nuova struttura sbloccata	Nueva estructura desbloqueada	新设施已解锁	Nouvelle structure débloquée 	Neue Struktur freigeschaltet	Nova estrutura desbloqueada	Разблокированы новые структуры	Nova Estrutura Desbloqueada	已解鎖新結構	新しい構造物がアンロックされました	Yeni yapının kilidi açıldı	Nová struktura odemčená	Nuova struttura sbloccata
UnlockNotificationHouseMaxIncreased	Quantità di case massime costruibili aumentata di {0}	Límite de casas incrementado por {0}	最大住宅增加{0}	Limite max. de Maisons augmentée de {0}	Hausmaximum erhöht um {0}	Máximo da casa aumentado em {0}	Лимит Домов увеличен на {0}	Máximo da Casa aumentado em {0}	房屋上限增加了 {0}	住宅数の上限が{0}増えました	Hane maksimumu {0} artırıldı	Dům maximálně zvýšen o {0}	Quantità di case massime costruibili aumentata di {0}
Tier	Livello	Nivel	一级	Niveau	Stufe	Camada	Уровень	Nível	層級	ランク	Aşama	Stupeň	Livello
MaxTier	Max Livello	Grado Máximo	最高等级	Niveau max.	Max Stufe	Max Nível	Макс. уровень	Nível máximo	最高層級	最大ランク	Maksimum Seviye	Maximální úroveň	Max Livello
MarketStatus	Stato sul mercato	Estado del mercado	市场状态	Statut du Marché	Marktstatus	Estado de mercado	Статус рынка	Status do Mercado	市場狀態	市場ステータス	Piyasa Durumu	Stav trhu	Stato sul mercato
LinkedTo	Collegato a:	Conectado a:	连接至：	Lié à :	Verbunden mit:	Ligado a:	Подключение к:	Vinculado a:	連接至：	リンク先:	İle bağlantılı:	Spojené s:	Collegato a:
OmniTempleOfferingsMade	offerte fatte	Ofrendas Realizadas	供奉完成	Offrandes faites	Opfergaben erbracht	ofertas feitas	Сделано Подношений	Ofertas Feitas	奉獻完成	供物の進捗	Yapılan Teklifler	Vyrobené nabídky	offerte fatte
ConstructionProgress	Progresso costruzione	Progreso de Construcción	建造进程	Progression construction	Baufortschritt	Progress construção	Ход строительства	Progresso da construção	建設進度	建設の進捗	İnşaat İlerlemesi	Stavební pokrok	Progresso costruzione
SatisfactionCategory	Categoria di soddisfazione	Categoria de Satisfacción	满意度类别	Catégorie de satisfaction	Zufriedenheitskategorie	Categoria satisfação	Категории запросов	Categoria de Satisfação	滿意度類别	満足度カテゴリ	Memnuniyet Kategorisi	Kategorie spokojenosti	Categoria di soddisfazione
SellCategory	Categoria di vendita	Categoria de Venta	销售类别	Catégorie de vente	Verkaufskategorie	Categoria sell	Категория продажи	Categoria de Venda	銷售類别	販売カテゴリー	Satış Kategorisi	Kategorie prodeje	Categoria di vendita
SellValue	Vendita	Valor de venta	销售价格	Prix de vente	Verkaufswert	Valor de venda	Цена продажи	Valor de Venda	售價	販売価値	Satış Değeri	Prodejní hodnota	Vendita
HousesSupplied	Case rifornite	Casas suministradas	房屋提供	Maisons approvisionnées	Versorgte Häuser	casas Fornecido	Дома, обеспеченные поставками	Casas Supridas	房屋供應	供給済みの住宅	Verilen Evler	Zásobované domy	Case rifornite
Supplied	Fornito	Suministrado	提供	Fourni	Beliefert	Fornecido	Поставлено	Fornecido	供應	供給済み	Sağlandı	Dodaný	Fornito
PerSecond	{0} / sec	{0} / seg	{0} /秒	{0} / sec	{0} / s	{0} / seg	{0} / сек	{0} / sec	{0} /秒	{0} / 秒	{0}/sn	{0} / s	{0} / sec
FishingBaselineSpeed	Pesca Baseline Velocità	Velocidad base de Pesca	钓鱼标准速度	Vitesse de base de la pêche	Fischfang Grundgeschwindigkeit	Pesca Linha de Base velocidade	Базовая скорость вылова рыбы	Velocidade de Linha de Base da Pesca	釣魚基線速度	釣りの基本速度	Balık Tutma Temel Hızı	Základní rychlost rybolovu	Pesca Baseline Velocità
WorkshopVisibilityPrivate	Privato	Privado	私人的	Privé	Privat	Privado	Приватный	Privado	私人	プライベート	Özel	Soukromý	Privato
WorkshopVisibilityPublic	Pubblico	Público	公开的	Tout le monde	Öffentlich	Público	Публичный	Público	公開	パブリック	Halk	Veřejný	Pubblico
WorkshopVisibilityFriendsOnly	Solo amici	Solo Amigos	仅限朋友	Amis seulement	Nur Freunde	Somente amigos	Только для Друзей	Somente Amigos	僅限朋友	フレンドのみ	Sadece arkadaşlar	Pouze přátelé	Solo amici
ViewFile	Visualizzazione	Mostrar	视图	Voir	Datei anzeigen	Visão	Просмотреть	Exibir	視圖	表示	Görüş	Pohled	Visualizzazione
VictoryConditions	Condizioni di vittoria	Condiciones de Victoria	胜利条件	Conditions de victoire	Siegbedingungen	Condições de vitória	Условия победы	Condições de Vitória	勝利條件	勝利条件	Zafer Koşulları	Podmínky vítězství	Condizioni di vittoria
FilterLogicSettingInclude	Includere	Incluir	包括	Inclure	Schließe ein	Incluir	Разрешить	Incluir	包括	含む	Katmak	Zahrnout	Includere
FilterLogicSettingExclude	Escludere	Excluir	排除	Exclure	Schließe aus	Excluir	Запретить	Excluir	排除	除外	Hariç tutmak	Vyloučit	Escludere
FilterLogicSettingRequire	Richiedere	Requiere	要求	Exiger	Benötigt	exigir	Требуется	Exigir	要求	必要	Gerekmek	Vyžadovat	Richiedere
FilterPackageSettingNone	Nessuna restrizione del pacchetto	Sin Restricción del paquete	没有打包限制	Aucune restriction d'emballage	Keine Verpackungsrestriktionen	Restrição nenhum pacote	Без ограничений	Sem Restrição de Pacotes	没有打包限制	パッケージ制限なし	Paket Kısıtlaması Yok	Žádné omezení balíčku	Nessuna restrizione del pacchetto
FilterPackageSettingOnlyAllowPacked	Consenti solo il confezionamento	Sólo permitir empaquetados	只允许打包	Autoriser seulement les objets emballés	Nur Verpacktes zulassen	Só permitem Embalado	Только упакованные предметы	Permitir Somente Embalados	只允許打包	梱包されたものだけを許可	Yalnızca Paketlenmiş Paketlere İzin Ver	Povolit pouze balené	Consenti solo il confezionamento
FilterPackageSettingOnlyAllowUnpacked	Permettere solo disimballato	Sólo permitir no empaquetados	只允许解包	Autoriser seulement les objets déballés	Nur Entpacktes zulassen	Apenas Permitir desembalado	Только незапакованные предметы	Permitir Somente Desembalados	只允許未打包	開梱されたものだけを許可	Yalnızca Paketlenmemiş Olanlara İzin Ver	Povolit pouze rozbalené	Permettere solo disimballato
InputRatio	#N/A	Ratio de entrada	输入比例	Ratio d'entrée	Eingangsrate	Rácio de entrada	Коэффициент на вход	Relação de Entrada	輸入比例	入力比	Giriş Oranı	Vstupní poměr	#N/A
OutputRatio	#N/A	Ratio de salida	输出比例	Ratio de sortie	Ausgangsrate	Rácio de saída	Коэффициент на выход	Relação de Saída	輸出比例	出力比	Çıkış Oranı	Výstupní poměr	#N/A
Affinity	Affinità	Afinidad	亲和度	Affinité	Affinität	Afinidade	Плодородность	Afinidade	親和力	親和性	Yakınlık	Afinita	Affinità
Yield	Prodotto	Rendimiento	产量	Rendement	Typ	Produção	Урожай	Rendimento	產量	生産量	Teslim olmak	Výtěžek	Prodotto
DataOverlayAttributeProduction	Produzione	Producción	生产	Production	Produktion	Produção	Производство	Produção	生產	製造	Üretme	Výroba	Produzione
DataOverlayAttributeWorkers	Lavoratori	Trabajadores	工人	Travailleurs	Arbeiter	trabalhadores	Рабочие 	Trabalhadores	工人	ワーカー	İşçiler	Pracovníci	Lavoratori
DataOverlayAttributeCrops	Raccolti	Cultivos	作物	Affinité des culture	Vegetation	cortar Affinity	Посадки	Cultivos	作物	農作物	Mahsuller	Plodiny	Raccolti
DataOverlayAttributeTrees	Alberi	Árboles	树木	Affinité des arbres	Bäume	árvore Affinity	Деревья	Árvores	樹木	樹木	Ağaçlar	Stromy	Alberi
DataOverlayAttributeOre	Minerale	Minerales	矿石	Affinité des minerais	Erz	Ore Affinity	Близость руды	Minério	礦物	鉱石	cevher	Ruda	Minerale
DataOverlayAttributeTownAreas	Aree di città	Áreas de Ciudad	城镇地区	Zones de ville	Stadtgebiete	Áreas cidade	Зоны города	Áreas da Cidade	城鎮區域	市街地	Kasaba Alanları	Oblast města	Aree di città
DataOverlayAttributeTags	Tags.	Etiquetas	标签	Balises	Stichworte	Tag	Тэг	Etiquetas	標籤	タグ	Etiketler	Tagy	Tags.
Boosters	Booster	Potenciadores	加速器	Boosters	Verstärker	Potenciadores	Бустеры	Impulsores	加速器	ブースター	Güçlendiriciler	Posilovače	Booster
CoinBoosters	Booster di monete	Potenciador de monedas	硬币加速器	Boosters de pièces	Münzverstärker	Boosters da moeda	Усилители монет	Impulso de Moedas	硬幣加速器	コインブースター	Para Arttırıcılar	Posílení mincí	Booster di monete
BoostAmount	Aumenta l'importo	Cantidad de impulso	提升量	Montant du boost	Boost-Betrag	Valor do aumento	Сумма повышения	Quantidade de Impulso	提升量	ブースト量	Takviye Tutarı	Částka zvýšení	Aumenta l'importo
RequiredFor	Richiesto per	Requerido para	需要	Requis pour	Benötigt für	Necessário para	Требующийся для	Necessário para	需要	必要なもの	İçin gerekli olan	Vyžadováno pro	Richiesto per
Requirements	Requisiti	Requisitos	要求	Conditions	Anforderungen	Requisitos	Требования	Requerimentos	要求	条件	Gereksinimler	Požadavky	Requisiti
Interval	Intervallo	Intervalo	间隔	Intervalle	Intervall	Intervalo	Интервал	Intervalo	間隔	間隔	Aralık	Interval	Intervallo
Income	Reddito	Ingreso	收入	Revenus	Einkommen	Renda	Доход	Renda	收入	収入	Gelir	Příjem	Reddito
Expenses	Spese	Gastos	支出	Dépenses	Ausgaben	Despesas	Затраты	Despesas	支出	支出	Masraflar	Výdaje	Spese
AutoConfig	Configurazione automatica	Configuración automática	自动配置	Configuration automatique	Automatische Konfiguration	Configuração automática	Автоматическая настройка	Configuração Automática	自動配置	自動設定	Otomatik Yapılandırma	Automatická konfigurace	Configurazione automatica
DepositsTo	Depositi a:	Deposita en:	存入到：	Dépôts vers :	Deponiert In:	Depósitos para:	Депозиты в:	Depósitos para:	存入至:	流出先	Para Yatırma:	Uložit do:	Depositi a:
WithdrawsFrom	Si ritira da:	Retira de:	取出于：	Retraits depuis :	Holt von:	Retira-se de:	Снимает из:	Retiradas de:	取出從:	流入元	Şuradan Çekilir:	Odebrat z:	Si ritira da:
AssignControl	#N/A	Asignar Control	分配控制	Assigner le contrôle	Kontrolle Zuweisen	Atribuir controle	Назначить контроль	Atribuir Controle	分配控制	割り当ての制御	Denetim Ata	Přiřadit ovládání	#N/A
TechLevel	Livello tecnologico	Nivel de Tecnología	科技等级	Niveau technologique	Technik-Level	Nível de tecnologia.	Технический уровень	Nível Tecnológico	技術水平	技術レベル	Teknik Seviye	Technická úroveň	Livello tecnologico
PopulationLevel	Livello della popolazione	Nivel de Población	人口等级	Niveau de la population	Bevölkerungsstufe	Nível populacional	Уровень населения	Nível da População	人口水平	人口レベル	Nüfus Düzeyi	Úroveň populace	Livello della popolazione
DoubleOutputChance	Possibilità di raddoppiare la produzione	Probabilidad de salida 2x	2倍输出几率	Chance de sortie x2	Chance für verdoppelten Output	2x chance de saída	2x выходной шанс	2x Chance de Saída	2倍輸出機率	2倍の出力チャンス	2x Çıkış Şansı	2x Výstupní šance	Possibilità di raddoppiare la produzione
Goals	Obiettivi	Objetivos	目标	Objectifs	Ziele	Metas	Цели	Objetivos	目標	目標	Hedefler	Cíle	Obiettivi
LeftValue	Valore sinistro	Valor izquierdo	左值	Valeur de gauche	Linker Wert	Valor esquerdo	Левое значение	Valor à Esquerda	左值	左の値	Sol Değer	Levá hodnota	Valore sinistro
RightValue	Giusto valore	Valor derecho	右值	Valeur de droite	Rechter Wert	Valor certo.	Правильное значение	Valor à Direita	右值	右の値	Doğru Değer	Pravá hodnota	Giusto valore
ResultValue	Valore del risultato	Valor de resultado	结果值	Valeur de résultat	Ergebniswert	Valor de resultado	Значение результата	Valor do Resultado	結果值	値のリセット	Sonuç Değeri	Hodnota výsledku	Valore del risultato
StoredValue	Valore memorizzato	Valor almacenado	储存值	Valeur stockée	Gespeicherter Wert	Valor armazenado	Сохраненное значение	Valor Armazenado	儲存值	値の保存	Saklanan Değer	Uložená hodnota	Valore memorizzato
LogicConnections	Connessioni logiche	Conexiones lógicas	逻辑连接器	Connexions logiques	Logische Verbindungen	Conexões lógicas	Логические соединения	Conexões Lógicas	邏輯連接	ロジック接続	Mantık Bağlantıları	Logická spojení	Connessioni logiche
MoveUp	Andare avanti	Mover hacia arriba	上移	Monter	Hochschieben	Subir	Двигаться вверх	Mover para Cima	上移	繰り上げ	Yukarı Taşı	Posunout nahoru.	Andare avanti
MoveDown	Abbassati	Mover hacia abajo	下移	Descendre	Runterschieben	Mover para baixo	Двигаться вниз	Mover para Baixo	下移	繰り下げ	Aşağı inmek	Posunout dolů	Abbassati
WorkerShirt	Camicia	Camisa	衬衫	Chemise	Shirt	Camisa	Рубашка	Camisa	衣服	シャツ	Gömlek	Košile	Camicia
WorkerSkin	Colore della pelle	Color de piel	肤色	Teint	Hautfarbe	Tom de pele	Тон кожи	Tom de Pele	膚色	肌の色	Cilt tonu	Odstín pleti	Colore della pelle
WorkerHairColor	Colore dei capelli	Color de pelo	发色	Couleur de cheveux	Haarfarbe	Cor de cabelo	Цвет волос	Cor do Cabelo	髮色	髪の色	Saç rengi	Barva vlasů	Colore dei capelli
WorkerHairStyle	Stile dei capelli	Estilo para el cabello	发型	Coiffure	Frisur	Penteado	Прическа	Estilo de Cabelo	髮型	髪型	Saç modeli	Styl vlasů	Stile dei capelli
Tasks	Compiti	Tareas	任务	Tâches	Aufgaben	Tarefas	Задачи	Tarefas	任務	タスク	Görevler	Úkoly	Compiti
CanTransport	Può trasportare	Puede transportar:	可运输	Peut transporter	Kann transportieren	Pode transportar	Может транспортировать	Transporte de Latas	可運輸	輸送可能	Taşıma Yapabilir	Může dopravovat	Può trasportare
ReplaceTask	Riassegnare	Reasignar	重新分配	Réaffecter	Neu zuordnen	Reatribuir	Повторно уценить	Reatribuir	重新分配	再割り当て	#N/A	#N/A	Riassegnare
AddTask	Aggiungi un nuovo compito	Agregar nueva tarea	创建新任务	Ajouter une nouvelle tâche	Neue Aufgabe hinzufügen	Adicionar nova tarefa	Добавьте новую задачу	Adicionar Nova Tarefa	添加新任務	新しいタスクを追加します	#N/A	#N/A	Aggiungi un nuovo compito
EditBiome	Modifica il bioma	Editar bioma	编辑生态	Modifier le biome	Biome bearbeiten	Editar bioma	РЕДАКТИРОВАТЬ BIOME	Editar Bioma	編輯Biome	Biomeを編集します	#N/A	#N/A	Modifica il bioma
Inbound	In entrata	Entrante	输入	Entrant	Eingehend	Entrada	Вход	Entrada	入站	インバウンド	#N/A	#N/A	In entrata
Outbound	In uscita	saliente	输出	Sortant	Ausgehend	Saída	Исходящий	Saída	出站	アウトバウンド	#N/A	#N/A	In uscita
Source	Fonte	Fuente	来源	Source	Quelle	Fonte	Источник	Origem	來源	ソース	#N/A	#N/A	Fonte
Action	Azione	Acción	动作	Action	Aktion	Ação	Действие	Ação	行動	アクション	#N/A	#N/A	Azione
ControlSchemeKeyboardMouse	Tastiera e mouse	Teclado y ratón	键鼠	Clavier et souris	Tastatur und Maus	Teclado e mouse	Клавиатура и мышь	Teclado e Mouse	鍵盤和滑鼠	キーボードとマウス	#N/A	#N/A	Tastiera e mouse
ControlSchemeController	Controllore	Controlador	控制器	Manette	Controller	Controlador	Контроллер	Controle	控制器	コントローラ	#N/A	#N/A	Controllore
Purchase	Acquistare	Compra	购买	Acheter	Kaufen	Comprar	Покупка	Comprar	購買	購入	#N/A	#N/A	Acquistare
IsPrimaryStorage	È l'archiviazione primaria	es almacenamiento primario	是主要储存	Est le stockage principal	Ist Hauptspeicher	É armazenamento primário	Является основным хранилищем	O Armazenamento Primário é	是主存儲	プライマリストレージです	#N/A	#N/A	È l'archiviazione primaria
MenuFunctionNewGame	Nuova partita	Nuevo juego	新游戏	Nouvelle partie	Neues Spiel	Novo jogo	Новая игра	Novo Jogo	新遊戲	ニューゲーム	Yeni oyun	Nová hra	Nuova partita
MenuFunctionReturnToGame	Riprendi	Resumir	回到游戏	Reprendre	Weiterspielen	Resumir	Продолжить	Resumir	恢復	再開	Sürdürmek	Zpět do hry	Riprendi
MenuFunctionResumeLastGame	Continua	Continuar	继续游戏	Continuer	Fortsetzen	Continuar	Продолжить	Continuar	繼續	コンティニュー	Devam etmek	Pokračovat	Continua
MenuFunctionSave	Salva	Guardar	保存游戏	Sauvegarder	Speichern	Guardar	Сохранить	Salvar	儲存	セーブ	Kaydetmek	Uložit	Salva
MenuFunctionSavePrompt	Salvare prima di chiudere?	¿Guardar antes de salir?	关闭前要保存吗？	Sauvegarder avant de fermer ?	Vor Beenden speichern?	Guardar antes de sair ?	Сохранить игру?	Salvar antes de fechar?	關閉前要儲存嗎？	セーブしますか？	Kapatmadan önce kaydet?	Uložit před zavřením?	Salvare prima di chiudere?
MenuFunctionLoad	Carica	Cargar	读取游戏	Charger	Laden	Carregar	Загрузить	Carregar	載入	ロード	Yük	Nahrát	Carica
MenuFunctionOptions	Opzioni	Opciones	游戏选项	Options	Einstellungen	Opcções	Настройки	Opções	選項	オプション	Seçenekler	Možnosti	Opzioni
MenuFunctionQuit	Uscire	Salir	退出	Quitter	Verlassen	Sair	Выйти	Sair	退出到主選單	終了	Çıkış yapmak	Konec	Uscire
MenuFunctionQuitToMain	Esci al menu	Salir al Menú Principal	返回主菜单	Retourner au menu principal	Zum Hauptmenü zurückkehren	Sair para menu	Главное меню	Sair para o Menu	退出到主選單	メインメニューに戻る	Ana'dan çık	Ukončit do Hlavního menu	Esci al menu
MenuFunctionEditor	Editor	Editor	编辑	Éditeur	Editor	editor	Редактор	Editor	編輯	エディター	Editör	Editor	Editor
MenuFunctionEditRules	Modifica regole	Editar Reglas	编辑规则	Modifier les règles	Regeln bearbeiten	Editar regras	Редактировать правила	Editar Regras	編輯規則	ルールの編集	Kuralları Düzenle	Upravit pravidla	Modifica regole
MenuFunctionEditVictoryConditions	Modifica le condizioni della vittoria	Editar Condiciones de Victoria	编辑胜利条件	Modifier les conditions de victoire	Siegbedingungen bearbeiten	Editar condições de vitória	Изменить условия победы.	Editar Condições de Vitória	編輯勝利條件	勝利条件を編集	Zafer Koşullarını Düzenle	Upravit podmínky vítězství	Modifica le condizioni della vittoria
MenuFunctionEditWorld	Modificare il mondo	Editar Mundo	编辑世界	Modifier le monde	Welt bearbeiten	Editar World	Редактировать Мир	Editar Mundo	編輯世界	ワールドの編集	Dünyayı Düzenle	Upravit svět	Modificare il mondo
MenuFunctionExit	Esci al desktop	Salir al Escritorio	退出到桌面	Quitter vers le bureau	Spiel verlassen	Sair para Windows	Выход из игры	Sair para a Área de Trabalho	退出到桌面	ゲームを終了する	Masaüstüne Çıkış	Ukončit hru	Esci al desktop
MenuFunctionHelp	Aiuto	Ayuda	帮助	Aide	Hilfe	Ajuda	Помощь	Ajuda	幫助	ヘルプ	Yardım	Pomoc	Aiuto
MenuFunctionAudio	Audio	Audio	音频	Audio	Audio	Som	Аудио	Áudio	聲音	オーディオ設定	Ses	Zvuk	Audio
MenuFunctionVideo	Video	Vídeo	视频	Vidéo	Video	Vídeo	Видео	Vídeo	影像	ビデオ設定	Video	Video	Video
MenuFunctionInterface	Interfaccia	Interfaz	界面	Interface	Benutzeroberfläche	Interface	Интерфейс	Interface	介面	インターフェース設定	Arayüz	Rozhraní	Interfaccia
MenuFunctionControls	Controlli	Controles	控制	Contrôles	Steuerung	controles	Управление	Controles	控制	コントロール設定	Kontroller	Klávesové zkratky	Controlli
MenuFunctionGameplay	Gameplay	Jugabilidad	游戏玩法	Gameplay	Spielverlauf	gameplay	Геймплей	Jogabilidade	遊戲玩法	ゲームプレイ設定	Oynanış	Hratelnost	Gameplay
MenuFunctionCloseWithoutSaving	Non salvare	No guardar	不存档	Ne pas sauvegarder	Nicht speichern	Não salvar	Не сохранять	Não Salvar	不存檔	セーブしない	Kaydetme	Neukládat	Non salvare
MenuFunctionSelectRecipe	Seleziona progetto	Seleccionar receta	选择配方	Sélectionner recette	Rezept wählen	Selecionar Receita	Выбор рецепта	Selecionar Receita	選擇配方	レシピ選択	Tarif Seç	Vybrat recept	Seleziona progetto
MenuFunctionCreateDefault	Predefinito	Por defecto	默认	Par défaut	Standard	Padrão	Стандартный мир	Padrão	預設	デフォルト	Varsayılan	Výchozí hodnota	Predefinito
MenuFunctionCreateSandbox	Sandbox	Modo libre	沙箱	Bac à sable	Sandbox	Caixa de areia	Песочница	Caixa de Areia	沙盒	サンドボックス	Kum havuzu	Sandbox	Sandbox
MenuFunctionCreateAdvanced	Avanzate	Avanzado	高级	Avancé	Fortgeschritten	avançado	Расширенные настройки	Avançado	先進	上級	Gelişmiş	Pokročilý	Avanzate
MenuFunctionDescriptionCreateDefault	L'esperienza di gioco standard. La mappa e le risorse sono bilanciate per la progressione regolare.	La experiencia estándar. El mapa y sus recursos están bien repartidos para un progreso regular.	标准的游戏体验。地图和资源平衡，可进行常规发展。	L'expérience de jeu standard. La carte et les ressources sont équilibrées pour une progression régulière.	Das Standard-Spielerlebnis. Karte und Ressourcen sind für normalen Fortschritt ausbalanciert.	A experiência de jogo padrão. Mapa e recursos são equilibradas para a progressão regular.	Стандартный игровой процесс. Карта и ресурсы сбалансированы для устойчивого прогресса.	A experiência de jogo padrão. O mapa e os recursos são equilibrados para uma progressão regular.	標準的遊戲體驗。 地圖和資源平衡以進行定期進展。	標準的なゲームプレイ体験。 徐々に発展できるようにマップと資源のバランスが取られています。	Standart oyun deneyimi. Harita ve kaynaklar düzenli ilerleme için dengelenmiştir.	Standardní herní zkušenosti. Mapa i zdroje jsou zde vyváženy.	L'esperienza di gioco standard. La mappa e le risorse sono bilanciate per la progressione regolare.
MenuFunctionDescriptionCreateSandbox	Una mappa piatta e infinita in cui ogni oggetto può essere costruito liberamente.	Un mapa plano e infinito donde todos los objetos pueden ser construidos libremente	扁平的，无限地图，每一个对象可以被自由地建造。	Une carte plate et infinie où chaque objet peut être construit librement.	Eine flache, unendliche Karte, auf der alle Objekte sofort und kostenlos gebaut werden können.	Uma plana, mapa infinito, onde cada objecto pode ser construído livremente.	Плоская бесконечная карта, на которой можно строить любые объекты.	Um mapa plano e infinito onde cada objeto pode ser construído livremente.	一個平坦、無限的地圖，每個物體都可以自由建造。	平坦で無限に拡張できるマップ。すべてのオブジェクトを自由に作成できます。	Her nesnenin özgürce inşa edilebileceği düz, sonsuz bir harita.	Plochá, nekonečná mapa, kde každý objekt může být volně postaven.	Una mappa piatta e infinita in cui ogni oggetto può essere costruito liberamente.
MenuFunctionDescriptionCreateAdvanced	Visualizza un grande elenco di opzioni per te per personalizzare il tuo gioco.	Muestra una larga lista de opciones para personalizar tu juego.	显示的选项，您可以自定义你的游戏。	Affiche une grande liste d'options pour vous permettre de personnaliser votre partie.	Zeigt eine große Liste von Optionen mit denen das Spiel angepasst werden kann.	Exibe uma lista grande de opções para que você personalize o seu jogo.	Большой список опций для настройки игры.	Exibe uma grande lista de opções para você personalizar o jogo.	顯示大量選項供您自定遊戲。	ゲームをカスタマイズするためのオプションリストを表示します。	Oyununuzu özelleştirmeniz için geniş bir seçenek listesi görüntüler.	Zobrazí velký seznam možností pro přizpůsobení hry.	Visualizza un grande elenco di opzioni per te per personalizzare il tuo gioco.
MenuFunctionResetMap	Ripristina la mappa	Reiniciar mapa	重置地图	Réinitialiser la carte	Karte zurücksetzen	Reiniciar mapa	Сбросить карту	Redefinir Mapa	重置地圖	マップをリセット	Haritayı Sıfırla	Resetovat mapu	Ripristina la mappa
MenuFunctionNextCampaign	Prossima campagna.	Siguiente Campaña	下一个战役	Prochaine campagne	Nächste Kampagne	próxima campanha	Следующая кампания	Próxima Campanha	下一個戰役	次のキャンペーン	Sonraki Kampanya	Další kampaň	Prossima campagna.
MenuFunctionKeepPlaying	Continuare a giocare	Sigue jugando	继续玩	Continuer à jouer	Weiterspielen	Continue jogando	Продолжить играть	Continuar Jogando	繼續玩	プレイを続ける	Oynamaya devam et	Hraj dál	Continuare a giocare
MenuFunctionLock	Serratura	Bloquear	锁定	Verrouiller	Sperren	bloqueio	Заблокировать	Travar	鎖定	ロック	Kilit	Zamknuto	Serratura
MenuFunctionUnlock	Sbloccare	Desbloquear	解锁	Déverrouiller	Entsperren	Unlock	Разблокировать	Destravar	解鎖	アンロック	Kilidini aç	Odemknuto	Sbloccare
ResourceLabelWood	Albero	Árbol	树木	Arbre	Baum	Árvore	Дерево	Árvore	樹木	木	Ağaç	Strom	Albero
ResourceLabelGemRed	Pietra del fuoco	Piedra de fuego	火之石	Gemme de feu	Feuerstein	Pedra de Fogo	Камни Огня	Pedra do Fogo	火礦	火の鉱石	Ateş taşı	Ohnivý kámen	Pietra del fuoco
ResourceLabelGemYellow	Pietra dell'aria	Piedra de aire	风之石	Gemme d'air	Luftstein	Pedra de Ar	Камни Воздуха	Pedra do Ar	風礦	風の鉱石	Hava Taşı	Vzdušný kámen	Pietra dell'aria
ResourceLabelGemAqua	Pietra dell'acqua	Piedra de agua	水之石	Gemme d'eau	Wasserstein	Pedra de Água	Камни Воды	Pedra da Água	水礦	水の鉱石	Su taşı	Vodní kámen	Pietra dell'acqua
ResourceLabelGemPurple	Pietra della terra	Piedra de tierra	土之石	Gemme de terre	Erdstein	Pedra de Terra	Камни Земли	Pedra da Terra	土礦	地の鉱石	Toprak Taşı	Kámen země	Pietra della terra
ResourceLabelApple	Melo	Manzano	苹果树	Pommier	Apfelbaum	Maceira	Яблоня	Macieira	蘋果樹	りんごの木	Elma ağacı	Jabloň	Melo
ResourceLabelPear	Pero	Peral	梨树	Poirier	Birnenbaum	Pereira	Груша	Pereira	西洋梨樹	梨の木	Armut ağacı	Hrušeň	Pero
ResourceLabelCoal	Giacimento di carbone	Depósito de carbón	煤矿	Gisement de charbon	Kohle	Deposito de Carvão	Уголь	Depósito de Carvão	煤礦	石炭	Kömür Yatağı	Ložisko uhlí	Giacimento di carbone
ResourceLabelIronOre	Giacimento di ferro	Depósito de mineral de hierro	铁矿	Gisement de fer	Eisenerz	Deposito de Ferro	Железная руда	Depósito de Ferro	鐵礦	鉄鉱石	Demir Cevheri Yatağı	Ložisko železa	Giacimento di ferro
ResourceLabelGold	Giacimento d'oro	Depósito de oro	金矿	Gisement d'or	Golderz	Deposito de Ouro	Золотая руда	Depósito de Ouro	金礦	金鉱石	Altın Mevduatı	Ložisko zlata	Giacimento d'oro
PrefInterfaceKeyLanguage	Lingua	Lenguaje	语言	Langue	Sprache	Língua	Язык	Idioma	語言	言語	Dil	Jazyk	Lingua
PrefInterfaceKeyContextCommands	Comandi di contesto	Comandos de contexto	相关命令	Aides des commandes	Kontextbefehle	Comandos de contexto	Подсказки управления	Comandos de Contexto	相關命令	コンテキストコマンド	Bağlam Komutları	Kontextové příkazy	Comandi di contesto
PrefInterfaceKeyTutorialMessages	Messaggi del tutorial	Mensajes de tutorial	教程消息	Messages du tutoriel	Tutorialnachrichten	Mensagens de Tutorial	Обучение	Mensagens do Tutorial	教程訊息	チュートリアルメッセージ	Öğretici Mesajlar	Výukové zprávy	Messaggi del tutorial
PrefInterfaceKeyInformationalPopups	Consigli Visualizza Popup	Ventanas emergentes	信息弹框	Afficher les conseils en jeu	Zeige Popup-Tipps	Popups informativos	Всплывающие подсказки	Mostrar Dicas	顯示彈出提示	ポップアップヒントを表示する	Açılır İpuçlarını Göster	Zobrazit vyskakovací tipy	Consigli Visualizza Popup
PrefInterfaceKeyAlertBubbles	Alert Bubbles	Burbujas de alerta	警报消息	Bulles d'alerte	Warnhinweise	Bolhas de Alerta	Иконки предупреждений	Bolhas de Alerta	提醒泡泡	アラートバブル	Uyarı Baloncukları	Výstražné bubliny	Alert Bubbles
PrefInterfaceKeyHouseAlerts	Avvisi Casa	Alertas de casa	房屋提醒	Alertes des Maisons	Hauswarnungen	Alertas das Casas	Оповещения домов	Alertas das Casas	房屋提醒	ハウスアラート	Ev Uyarıları	Upozornění domů	Avvisi Casa
PrefInterfaceKeyItemTooltips	Articolo Tooltips	Ventanas de información sobre artículos	物品提示	Infobulles des objets	Tooltip	Dicas dos  Items	Подсказки к предметам	Dicas de Itens	物品工具提示	アイテムのツールチップ	Öğe İpuçları	Tipy	Articolo Tooltips
PrefInterfaceKeyAutosave	Salvataggio automatico Intervallo	Intervalo de guardado automático	自动保存间隔	Intervalle de sauvegarde auto.	Intervall für automatisches Speichern	Intervalo para guardar automaticamente	Автосохранение каждые	Intervalo de Salvamento Automático	自動儲存間隔	自動セーブ間隔	Otomatik Kaydetme Aralığı	Interval autosave	Salvataggio automatico Intervallo
PrefInterfaceKeyBuildMultiple	Costruire più di default	Construir múltiple por defecto	默认多个建造	Construction multiple par défaut	Mehrfach-Bau	Padrão construir várias	Строить по несколько	Múltiplas Construções Padrão	預設建造多個	デフォルト複数建設	Varsayılan Çoklu Derleme	Vícenásobná výstavba	Costruire più di default
PrefInterfaceKeyScreenEdgeScrolling	Schermo bordo Scorrimento	Desplazamiento del borde de pantalla	屏幕边缘滚动	Défilement de l'écran	Am Bildschirmrand scrollen	Mover atraves das bordas do ecrãn	Прокрутка по краю экрана	Rolagem na Borda da Tela	螢幕邊緣滾動	画面端スクロール	Ekran Kenarı Kaydırma	Posouvání okraje obrazovky	Schermo bordo Scorrimento
PrefInterfaceKeyScaling	UI Scaling	Escalado del UI	界面缩放	Échelle de l'interface	UI Skalierung	Escala de UI	Масштаб интерфейса	Dimensionamento da Interface do Usuário	介面縮放	UIスケーリング	Kullanıcı Arayüzü Ölçeklendirme	Velikost uživatelského rozhraní	UI Scaling
PrefInterfaceKeyLaunchTips	Mostra consigli iniziali	Mostrar consejos de lanzamiento	启动时显示技巧提示	Afficher les conseils	Einführungstipps	Mostrar dicas de lançamento	Советы при запуске	Mostrar Dicas de Lançamento	顯示啟動提示	起動時にヒントを表示	Başlatma İpuçlarını Göster	Zobrazit tipy pro spuštění	Mostra consigli iniziali
PrefInterfaceKeyTargeting	Metodo di targeting	Método de focalización	目标选择方式	Méthode de ciblage	Ziel-Modus	Método de segmentação	Кнопка целеуказания	Método de direcionamento	工人定位方式	ターゲット方法	Hedefleme Yöntemi	Metoda cílení	Metodo di targeting
PrefInterfaceKeyObjectLabels	Etichette oggetti	Etiquetas de objetos	物品标签	Etiquettes d'objet	Objektenettiket	Etiquetas de objetos	Названия объектов	Etiquetas de Objetos	物體標籤	オブジェクトラベル	Nesne Etiketleri	Názvy objektů	Etichette oggetti
PrefInterfaceKeySecondaryActionDelete	Azione secondaria Elimina	Acción secundaria Eliminar	次要操作删除	Action secondaire pour supprimer	Löschen mit sekundärer Aktion	Ação secundária Excluir	Вторичное действие удаления	Ação secundária Excluir	次要操作刪除	セカンダリアクションで削除	İkincil Eylem Silme	Sekundární akce Odstranit	Azione secondaria Elimina
PrefInterfaceKeyGlobalHotbars	Hotbar globali.	Barra de Menú Global	全域快捷列	Barre de raccourcis globale	Globale Schnellzugriffsleite	Hotbars globais	Глобальные горячие бары	Barras de Atalho Globais	全域快捷欄	グローバルホットバー	Küresel Hotbar'lar	Hlavní Hotbar	Hotbar globali.
PrefInterfaceKeyRunInBackground	#N/A	Ejecutar en segundo plano	在背景中执行	Exécution en arrière plan	Im Hintergrund Laufen Lassen	Executado em segundo plano	Запустить в фоновом режиме	#N/A	在背景運行	バックグラウンド実行	Arka planda çalıştır	Běžet na pozadí	#N/A
PrefInterfaceKeyInvertCameraX	Asse x fotocamera invertita	Invertir cámra eje X	镜头X轴反转	Inverser l'axe X de la caméra	Invertiere X-Achse der Kamera	Inverter câmera X eixo	Инвертировать камеру x оси	Inverter o eixo X da câmera	反轉鏡頭X軸	カメラのX軸を反転	Kamera X Eksenini Ters Çevir	Převrátit osu kamery X	Asse x fotocamera invertita
PrefInterfaceKeyInvertCameraY	Asse della fotocamera invertita	Invertir cámara eje Y	镜头Y轴反转	Inverser l'axe Y de la caméra	Invertiere Y-Achse der Kamera	Inverter câmera Y eixo	Инвертировать камеру Y	Inverter o eixo Y da câmera	反轉鏡頭Y軸	カメラのY軸を反転	Kamera Y Eksenini Ters Çevir	Převrátit osu kamery Y	Asse della fotocamera invertita
PrefGameplayKeyInfiniteMarkets	Infinite il consumo del mercato	Consumo infinito de Mercado	无限市场消费	Conso. des Marchés infinie	Unbegrenzter Marktkonsum	Consumo de Mercado infinita	Неограниченные продажи на рынок	Consumo de Mercado Infinito	無限市場消費	市場の消費を無限化	Sonsuz Piyasa Tüketimi	Nekonečná spotřeba trhu	Infinite il consumo del mercato
PrefGameplayKeyInfiniteResearch	Research Infinite	Investigación Infinita	无限研究	Recherche infinie	Unendliche Forschung	Pesquisa infinita	Бесконечные исследования	Pesquisa Infinita	無限研究	研究の無限化	Sonsuz Araştırma	Nekonečný výzkum	Research Infinite
PrefVideoKeyShadows	Ombre	Sombras	阴影	Ombres	Schatten	sombras	Тени	Sombras	陰影	影の描画	Gölgeler	Stíny	Ombre
PrefVideoKeyAmbientOcclusion	Occlusione ambientale	Oclusión ambiental	环境光遮蔽	Occlusion ambiante	Umgebungsschattierung (AO)	oclusão de ambiente	Окружающая окклюзия	Oclusão de Ambiente	環境光遮蔽	アンビエントオクルージョン	Çevresel perdeleme	Okolní okluze	Occlusione ambientale
PrefVideoKeyAnimateWorkers	Animare i lavoratori	Trabajadores animados	工人动画	Animer les travailleurs	Arbeiter animieren	Animar Trabalhadores	Анимация рабочих	Animar Trabalhadores	工人動畫	ワーカーのアニメーション	İşçileri Canlandırın	Animovaní pracovníci	Animare i lavoratori
PrefVideoKeyAntialiasing	Antialiasing	Antialiasing	抗锯齿	Anticrénelage	Kantenglättung	antialiasing	Сглаживание	Antialiasing	抗鋸齒	アンチエイリアス	Kenar yumuşatma	Antialiasing	Antialiasing
PrefVideoKeyTiltShift	VSync	Difuminar	移轴效果	Profondeur de champs	Unschärfe	Tilt Shift	Размытие вдали	Desfoque (Blur)	移軸	チルトシフト	Eğim Kaydırma (Bulanıklaştırma)	Změna sklonu	VSync
PrefVideoKeyFramerate	Framerate	Fotogramas por segundo	帧率	Images par seconde	Bildrate (fps)	Taxa de quadros	Частота кадров	Taxa de Quadros	幀率	フレームレート	Kare hızı	Snímková frekvence	Framerate
PrefVideoKeyVSync	VSync	Sincronización vertical	垂直同步	Synchronisation verticale	VSync	VSync	Верт. синхронизация	VSync	垂直同步	VSync	VSync	Vsync.	VSync
PrefVideoKeyWindowMode	Finestra	Ventana	窗口模式	Fenêtre	Fenster	Janela	Режим окна	Janela	視窗	ウィンドウモード	Pencere	V okně	Finestra
PrefVideoKeyResolution	Risoluzione	Resolución	分辨率	Résolution	Auflösung	Resolução	Разрешение	Resolução	解析度	解像度	Çözünürlük	Rozlišení	Risoluzione
PrefVideoKeyDrawTerrainGrass	disegnare Erba	Dibujar hierba	绘制草地	Afficher l'herbe	Gras	Mostrar Erva	Отрисовка травы	Desenhar Grama	繪製草地	草の描画	Çim Çiz	Nakreslete trávu	disegnare Erba
PrefInterfaceOptionScalingAuto	Automatico	Automático	自动	Automatique	Automatisch	Automático	Автоматически	Automático	自動	自動	Otomatik	Automatický	Automatico
PrefVideoKeyManaTransmissionEffects	Mana effetti di trasmissione	Efectos de transmisión de mana	魔力传输效果	Effets de transmission du Mana	Manaübertragungseffekte	Efeitos de transmissão de mana	Эффекты передачи маны	Efeitos de transmissão de mana	魔力傳輸效果	マナ送受信エフェクト	Mana İletim Etkileri	Efekty přenosu many	Mana effetti di trasmissione
PrefVideoKeyConveyorBeltAnimations	Nastro trasportatore Animazioni	Animaciones de cintas transportadoras	传送带动画	Animations des Tapis roulants	Förderbandanimationen	Animações de correia transportadora	Анимация конвейеров	Animações das Esteira	輸送帶動畫	搬送ベルトのアニメーション	Konveyör Bant Animasyonları	Animace dopravního pásu	Nastro trasportatore Animazioni
PrefVideoOptionConveyorBeltAnimationsSlow	Lento	Lento	慢	Au ralenti	Langsam	Lento	Медленная	Lento	慢	遅め	Yavaş	Pomalý	Lento
PrefVideoKeyObjectLights	Luci Object	Luces de objeto	物体光影	Lumières des objets	Objektlichter	Luzes de objetos	Освещение объектов	Luzes de Objetos	物體燈光	光源オブジェクトの設定	Nesne Işıkları	Objektová světla	Luci Object
PrefVideoKeyDrawDistance	disegnare Distanza	Distancia de dibujado	绘制距离	Distance d'affichage	Zeichendistanz	Estabelece a distância	Прорисовка отдалённых объектов	Estabelecer a Distância	繪製距離	描画距離	Mesafeyi Çiz	Vykreslit vzdálenost	disegnare Distanza
PrefVideoKeyWindEffect	effetto del vento	Efectos de viento	风吹效果	Effets du vent	Windeffekt	Efeito de vento	Эффекты ветра	Efeito do Vento	風效果	風の表現	Rüzgar Etkisi	Efekt větru	effetto del vento
PrefVideoKeyMeshInstancing	Mesh Instancing	Instanciado de Mallas	网格空间	Instanciation géométrique	Mesh-Instanzierung	malha Instancing	Сетка полигонов	Instanciamento de malha	網格實例化	メッシュインスタンス化	Mesh Örnekleme	Instance sítě	Mesh Instancing
PrefVideoKeyDynamicTerrainTextures	Dinamiche del terreno Textures	Textura de Terrenos Dinámica	动态地形纹理	Textures de terrain dynamiques	Dynamische Geländetexturen	Dinâmicos terreno Texturas	Динамические текстуры	Texturas de Terreno Dinâmicas	動態地形紋理	ダイナミック地形テクスチャ	Dinamik Arazi Dokuları	Dynamické terénní textury	Dinamiche del terreno Textures
PrefVideoKeyOutline	Effetto contorno	Efecto de Contorno	轮廓效果	Effet de contour	Kontureffekt	esboço Effect	Эффект контура	Efeito de Contorno	輪廓效果	輪郭強調	Anahat Etkisi	Efekt osnovy	Effetto contorno
PrefVideoKeyCloudEffect	Effetto cloud	Efecto de nube	云彩效果	Effet de nuage	Wolkeneffekt	Efeito nuvem	Эффект облаков	Efeito de Nuvem	雲效果	雲の効果	Bulut Etkisi	Mraky	Effetto cloud
PrefVideoKeyParticles	Effetti delle particelle	Efectos de partículas	粒子效果	Effets de particules	Partikeleffekte	Efeitos de Partículas	Эффекты частиц	Efeitos de Partículas	粒子效果	パーティクルエフェクト	Parçacık Etkileri	Částicové efekty	Effetti delle particelle
RecipeNone	Nessuna	Ninguno	无	/	Keins	Nenhum	Нет	Nenhum	無	無し	Hiçbiri	Žádný	Nessuna
RecipeUpgradeBase	Aggiorna	Mejorar Centro Ciudad	升级	Améliorer	Verbesserung	Melhorar	Улучшить	Melhorar	升級城鎮中心	アップグレード	Güncelleme	Upgrade	Aggiorna
RecipeUpgradePasture	Aggiorna	Mejorar Pasto	升级	Améliorer	Verbesserung	Melhorar	Улучшить	Melhorar	升級牧場	アップグレード	Güncelleme	Upgrade	Aggiorna
RecipeUpgradeHouse	Aggiorna	Mejorar Casa	升级	Améliorer	Verbesserung	Melhorar	Улучшить	Melhorar	升級房屋	アップグレード	Güncelleme	Upgrade	Aggiorna
RecipePackage	Confezione in Crate	Meter en cajón	打包	Mettre dans une caisse	In Kiste packen	Embalar em Caixas	Упаковать в ящик	Embalar na caixa	打包進木箱	箱に詰める	Sandıklara Paketleyin	Zabalit do bedny	Confezione in Crate
RecipeUnpackage	Scompattare da Crate	Extraer del cajón	拆包	Retirer de la caisse	Kiste auspacken	Desembalar das Caixas	Распаковать ящик	Desembalar da caixa	從箱中拆包	箱から開梱する	Sandıktan Çıkarma	Rozbalit z bedny	Scompattare da Crate
RecipeTransmitMana	Transmit Mana	Transmitir Mana	传输魔力	Transmission du mana	Mana übertragen	Transmitir Mana	Передать Ману	Transmitir Mana	傳輸魔力	マナの送信	Mana Aktar	Přenést manu	Transmit Mana
RecipeReceiveMana	Ricevere mana.	Recibir Maná	接收魔力	Recevoir le mana	Mana erhalten	Receba Mana	Получить Ману	Receber Mana	接收魔力	マナの受信	Mana al	Přijměte Manu	Ricevere mana.
RecipeRechargeMana	Ricarica crystal.	Recargar Maná	充能水晶	Cristal de recharge	Mana aufladen	recarga Mana	Перезарядить	Recarga de Cristal	充能結晶	結晶のリチャージ	Kristali Yeniden Şarj Et	Nabijte krystal	Ricarica crystal.
RecipeVoidItem	Invia revocatorie	Enviar al Vacio	送至虚空	Envoyer dans le Vide	in die Leere schicken	Enviar para o Vazio	Отправить в Пустоту	Enviar para o Vazio	送至虛空	ヴォイドに送る	Geçersizliğe gönder	Odeslat do prázdna	Invia revocatorie
RecipeDescNone	Nessuna	Ninguno	无	/	Nichts	Nenhum	Ничего	Nenhum	無	無し	Hiçbiri	Žádný	Nessuna
RecipeSellGoods	Vende beni	Vender Bienes	销售商品	Vendre les biens	Waren verkaufen	Vender bens	Продажа товаров	Venda de Mercadorias	銷售商品	商品の消費	Mal Sat	Prodej zboží	Vende beni
RecipeHarvestFish	Harvest Pesce	Pescar Pescado	收获鱼	Récolter du Poisson	Fische fangen	colheita dos peixes	Добыть рыбу	Colheita de peixes	補魚	魚を収穫	Balık Hasadı	Sklizeň ryb	Harvest Pesce
RecipeProvideOffering	fornire Offering	Proveer Ofrenda	献上供奉	Fournir une offrande	Opfergabe bereitstellen	fornecer Offering	Сделать Подношение	Fornecer oferta	提供供品	供物をささげる	Teklif Sağlayın	Poskytnout nabídku	fornire Offering
RecipeCollectBonus	raccogliere bonus	Recolectar Bonus	收集加成	Collecter le bonus	Bonus einsammeln	Recolha Bonus	Собрать бонусы	Coletar bônus	收集加成	ボーナスを集める	Bonus Topla	Seberte bonus	raccogliere bonus
RecipeBuild	Costruire	Construir	建筑	Construire	Bauen	Construir	Строить	Construir	建造	建設を進める	İnşa etmek	Stavět	Costruire
RecipeCompleteConstruction	completare la costruzione	Completar Construcción	完成建造	Terminer la construction	Bau fertiggestellt	Construção completa	Завершить строительство	Concluir a construção	完成建設	建設を完了	Komple İnşaat	Kompletní stavba	completare la costruzione
RecipeTrade	Commercio	Comercio	贸易	Echanger	Handel	Comércio	Торговля	Comércio	貿易	取引する	Ticaret	Obchod	Commercio
ItemLabelKnowledgeElementalism	Elemental Estrazione	Extracción elemental	元素提取	Extraction élémentaire	Elementgewinnung	Extracao Elemental	Извлечение Силы стихий	Extração Elemental	元素提取	元素の抽出	Element Ekstraksiyonu	Elementární extrakce	Elemental Estrazione
ItemLabelKnowledgeElementalismAdvanced	reattore mana	Reactor de mana	魔力反应器	Réacteur à mana	Manareaktor	Reactor de Mana	Реактор Маны	Reator de Mana	魔力反應器	マナ反応炉	Mana Reaktörü	Mana reaktor	reattore mana
ItemLabelKnowledgeAirPurification	purificazione dell'aria	Purificación del Aire	风之精通	Purification de l'air	Luft-Reinigung	Purificação de ar	Очистка Камней Воздуха	Purificação do Ar	風純化	元素精錬：風	Hava temizleme	Čištění vzduchu	purificazione dell'aria
ItemLabelKnowledgeAirMastery	Air Mastery	Dominio del Aire	风之精通	Maîtrise de l'air	Luft-Meisterung	Masteria do Ar	Овладение Силой Воздуха	Domínio do Ar	風精通	風への精通	Hava Ustalığı	Mistrovství vzduchu	Air Mastery
ItemLabelKnowledgeEarthPurification	Terra Purificazione	Purificación de Tierra	土之纯化	Purification de la terre	Erd-Reinigung	Purificação da Terra	Очистка Камней Земли	Purificação da Terra	土純化	元素精錬：地	Toprak Arıtma	Čištění země	Terra Purificazione
ItemLabelKnowledgeEarthMastery	Terra Mastery	Dominio de la Tierra	土之精通	Maîtrise de la terre	Erd-Meisterung	Masteria da Terra	Овладение Силой Земли	Domínio da Terra	土精通	地への精通	Dünya Ustalığı	Mistrovství země	Terra Mastery
ItemLabelKnowledgeFirePurification	Fuoco Purificazione	Purificación de Fuego	火之纯化	Purification du feu	Feuer-Reinigung	Purificação do Fogo	Очистка Камней Огня	Purificação do Fogo	火純化	元素精錬：火	Yangın Arıtma	Čištění ohněm	Fuoco Purificazione
ItemLabelKnowledgeFireMastery	Fuoco Mastery	Dominio de Fuego	火之精通	Maîtrise du feu	Feuer-Meisterung	Masteria do Fogo	Овладение Силой Огня	Domínio do Fogo	火精通	火への精通	Ateş Ustalığı	Mistrovství ohně	Fuoco Mastery
ItemLabelKnowledgeWaterPurification	Purificazione dell'acqua	Purificación de Agua	水之纯化	Purification de l'eau	Wasser-Reinigung	Purificação da Água	Очистка Камней Воды	Purificação da Água	水純化	元素精錬：水	Su arıtma	Čištění vody	Purificazione dell'acqua
ItemLabelKnowledgeWaterMastery	Mastery acqua	Dominio del Agua	水之精通	Maîtrise de l'eau	Wasser-Meisterung	Masteria da Água	Овладение Силой Воды	Domínio da Água	水精通	水への精通	Su Ustalığı	Mistrovství vody	Mastery acqua
ItemLabelKnowledgeBakery	Forno	Panadería	烘焙	Boulangerie	Bäckerei	Padaria	Пекарня	Padaria	麵包店	ベーカリー	Fırın	Pekařství	Forno
ItemLabelKnowledgeBoatbuilding	boatbuilding	Construcción de barcos	造船	Construction navale	Werft	Construtor de Barcos	Судостроение	Construtor de Barcos	造船	造船	Tekne yapımı	Stavba lodí	boatbuilding
ItemLabelKnowledgeLogicBasic	La logistica di base	Logística básica	初级物流	Logistique élémentaire	Basis Logistik	Logistica Basica	Базовая Логистика	Logística Básica	基礎物流	基本的な物流	Temel Lojistik	Základní logistika	La logistica di base
ItemLabelKnowledgeLogicIntermediate	intermedi Logistica	Logística intermedia	中级物流	Logistique intermédiaire	Standard Logistik	Logistica Intermedia	Промежуточная Логистика	Logística Intermediária	中級物流	発展的な物流	Orta Düzey Lojistik	Střední logistika	intermedi Logistica
ItemLabelKnowledgeLogic	logistica avanzata	Logística avanzada	高级物流	Logistique avancée	Erweiterte Logistik	Logistica Avançada	Продвинутая Логистика	Logística Avançada	先進物流	高度な物流	İleri Lojistik	Pokročilá logistika	logistica avanzata
ItemLabelKnowledgeFarming	Agricoltura	Agricultura	农业	Agriculture	Landwirtschaft	Agricultura	Сельское хозяйство	Agricultura	農業	農業	Çiftçilik	Zemědělství	Agricoltura
ItemLabelKnowledgeJewelry	Gioielleria	Joyeria	珠宝	Bijoux	Juwelen	Acessorios melhorados	Украшения	Joalheria	珠寶	ジュエリー	Takı	Šperky	Gioielleria
ItemLabelKnowledgeMagicJewelry	Gioielli magia	Joyería mágica	魔力珠宝	Bijoux magique	Magische Juwelen	Joias Mágicas	Магические украшения	Joias Mágicas	魔法珠寶	魔法のジュエリー	Sihirli Takı	Kouzelné šperky	Gioielli magia
ItemLabelKnowledgeElementalJewelry	Gioielli Elemental	Joyería elemental	元素珠宝	Bijoux élémentaire	Elementare Juwelen	Joias Elementais	Стихийные украшения	Joias Elementais	元素珠寶	エレメンタルジュエリー	Element Takıları	Elementární šperky	Gioielli Elemental
ItemLabelKnowledgeForestry	Silvicoltura	Silvicultura	林业	Foresterie	Forstwirtschaft	Florestador	Лесное хозяйство	Silvicultura	林業	営林小屋	Ormancılık	Lesnictví	Silvicoltura
ItemLabelKnowledgeRailwayFreightCars	Auto merci ferroviarie	Vagones de carga	铁路货车	Wagons de marchandises	Güterwagen	Transporte ferroviário de mercadorias Cars	Грузовые вагоны	Vagões de carga ferroviária	軌道貨車	鉄道貨物車	Demiryolu Yük Vagonları	Železniční nákladní vozy	Auto merci ferroviarie
ItemLabelKnowledgeSpellDestroy	Spell: Distruggi risorse	Hechizo: Destruir Recurso	法术：销毁资源	Sort : détruire une ressource	Zauber: Ressourcen zerstören	Feitiço: Destruir Recurso	Заклинание: Уничтожить ресурс	Feitiço: Destruir Recurso	法術：摧毀資源	スペル：資源の破壊	Büyü: Kaynağı Yok Et	Kouzlo: zničit zdroj	Spell: Distruggi risorse
ItemLabelKnowledgeSpellGrowTree	Spell: Grow Albero	Hechizo: Crecer Árbol	法术：生长树木	Sort : faire pousser un arbre	Zauber: Baum wachsen lassen	Feitiço: Crescer Árvore	Заклинание: Вырастить дерево	Feitiço: Crescer Árvore	法術：種植樹木	スペル：木の繁茂	Büyü: Ağacı Büyüt	Kouzlo: Růst stromu	Spell: Grow Albero
ItemLabelKnowledgeStone	in pietra	Cantería	采石	Maçonnerie	Steinverarbeitung	Cantaria	Обработка камня	Trabalho em Pedra	石材加工	石工	Taş işçiliği	Kamenictví	in pietra
ItemLabelKnowledgeMetalwork	Metallurgia	Metalurgia	冶金	Métallurgie	Metallurgie	Metalurgia	Металлургия	Metalurgia	冶金	冶金	Metalurji	Hutnictví	Metallurgia
ItemLabelKnowledgeWood	Lavorazione del legno	Tratamiento de la madera	木工	Travail du bois	Holzverarbeitung	Carpintaria	Деревообработка	Trabalho em Madeira	木工	木工	Ağaç işleri	Dřevoobrábění	Lavorazione del legno
ItemLabelKnowledgeMana	mana Purificazione	Purificación de Mana	魔力纯化	Purification du mana	Mana Reinigung	Purificação de Mana	Очистка Кристаллов Маны	Purificação da Mana	魔力純化	マナの精錬	Mana Arıtma	Čištění many	mana Purificazione
ItemLabelKnowledgeManaPower	mana Potenza	Poder de mana	魔力	Énergie de mana	Mana-Kraft	Poder de Mana	Энергия Кристаллов маны	Poder da Mana	魔力	マナの力	Mana Gücü	Síla many	mana Potenza
ItemLabelKnowledgeMagicTransmission	mana Trasmissione	Transmisión de Mana	魔力传输	Transmission du mana	Mana Übertragung	Transmissão de Mana	Передача Кристаллов Маны	Transmissão da Mana	魔力傳輸	マナの伝送	Mana Aktarımı	Přenos many	mana Trasmissione
ItemLabelKnowledgeMining	Estrazione	Minería	采矿	Exploitation minière	Bergbau	Mineração	Добыча полезных ископаемых	Mineração	礦業	採鉱	madencilik	Hornictví	Estrazione
ItemLabelKnowledgeWaterPower	Potere dell'acqua	Energía del Agua	水源动力	Énergie hydraulique	Wasserkraft	Poder de água	Энергия воды	Poder de Água	水動力	水の力	Su gücü	Vodní energie	Potere dell'acqua
ItemLabelKnowledgeSteamPower	Forza vapore	Energía de vapor	蒸汽动力	Vapeur	Dampfkraft	Poder de vapor	Энергия Пара	Poder do Vapor	蒸汽動力	蒸気の力	Buhar gücü	Parní energie	Forza vapore
ItemLabelKnowledgeSpellDestruction	Spell: Distruzione	Hechizo: Destrucción	法术：销毁	Sort : destruction	Zauber: Zerstörung	Magia: Destruição	Заклинание: Разрушение	Feitiço: Destruição	法術: 摧毀	スペル：破壊	Büyü: Yıkım	Kouzlo: zničení	Spell: Distruzione
ItemLabelKnowledgeRailway	Linee ferroviarie	Vias ferreas	铁轨	Chemins de fer métalliques	Gleise	Linhas Ferreas	Железная дорога	Trilhos de Metal	金屬鐵路	鉄道	Metal Demiryolları	Kovové koleje	Linee ferroviarie
ItemLabelKnowledgeRailwayWooden	Rotaie di legno	Ferrocarriles de Madera	木制铁路	Chemins de fer en bois	Holzschienen	Ferrovias de madeira	Деревянные железные дороги	Trilhos de Madeira	木製鐵路	木製の鉄道	Ahşap Demiryolları	Dřevěné kolejnice	Rotaie di legno
ItemLabelKnowledgeMagicPower	Potere magico	Poder mágico	魔力	Pouvoir magique	Magische Kraft	Poder mágico	Магическая знергия	Poder mágico	魔法能量	魔法の力	Sihirli güç	Magická síla	Potere magico
ItemLabelKnowledgeMachinery	Macchinari	Maquinaria	机械	Machinerie	Maschinerie	maquinaria	Механика	Maquinário	機械	機械工学	Makineler	Stroje	Macchinari
ItemLabelKnowledgeMedicineBasic	Medicina di base	Medicina básica	基础医学	Médicament basique	Basis- Medizin	Medicina básica	Базовая медицина	Medicina Básica	基礎醫學	基本的な薬品	Temel Tıp	Základní medicína	Medicina di base
ItemLabelKnowledgeMedicine	Medicina	Medicina	中级医学	Médicament intermédiaire	Medizin	Remédio	Медицина	Medicina Intermediária	中級醫學	発展的な薬品	Orta Düzey Tıp	Střední medicína	Medicina
ItemLabelKnowledgeMedicineAdvanced	Medicina avanzata	Medicina avanzada	先进医学	Médicament avancé	Fortgeschrittene Medizin	Medicina avançada	Продвинутая медицина	Medicina Avançada	先進醫學	高度な薬品	İleri Tıp	Pokročilá medicína	Medicina avanzata
ItemLabelKnowledgePasture	Pascolo degli animali	Terreno de pasto	牧场	Pâturage d'animaux	Viehweide	Pasto Animal	Пастбища	Pasto Animal	牧場	牧畜	Hayvan Otlaması	Zvířecí pastviny	Pascolo degli animali
ItemLabelKnowledgeMarket	mercati	Mercados	市场	Marchés	Märkte	Mercados	Рынки	Mercados	市場	市場	Piyasalar	Trhy	mercati
ItemLabelKnowledgeGrainProcessing	Frantoio	Molino	磨坊	Moulin	Getreidemühle	Moinho de Cereais	Мельница	Moinho de Grãos	食材坊	製粉所	Tahıl değirmeni	Mlýn	Frantoio
ItemLabelKnowledgeKnowledgeBakery	Forno	Panadería	烘焙	Boulangerie	Bäckerei	Padaria	Пекарня	Padaria	麵包店	ベーカリー	Fırın	Pekařství	Forno
ItemLabelKnowledgeWoodwork	Lavorazione del legno	Carpintería	木工	Travail du bois	Holzverarbeitung	Carpintaria	Деревообработка	Carpintaria	木工	木工	Ağaç işleri	Dřevoobrábění	Lavorazione del legno
ItemLabelKnowledgeStonework	Opere murarie	Cantería	石工	Maçonnerie	Steinmetzarbeit	Construção	Кирпичная кладка	Alvenaria	石工	石工	Duvarcılık	Kamenictví	Opere murarie
ItemLabelKnowledgeOmniTransmission	OmniPipe Trasmissione	Transmisión de OmniTubería	神力管道	Transmission par OmniTuyau	Omnirohrübertragung	OmniPipe Transmission	Омнипровод	Transmissão Tubo de Omni	神力傳輸	オムニパイプ伝送	OmniPipe İletim	Přenos Omni trubky	OmniPipe Trasmissione
ItemLabelKnowledgeOmniPipeSpeed	OmniPipe Velocità	Velocidad de OmniTuberia	神力管道的速度	Vitesse d'OmniTuyau	Omnirohr Geschwindigkeit	OmniPipe velocidade	Скорость Омнипровода	Velocidade do Tubo Omni	神力管道速度	オムニパイプ速度	OmniPipe Hızı	Rychlost OmniPipe	OmniPipe Velocità
ItemLabelKnowledgeManaTransfer	Mana Velocità di trasferimento	Velocidad de Transferencia de Maná	魔力传输率	Taux de transfert de Mana	Manaübertragungsrate	Mana Taxa de Transferência	Скорость транспортировки Маны	Taxa de transferência de Mana	魔力傳輸率	マナ転送レート	Mana Aktarım Hızı	Přenosová rychlost many	Mana Velocità di trasferimento
ItemLabelKnowledgeTempleSpeed	Tempio della velocità di produzione	Velocidad de Producción del Templo	神殿生产速度	Vitesse de production du Temple	Tempel Prokutionsgeschwindigkeit	Temple velocidade de produção	Скорость производства Храма	Velocidade de produção do Templo	神殿生產速度	神殿の生産速度	Tapınak Üretim Hızı	Rychlost výroby chrámu	Tempio della velocità di produzione
ItemLabelKnowledgeRechargerSpeed	recharger Velocità	Velocidad de recargador	充能速度	Vitesse du Rechargeur	Aufladergeschwindigkeit	recarregador de velocidade	Скорость перезарядки	Velocidade do Recarregador	充能速度	リチャージャー速度	Şarj Hızı	Rychlost dobíjení	recharger Velocità
ItemLabelKnowledgeManaYield	mana Yield	Rendimiento de maná	魔力产量	Rendement du Mana	Manaertrag	mana Rendimento	Выработка Маны	Rendimento de Mana	魔力產量	マナ産出量	Mana Verimi	Výnos many	mana Yield
ItemLabelKnowledgeOmniUpgradePower	OmniUpgrade Potenza	Poder de OmniMejora	神力升级之能量	Puissance de l'OmniAmélioration	Omnikraftverbesserung	OmniUpgrade Poder	Омни-улучшения	Potência da Melhoria Omni	神力升級能量	オムニアップグレードパワー	OmniUpgrade Gücü	Výkon OmniUpgrade	OmniUpgrade Potenza
ItemLabelKnowledgeCropYield	Resa delle colture	Rendimiento de cultivos	农作物产量	Rendement des cultures	Kulturenertrag	dos resultados das colheitas	Урожайность посевов	Rendimento da Colheita	作物產量	穀物産出量	Mahsul Verimi	Výtěžek plodin	Resa delle colture
ItemLabelKnowledgeMineralYield	Resa Mineral	Rendimiento de minerales	矿物产量	Rendement des minerais	Mineralertrag	Rendimento mineral	Выработка минералов	Rendimento de Mineração	礦物產量	鉱石産出量	Maden Verimi	Minerální výnos	Resa Mineral
ItemLabelKnowledgeOmniPlanters	Ore di impianto	Crear minerales	矿石种植机	Plantation de Minerai	Erzplatzierung	OmniPlanters	Регенерация минералов	Plantador Omni	神力種植機	オムニプランター	OmniPlanters	Omniplanters.	Ore di impianto
ItemLabelKnowledgeGlobalSpeed	Velocità di produzione	Velocidad de Producción	生产速度	Vitesse de production	Produktionsgeschwindigkeit	velocidade de produção	Скорость производства	Velocidade de Produção	生產速度	生産スピード	Üretim Hızı	Rychlost výroby	Velocità di produzione
ItemLabelKnowledgeOmniTempleSpeed	OmniTemple Velocità	Velocidad del OmniTemplo	神力神殿的速度	Vitesse de l'OmniTemple	Omnitempelgeschwindigkeit	OmniTemple velocidade	Эффективность Омни Храма	Velocidade do Templo Omni	元素神殿速度	オムニ神殿スピード	OmniTemple Hızı	Rychlost Omnitemple	OmniTemple Velocità
ItemLabelKnowledgeFireTempleSpeed	Fuoco tempio della velocità	Velocidad del Templo de Fuego	火之神殿的速度	Vitesse du Temple du feu	Feuertempelgeschwindigkeit	Templo do Fogo velocidade	Эффективность Храма Огня	Velocidade do Templo do Fogo	火神廟速度	火の神殿スピード	Ateş Tapınağı Hızı	Rychlost ohnivého chrámu	Fuoco tempio della velocità
ItemLabelKnowledgeWaterTempleSpeed	Acqua tempio della velocità	Velocidad del Templo de Agua	水之神殿的速度	Vitesse du Temple de l'eau	Wassertempelgeschwindigkeit	Templo da Água velocidade	Эффективность Храма Воды	Velocidade do Templo da Água	水神廟速度	水の神殿スピード	Su Tapınağı Hızı	Rychlost vodního chrámu	Acqua tempio della velocità
ItemLabelKnowledgeEarthTempleSpeed	Terra tempio della velocità	Velocidad del Templo de Tierra	土之神殿的速度	Vitesse du Temple de la terre	Erdtempelgeschwindigkeit	Earth Temple velocidade	Эффективность Храма Земли	Velocidade do Templo da Terra	土神廟速度	地の神殿スピード	Dünya Tapınağı Hızı	Rychlost chrámu Země	Terra tempio della velocità
ItemLabelKnowledgeAirTempleSpeed	Air tempio della velocità	Velocidad del Templo de Aire	风之神殿的速度	Vitesse du Temple de l'air	Lufttempelgeschwindigkeit	Temple Air Speed	Эффективность Храма Воздуха	Velocidade do Templo do Ar	風神廟速度	風の神殿スピード	Hava Tapınağı Hızı	Rychlost vzdušného chrámu	Air tempio della velocità
ItemLabelKnowledgeFireShrineSpeed	Fuoco Santuario Velocità	Velocidad del Santuario de Fuego	火之神庙的速度	Vitesse du Sanctuaire du feu	Feuerschreingeschwindigkeit	Santuário fogo velocidade	Эффективность Святилища Огня	Velocidade do Santuário do Fogo	火神殿速度	火のほこらスピード	Ateş Tapınağı Hızı	Rychlost požární svatyně	Fuoco Santuario Velocità
ItemLabelKnowledgeWaterShrineSpeed	Acqua Santuario Velocità	Velocidad del Santuario de Agua	水之神庙的速度	Vitesse du Sanctuaire de l'eau	Wasserschreingeschwindigkeit	Santuário de água velocidade	Эффективность Святилища Воды	Velocidade do Santuário da Água	水神殿速度	水のほこらスピード	Su Tapınağı Hızı	Rychlost vodní svatyně	Acqua Santuario Velocità
ItemLabelKnowledgeEarthShrineSpeed	Terra Santuario Velocità	Velocidad del Santuario de Tierra	土之神庙的速度	Vitesse du Sanctuaire de la terre	Erdschreingeschwindigkeit	Santuário terra velocidade	Эффективность Святилища Земли	Velocidade do Santuário da Terra	土神殿速度	地のほこらスピード	Dünya Tapınağı Hızı	Rychlost svatyně Země	Terra Santuario Velocità
ItemLabelKnowledgeAirShrineSpeed	Air Santuario Velocità	Velocidad del Santuario de Aire	风之神庙的速度	Vitesse du Sanctuaire de l'air	Luftschreingeschwindigkeit	Santuário Air Speed	Эффективность Святилища Воздуха	Velocidade do Santuário do Ar	風神殿的速度	風のほこらスピード	Hava Tapınağı Hızı	Rychlost svatyně vzduchu	Air Santuario Velocità
ItemLabelKnowledgeManaPipeSpeed	Mana velocità del tubo	Velocidad de las Tuberias de Maná	魔力管道的速度	Vitesse du Tuyau de mana	Manarohrgeschwindigkeit	Mana da tubulação velocidade	Скорость Манапровода	Velocidade do Tubo de Mana	魔力管道速度	マナパイプスピード	Mana Borusu Hızı	Rychlost Mana trubek	Mana velocità del tubo
ItemLabelKnowledgeBeltSpeed	Conveyor Belt Velocità	Velocidad de la Cintas Transportadoras	传送带的速度	Vitesse du Tapis roulant	Förderbandgeschwindigkeit	Velocidade do Transportador Belt	Скорость конвейера	Velocidade da Esteira	魔法輸送帶	搬送ベルトスピード	Konveyör Bant Hızı	Rychlost dopravního pásu	Conveyor Belt Velocità
ItemLabelKnowledgeBuildOmniTemple	OmniTemple Edilizia	Construcción del OmniTemplo	建造神力神殿	Construction de l'OmniTemple	Omnitempel-Erbauung	OmniTemple Construção	Омни Храм	Construção do Templo Omni	建造元素神廟	オムニ神殿の建造	OmniTemple İnşaatı	Konstrukce Omnitemplu	OmniTemple Edilizia
ItemLabelKnowledgeHouseMax	casa massimo	Máximo de Casas	房屋上限	Maison maximum	Hausmaximum	casa máxima	Максимальный уровень дома	Máximo de Casas	房屋最大值	住宅最大値	Ev Maksimum	Maximum domů	casa massimo
ItemLabelKnowledgeDeepMining	Mining profonda	Mineria Profunda	深度挖掘	Minage en profondeur	Tiefbergbau	extração subterrânea de carvão	Глубокая добыча	Mineração Profunda	深度挖掘	深部採掘	Derin Madencilik	Hlubinná těžba	Mining profonda
ItemLabelKnowledgeOrePlacement	Prospezione Ore	Prospección de minerales	矿物勘探	Prospection de minerai	Suche nach Erzen	prospecção de minério	Геологоразведка	Prospecção de Minério	礦物勘探	鉱石探査	Maden Arama	Hledání rud	Prospezione Ore
ItemLabelKnowledgeGrainProcessingBasic	Lavorazione del grano	Procesamiento de grano	初级粮食加工	Traitement des céréales	Getreideverarbeitung	Processamento de grãos	Обработка зерна	Processamento de Grãos	糧食加工	穀物加工	Tahıl İşleme	Zpracování obilí	Lavorazione del grano
ItemLabelKnowledgeGrainProcessingIntermediate	Lavorazione del grano intermedio.	Procesamiento de grano intermedio	中级粮食加工	Traitement intermédiaire des céréales	Verbesserte Getreideverarbeitung	Processamento de grãos intermediários	Промежуточная обработка зерна	Processamento Intermediário de Grãos	中級糧食加工	中級穀物加工	Orta Seviye Tahıl İşleme	Lepší zpracování obilí	Lavorazione del grano intermedio.
ItemLabelKnowledgeGrainProcessingAdvanced	Elaborazione avanzata del grano	Procesamiento de grano avanzado	高级粮食加工	Traitement avancé des céréales	Fortgeschrittene Getreideverarbeitung	Processamento avançado de grãos	Расширенная обработка зерна	Processamento Avançado de Grãos	先進糧食加工	高度な穀物加工	Gelişmiş Tahıl İşleme	Pokročilé zpracování obilí	Elaborazione avanzata del grano
ResourcesDefault	Predefinito	Por Defecto	默认	Par défaut	Standard	Padrão	По умолчанию	Padrão	預設	デフォルト	Varsayılan	Výchozí hodnota	Predefinito
ResourcesSparse	Sparso	Escaso	稀疏	Dispersées	Spärlich	Escasso	Мало	Esparsos	稀疏	まばら	Seyrek	Rozptýlené	Sparso
ResourcesPlentiful	Abbondante	Abundante	丰富	Denses	Reichlich	Abundante	В изобилии	Abundante	豐富	豊富	Bol	Hojný	Abbondante
Custom	Costume	Personalizado	自定义	Personnalisées	Benutzerdefiniert	personalizadas	Свои настройки	Personalizado	自訂	カスタム	Gelenek	Vlastní	Costume
Campaign	Campagna	Campaña	战役	Campagne	Kampagne	Campanha	Кампания	Campanha	戰役	キャンペーン	Kampanya	Kampaň	Campagna
Victory	Vittoria	Victoria	胜利	Victoire	Sieg	Vitória	Победа	Vitória	勝利	Victory	Zafer	Vítězství	Vittoria
ResourcesConcentrated	Concentrato	Concentrado	集中	Concentrées	Konzentriert	Concentrado	Компактно	Concentrado	集中	一点集中	Konsantre	Koncentrovaný	Concentrato
ResourcesMineralFocus	Focus minerale	Enfoque Mineral	矿产焦点	Axées sur les minerais	Mineral Fokus	Foco mineral	Много минералов	Foco em Mineral	聚焦礦產	鉱物中心	Mineral Odak	Minerální zaměření	Focus minerale
ResourceSpread	Propagazione	Densidad de recursos	分布	Propagation	Verbreitung	Espalhar	Размер	Espalhar	分布	分布	Yaymak	Rozpětí	Propagazione
ResourceSize	Taglia	Tamaño	尺寸	Taille	Größe	Tamanho	Размер	Tamanho	尺寸	サイズ	Boyut	Velikost	Taglia
ResourceMaskSpread	Maschera diffusione	Factor de Densidad de recursos	遮罩分布	Masque de propagation	Ausbreitung Maske	Espalhe máscara	Сила кисти	Espalhamento da máscara	遮照分布	面の分布	Maske Yayılması	Maska rozpětí	Maschera diffusione
ResourceMaskSize	Dimensione della maschera	Distancia entre recursos	遮罩尺寸	Taille du masque	Größe Maske	máscara Tamanho	Размер кисти	Tamanho da máscara	遮照尺寸	面のサイズ	Maske Boyutu	Velikost masky	Dimensione della maschera
ResourceCapacity	Capacità	Capacidad	容量	Densité	Kapazität	Capacidade	Количество	Capacidade	容量	容量	Kapasite	Kapacita	Capacità
StructureDescriptionAgentTrigger	Calcola informazioni basate su un agente che entra o esce dal blocco	Calcula la información basado en un agente que entra o sale del bloque	基于媒介的进入或离开某个地块来计算信息	Calcule des informations basées sur un signal qui entre ou quitte le bloc.	Errechnet Informationen basierend auf einem Mittelwert der Gegenstände, die den Block betreten oder verlassen	Calcula informações com base em um agente que entra ou sai do bloco	Посылает сигнал, когда любой объект входит в зону действия или покидает её. Есть настраиваемый фильтр	Calcula informações com base em um agente que entra ou sai do bloco	根據進入或退出塊的媒介計算信息	ブロックに出入りするエージェントに基づいて情報を計算します	Bloğa giren veya çıkan aracıya göre bilgileri hesaplar	Vypočítává informace na základě suroviny, která vstupuje do bloku nebo jej opouští	Calcola informazioni basate su un agente che entra o esce dal blocco
StructureDescriptionBridge	percorso elevata	Camino elevado	高架道路	Un chemin surélevé.	Erhöhter Weg	Caminho elevado	Эстакада	Caminho Elevado	高架道路	高架通路	Yükseltilmiş yol	Vyvýšená cesta	percorso elevata
StructureDescriptionBlocker	Evitare che gli oggetti sul blocco percorso	Previene que los articulos se muevan sobre el camino	阻止物品移动到通路上	Empêche les objets de se déplacer sur un bloc de chemin.	Verhindert das Gegenstände zum Wegblock gelangen	Impede que os itens se movam pelo caminho bloqueado	Предотвращает попадание заданных фильтром предметов на клетку, где расположен.	Impede que os itens se movam para o bloco do caminho	防止物品移動到道路上	アイテムが通路ブロックに移動しないようにします	Öğelerin yol bloğuna taşınmasını önler	Zabraňuje položkám v pohybu na cestu	Evitare che gli oggetti sul blocco percorso
StructureDescriptionChute	Rolls elementi validi giù la lunghezza dello scivolo	Permite que los objetos rueden a lo largo del camino	可以向下滚动运送有效的物品沿滑道滚动	Fait glisser les objets valides le long de la glissière.	Lässt Gegenstände die Rutsche hinunterrollen	Rola itens válidos ao longo da calha	Служит для перемещения подходящих предметов на большие расстояния. Не может транпортировать предметы в гору.	Rola itens válidos pelo comprimento da calha	將有效物品沿滑槽滾動	シュートでアイテムを転がして運べます。ただし転がせられるのは限られたアイテムです	Geçerli öğeleri kanalın uzunluğu boyunca aşağı yuvarlar	Valí materiály po délce skluzu	Rolls elementi validi giù la lunghezza dello scivolo
StructureDescriptionConveyorBeltCloth	trasporta automaticamente gli elementi in direzione specifica. Può essere collegato alle uscite costruzione	Transporta automáticamente los elementos en la dirección especificada. Se puede acoplar a las salidas de construcción	自动以指定的方向运输物品，可以连接到建筑的产出口上	Transporte automatiquement les objets dans la direction spécifiée. Peut être relié aux sorties d'un bâtiment.	Transportiert Gegenstände in die vorgegebene Richtung. Kann an Gebäudeausgängen angebunden werden.	transporta automaticamente itens na direção especificada. Pode ser conectado a saídas de edifícios	Автоматически транспортирует предметы в указанном направлении. Может быть присоединен к выходу здания	Transporta automaticamente os itens na direção especificada. Pode ser anexado a saídas de edifícios	自動按指定方向運輸物品。 可以附加到建築輸出	指定された方向にアイテムを自動的に運搬します。建物の出力口に取り付けることができます	Öğeleri belirtilen yönde otomatik olarak taşır. Bina çıkışlarına takılabilir	Automaticky přepravuje položky v určeném směru. Lze připojit k výstupům budovy	trasporta automaticamente gli elementi in direzione specifica. Può essere collegato alle uscite costruzione
StructureDescriptionConveyorBelt	Un nastro trasportatore veloce fatta di componenti metallici solidi	Una cinta transportadora más rápida hecha de componentes metálicos sólidos	以金属建造的传送带，速度更快	Un tapis roulant plus rapide, fabriqué à partir de composants métalliques robustes.	Ein schnelles Förderband; aus festen Metallkomponenten gefertigt	Uma correia de transporte mais rápido feito de componentes metálicos sólidos	Конвейер, изготовленный из металла и обладающий хорошей скоростью транспортировки	Uma esteira mais rápida feita de componentes metálicos sólidos	由實心金屬部件製成更快的輸送帶	硬い金属で造られた高速搬送ベルト	Sağlam metal bileşenlerden yapılmış daha hızlı bir taşıma bandı	Rychlejší dopravníkový pás vyrobený z pevných kovových komponent	Un nastro trasportatore veloce fatta di componenti metallici solidi
StructureDescriptionConveyorBeltMagic	Un nastro trasportatore che si muove estremamente veloce grazie alla carica magicamente componenti meccanici	Una cinta transportadora extremadamente rápida gracias a elementos mecanicos cargados magicamente	魔法充能的传送带，速度非常快	Un tapis roulant extrêmement rapide grâce à des composants mécaniques chargés de magie.	Ein extrem schnelles Förderband; aus magisch aufgeladenen mechanischen Komponenten gefertigt.	Uma correia transportadora que se move extremamente rápida transportando itens consigo, graças a componentes mecânicos mágicos	Конвейер, очень быстро транспортирующий предметы, благодаря заряженным магией механическим компонентам	Uma esteira que se move extremamente rápido graças a componentes mecânicos carregados magicamente	輸送帶通過神奇充能的機械組件移動得非常快	魔法の力で動く超高速搬送ベルト	Sihirli bir şekilde yüklenen mekanik bileşenler sayesinde son derece hızlı hareket eden bir taşıma bandı	Dopravníkový pás, který se pohybuje velmi rychle díky magicky nabitým mechanickým komponentám	Un nastro trasportatore che si muove estremamente veloce grazie alla carica magicamente componenti meccanici
StructureDescriptionConveyorBeltWooden	Trasporta automaticamente oggetti lungo i nastri trasportatori di legno	Transporta automáticamente artículos a lo largo de rodillos de madera.	沿木制滚轮自动运输物品	Transporte automatiquement les articles le long de rouleaux en bois.	Transportiert Artikel automatisch mittels Holzwalzen	Transporta automaticamente itens ao longo de rolos de madeira	Автоматически транспортирует предметы вдоль деревянных роликов	Transporta automaticamente itens ao longo de roletes de madeira	沿木輥自動運輸物品	木製のローラーでアイテムを自動的に搬送します	Öğeleri ahşap silindirler boyunca otomatik olarak taşır	Automaticky přepravuje předměty podél dřevěných válečků	Trasporta automaticamente oggetti lungo i nastri trasportatori di legno
StructureDescriptionDecorativeLantern	Una lanterna incandescente su un palo di legno alto	Una linterna brillante en un poste alto de madera	一盏挂在高高的木柱上的灯	Une lanterne rougeoyante sur un grand poteau en bois.	Eine Laterne auf nem Pfahl	Uma lanterna em um longo poste de madeira	Яркий фонарь на высоком деревянном столбе	Uma lanterna brilhante em um poste alto de madeira	一盞發光的燈籠掛在一個高大的木柱上	木の柱に輝くランタン	Uzun bir ahşap direğin üzerinde parlayan bir fener	Svítící lucerna na vysokém dřevěném sloupku	Una lanterna incandescente su un palo di legno alto
StructureDescriptionDirtBlock	Un blocco di sporcizia che agisce come terreno, ma possono essere posizionati solo su terreni	Un bloque de tierra que actúa como terreno, pero sólo se puede colocar sobre el terreno	一块起到地面作用的泥土，但是只能放置于地面上	Un bloc de terre qui fonctionne comme un terrain, mais ne peut être placé que sur un terrain.	Ein Schutthaufen, der wie normales Gelände wirkt		Блок земли, который можно разместить на поверхности	Um bloco de terra que funciona como terreno, mas só pode ser colocado sobre o terreno	一塊類似於地形的泥土，但只能放置在地面上	泥のブロック。地面のように振る舞います。地面にしか置くことができません	Arazi gibi davranan ancak yalnızca araziye yerleştirilebilen bir toprak bloğu	Blok nečistot, který se chová jako terén, ale lze jej umístit pouze na terén	Un blocco di sporcizia che agisce come terreno, ma possono essere posizionati solo su terreni
StructureDescriptionFootPath	Aumenta la velocità dei lavoratori	Aumenta la velocidad del Trabajador	提高工人的移动速度	Augmente la vitesse de déplacement.	Erhöht Arbeiter Geschwindigkeit	Aumenta a velocidade dos trabalhadores	Увеличивает скорость передвижения Рабочих и Тележек	Aumenta a velocidade do trabalhador	提高工人速度	ワーカーの移動スピードを上げます	İşçi hızını artırır	Zvyšuje rychlost pracovníka	Aumenta la velocità dei lavoratori
StructureDescriptionFarmTile	Permette la semina di prodotti alimentari growable, che possono essere raccolte automaticamente da aziende agricole vicine	Permite la siembra de alimentos cultivables, que pueden ser cosechados automáticamente por granjas cercanas	增加再生作物的产量，可以使用水和肥料进一步提高产量	Permet de planter des produits alimentaires cultivables, qui peuvent être automatiquement récoltés par les Fermes à proximité.	Ermöglicht Anpflanzung von Grundnahrungsmitteln, die automatisch von Bauernhöfen in Reichweite geerntet werden können		Позволяет выращивать овощи и фрукты. Урожай будет автоматически собираться Фермой, если Поля находятся в радиусе её действия.	Aumenta o rendimento das culturas em regeneração, permite a aplicação de água e fertilizantes para aumentar ainda mais o rendimento	增加再生作物的產量，允許用水和肥料以進一步提高產量	作物の収穫量を増加させます。水や肥料を撒くことで収穫量をさらに増加させられます。	Yeniden büyüyen mahsullerin verimini artırır, verimi daha da artırmak için Su ve Gübre uygulanmasına olanak tanır	Zvyšuje výnos znovu rostoucích plodin, umožňuje aplikaci vody a hnojiva pro další zvýšení výnosu	Permette la semina di prodotti alimentari growable, che possono essere raccolte automaticamente da aziende agricole vicine
StructureDescriptionFence	Una recinzione di legno che blocca la navigazione	Una valla de madera que bloquea la navegación	阻挡通行的木栅栏	Une clôture en bois qui bloque la navigation.	Ein Zaun, der den Weg versperrt	Uma cerca de madeira que bloqueia navegação	Деревянный забор, блокирующий передвижение	Uma cerca de madeira que bloqueia a navegação	擋住通行的木柵欄	ナビゲーションをブロックする木製フェンス	Gezinmeyi engelleyen ahşap bir çit	Dřevěný plot, který blokuje navigaci	Una recinzione di legno che blocca la navigazione
StructureDescriptionFilter	Blocco che consente solo gli elementi specificati di passare	Bloque que sólo permite pasar a los artículos especificados	只允许特定物品通过的块	Bloc qui n'autorise que les objets spécifiés à passer.	Block der spezielle Gegenstände durchlässt	Bloco que só permite que itens especificos possam passar	Пропускает только предметы указанные в фильтре	Bloco que só permite a passagem de itens especificados	只允許指定物品通過的塊	指定されたアイテムだけが通過できるブロック	Yalnızca belirli öğelerin geçişine izin veren blok	Blok, který umožňuje průchod pouze určeným položkám	Blocco che consente solo gli elementi specificati di passare
StructureDescriptionFuelLoader	Tipo di blocco di trasferimento ferroviario che carica gli articoli sui treni come carburante e non come carico	Tipo de bloque de transferencia de raíles que carga objetos en los trenes como Combustible, no como carga	将物品作为燃料而不是货物装入火车的铁路转运块的类型	Type de bloc de transfert ferroviaire qui charge des articles dans les trains comme du carburant, mais pas en tant que cargaison	Transfer nur in Treibstoffplätze	Transferir itens para somente slots de combustível	Передавать предметы только в топливный слот	Tipo de bloco de transferência ferroviária que carrega itens nos trens como combustível, e não como carga	將物品作為燃料而不是貨物裝入火車的鐵路轉運塊類型	貨物ではなく、燃料として列車に積み込む鉄道制御ブロック	Eşyaları trenlere kargo olarak değil yakıt olarak yükleyen Raylı Transfer bloğu türü	Typ bloku železniční dopravy, který nakládá předměty do vlaků jako palivo, nikoli jako náklad	Tipo di blocco di trasferimento ferroviario che carica gli articoli sui treni come carburante e non come carico
StructureDescriptionManaPipe	Controlli flusso dei cristalli mana per vari edifici	Controla el flujo de cristales de Mana a varios edificios	将魔力水晶输入到各种建筑之中	Contrôle le flux de Cristaux de mana vers différents bâtiments.	Kontrolliert den Mana-Fluss zu verschiedenen Gebäuden	Controla o fluxo de Cristais de Mana a vários edifícios	Трубы для транспортировки Кристаллов Маны между зданиями	Controla o fluxo de Cristais de Mana para vários edifícios	控制魔力結晶流向各種建築	マナ結晶のエネルギーをコントロールし、さまざまな建物へ届けます	Mana Kristallerinin çeşitli binalara akışını kontrol eder	Ovládá tok krystalů many do různých budov	Controlli flusso dei cristalli mana per vari edifici
StructureDescriptionManaConsumer	Consente Cristalli Mana energia da inviare in costruzione alle ricette di alimentazione specializzata	Permite que se envíen cristales de mana a edificios para alimentar recetas especializadas	允许魔力水晶的能量输入建筑，为特殊配方供能	Permet à l'énergie des Cristaux de mana d'être envoyée dans le bâtiment pour alimenter les recettes spécialisées.	Erlaubt das verschicken von Mana-Kristallen zu Gebäuden für spezielle Rezepte	Permite energia de Cristais de Mana para serem enviados para construção de receitas especializada	Позвляет подсоединить здание к Манапроводу. Точка соединения	Permite que os Cristais de Mana Energizada seja enviada para o edifício para alimentar receitas especializadas	允許將魔力結晶的能量發送到建築中以驅動專門的配方	マナ結晶のエネルギーを建物に送り、特殊なレシピを実行できるようにします	Mana Kristallerinin enerjisinin özel tariflere güç sağlamak için binaya gönderilmesini sağlar	Umožňuje posílat energii Mana krystalů do budovy pro napájení specializovaných receptů	Consente Cristalli Mana energia da inviare in costruzione alle ricette di alimentazione specializzata
StructureDescriptionMineShaft	Permette trasformazione delle risorse minerarie dai nodi impoverito	Túneles de mina que extienden el rango de las Minas y permiten extraer minerales subterráneos	扩展矿场范围并允许采集附近地下矿物的地下通道	Tunnels souterrains qui étendent la portée des Mines et permettent la récolte des minéraux souterrains proches.	Erlaubt Förderung von Rohstoffen aus erschöpften Mineralquellen	caminhos subterrâneos que se estendem gama de Minas e permitem a colheita de minerais subterrâneas próximas	Подземные шахты, которые расширяют область добычи подземных полезных ископаемых	Caminhos subterrâneos que ampliam o alcance das minas e permitem a coleta de minerais subterrâneos próximos	擴展礦場範圍並允許採集附近地下礦物的地下通道	地下鉱物の採掘ができるようになる地下道です。鉱山の範囲を拡張します	Madenlerin menzilini genişleten ve yakındaki yer altı minerallerinin toplanmasına olanak tanıyan yer altı yolları	Podzemní cesty, které rozšiřují dosah dolů a umožňují těžbu blízkých podzemních minerálů	Permette trasformazione delle risorse minerarie dai nodi impoverito
StructureDescriptionMessageBoard	Una grande tavola di legno che visualizza un messaggio personalizzato quando selezionato	Una gran tabla de madera que muestra un mensaje personalizado cuando es seleccionado	大块木板选择时会显示的自定义消息	Une grande planche de bois qui affiche un message personnalisé quand elle est selectionnée.	Ein großes Holzbrett das eine benutzerdefinierte Nachricht anzeigt wenn es ausgewählt wurde	Uma grande placa de madeira que exibe uma mensagem personalizada quando selecionado	Деревянная доска, отображающая текст, написаный игроком 	Uma grande placa de madeira que exibe uma mensagem personalizada quando selecionada	一個大塊的木板在選擇時會顯示的自訂訊息	木製の掲示板。選択するとメッセージが表示されます。	Seçildiğinde özel bir mesaj görüntüleyen büyük bir ahşap tahta	Velká dřevěná deska, která po výběru zobrazuje vlastní zprávu	Una grande tavola di legno che visualizza un messaggio personalizzato quando selezionato
StructureDescriptionMerger	#N/A	Reparte objetos moviéndose por un camino según un ratio específico	根据特定比例平衡物品移动到路径	Regroupe les objets entrants sur une seule sortie en fonction du ratio spécifié.	Verteilt eingehende Gegenstände nach einem bestimmten Verhältnis	Saldos itens se movendo para um caminho de acordo com uma proporção específica	Группирует входящие предметы на один выход на основе указанного соотношения	Equilibra os itens que se movem em um caminho de acordo com uma proporção específica	根據特定比率平衡物品移動到路徑中	複数経路からの流れ込むアイテムを設定された比率で調整しながら合流させます	Belirli bir orana göre bir yola doğru hareket eden öğeleri dengeler	Vyrovnává položky pohybující se na cestě podle určitého poměru	#N/A
StructureDescriptionMinecartUnloader	Tipo di blocco di trasferimento ferroviario che scarica il minecarts Instanly mentre passano	Tipo de bloque de Transferencia de Trenes que vacía instantáneamente el contenido de las Vagonetas	可在矿车通过时立即卸载矿车的铁路转运块类型	Type de bloc de transfert ferroviaire qui décharge les wagonnets instantanément lors de leur passage.	Art des Schienenblocks, der Loren sofort leert, während sie durchfahren	Tipo de bloqueio de transferência ferroviária que descarrega minecarts instanly como eles passam	Тип блока переноса рельса, который разгружает Minecarts Instanly, когда они проходят	Tipo de bloco de transferência de trilhos que descarrega os carrinhos de mina instantaneamente quando eles passam	可在礦車通過時立即卸載礦車的軌道轉運塊類型	通過時に瞬時にマインカートから積荷を降ろす鉄道制御ブロック	Minecart'ları geçerken anında boşaltan Raylı Transfer bloğu türü	Typ vozového bloku, který vykládá vozy okamžitě, když projdou	Tipo di blocco di trasferimento ferroviario che scarica il minecarts Instanly mentre passano
StructureDescriptionPlayerToggleSensor	Può essere impostato su On o stato Off	Puede ser colocado en el estado de Encendido o Apagado	可以设置为开或者关的状态	Peut être réglé sur l'état Activé ou Désactivé.	Kann auf An oder Aus gesetzt werden	Pode alternar entre estado ligado ou desligado	Может быть установлен в положение Вкл или Выкл	Pode ser definido para o estado Ligado ou Desligado	可設置為開或關狀態	オン/オフを設定可能	Açık veya Kapalı durumuna ayarlanabilir	Lze nastavit: Zapnuto nebo Vypnuto	Può essere impostato su On o stato Off
StructureDescriptionPrioritySorter	Priorità agli oggetti che passano dritto attraverso il blocco davanti a quelli che entrano dal lato	Prioriza los elementos que pasan directamente a través del bloque por delante de los que entran desde el lado	优先考虑直接穿过块的物品，然后是从侧面进入的物品	Priorise les objets passant directement à travers le bloc par rapport à ceux entrant par le côté.	Priorisiert Waren, die geradeaus durch den Block gehen, über solchen welche von der Seite kommen	Prioriza itens passando diretamente através do bloco à frente daqueles que entra do lado	Отдает приротет на выход предметов, принимаемых с переди, чем со сторон.	Prioriza os itens que passam direto pelo bloco antes dos que entram pela lateral	優先考慮直接穿過塊的物品，然後是從側面進入的物品	ブロックを直進するアイテムを横から入ってくるアイテムより優先して通過させます	Yandan girenlere göre bloktan doğrudan geçen öğelere öncelik verir	Upřednostňuje položky procházející přímo blokem před těmi, které vstupují ze strany	Priorità agli oggetti che passano dritto attraverso il blocco davanti a quelli che entrano dal lato
StructureDescriptionPusher	Reindirizzerà voci fuori una cintura o scivolo se c'è spazio corrispondente, altrimenti lasciarlo passare.	Mueve los objetos en la dirección especificada	如果空间足够的话，会将匹配的物品从传送带或滑道重定向，否则允许其通过	Réorientera les objets correspondants sur un tapis ou une glissière s'il y a de la place, sinon le laissera passer.	Leitet passende Gegenstände um (falls möglich) und lässt den Rest vorbei.	Irá redirecionar itens para fora por uma correia ou calha se há espaço disponível, caso contrário, vai deixá-lo passar.	Перенаправит заданный фильтром предмет в указанном направлении, если там есть место, иначе пропустит предмет дальше. По умолчанию, выталкивает все.	Redirecionará itens correspondentes para fora de uma Esteira ou Calha se houver espaço; caso contrário, deixará passar.	如果有空間，會將匹配的物品從輸送帶或滑槽重定向，否則將讓它通過。	搬送ベルトやシュートから条件に一致するアイテムを押し出します。スペースがなければそのまま通過させます	Boşluk varsa eşleşen öğeleri banttan veya kanaldan yönlendirecek, aksi takdirde geçmesine izin verecektir.	Přesměruje odpovídající položky z pásu nebo skluzu, pokud je tam místo, jinak je nechá projít.	Reindirizzerà voci fuori una cintura o scivolo se c'è spazio corrispondente, altrimenti lasciarlo passare.
StructureDescriptionSignPost	Un post di legno che può essere scritto per contrassegnare le aree della mappa	Un poste de madera en el que se puede escribir para indicar partes del mapa	一根可以写地图的标记区域的木柱	Un panneau en bois sur lequel on peut écrire pour marquer des zones sur la carte.	Ein hölzernes Schild, um Gebiete auf der Karte zu markieren	Um poste de madeira que pode ser escrito em ordem para áreas marca do mapa	Деревянный столбик, на котором можно написать какой-нибудь текст	Um poste de madeira no qual se pode escrever para marcar áreas do mapa	一個可以寫在上面以標記地圖區域的木柱	木製の立て看板。文字を書き込んでマップに印をつけることができます。	Haritanın alanlarını işaretlemek için üzerine yazı yazılabilen ahşap bir direk	Dřevěný sloupek, na který lze psát za účelem označení oblastí na mapě	Un post di legno che può essere scritto per contrassegnare le aree della mappa
StructureDescriptionGrabber	Tirerà voci specificate su un edificio su un nastro o scivolo	Extrae objetos del edificio	会将指定的物品从建筑中拿出放到传送带或者滑道上	Retire des objets spécifiés d'un bâtiment sur un tapis ou une glissière.	Zieht ausgewählte Gegenstände aus einem Gebäude auf Förderband oder Rutsche	Puxa itens especificados fora de um edifício em uma correia ou calha	Выгружает предметы из здания на конвейер. Есть фильтр	Puxará itens específicos de um prédio para uma Esteira ou Calha	將特定物品從建築中拉出到輸送帶或滑槽上	指定されたアイテムを建物から搬送ベルトやシュートに引き出します	Belirli öğeleri bir binanın dışına bir bant veya kanala çekecek	Vytáhne určené předměty z budovy na pás nebo skluz	Tirerà voci specificate su un edificio su un nastro o scivolo
StructureDescriptionLogicFunctionTimer	Memorizzerà alcun valore ricevuto, e l'uscita è importo dopo di tempo specificato è trascorso. I nuovi valori ricevuti azzerare il timer.	Envía señal después de retraso	存储接收到的值，并在设定的时间之后输出，每收到新值都会重置输出时间	Stockera toute valeur reçue et la restituera une fois le délai spécifié écoulé. Les nouvelles valeurs reçues réinitialisent le chronomètre.	Speichert den empfangenen Wert und gibt ihn nach Ablauf einer angegebenen Zeit wieder aus. Neu empfangene Werte setzen den Timer zurück.	Irá armazenar qualquer valor recebido, e sua saída será retornada depois de tempo especificado tiver decorrido. Novos valores recebidos reiniciar o cronómetro.	Будет хранить любое полученное значение и выведет его по истечении заданного времени. Новые полученные значения сбрасывают таймер.	Armazenará qualquer valor recebido e o emitirá depois de decorrido o tempo especificado. Novos valores recebidos reiniciam o cronômetro.	將儲存接收到的任何值，並在經過指定的時間後輸出。 新接收到的值會重置計時器。	受け取った値を保存し、指定した時間が経過した後に出力します。新しい受信値はタイマーをリセットします	Alınan herhangi bir değeri saklayacak ve belirli bir süre geçtikten sonra çıktısını alacaktır. Yeni alınan değerler zamanlayıcıyı sıfırlar.	Uloží jakoukoli přijatou hodnotu a odešle ji po uplynutí stanovené doby. Nové přijaté hodnoty resetují časovač.	Memorizzerà alcun valore ricevuto, e l'uscita è importo dopo di tempo specificato è trascorso. I nuovi valori ricevuti azzerare il timer.
StructureDescriptionLogicFunctionIf	Trasmetterà il suo valore memorizzato solo se riceve un valore diverso da zero	Sólo pasará si en su valor almacenado recibe un valor distinto de cero	只有在收到非零值时才会传送其储存的值	Ne transmettra sa valeur stockée que s'il reçoit une valeur différente de zéro.	Gibt seinen Wert nur weiter, wenn er einen Wert empfängt, der nicht null ist.	só vai passar sobre o seu valor armazenado se receber um valor diferente de zero	Передаст сохраненное значение, если получит на вход ненулевое значение	Somente transmitirá seu valor armazenado se receber um valor diferente de zero	只有在收到非零值時才會傳遞其儲存的值	0以外の値を受け取った場合にのみ、格納されている値を渡します。	Saklanan değerini yalnızca sıfırdan farklı bir değer alırsa aktarır	Předá svou uloženou hodnotu, pouze pokud obdrží nenulovou hodnotu	Trasmetterà il suo valore memorizzato solo se riceve un valore diverso da zero
StructureDescriptionRail	Permette movimento Minecart	Permite el movimiento rápido de los Carros de Mina	允许矿车移动的更快。装有燃料的火车移动的将特别快。	Permet un déplacement rapide des Wagon. Les locomotives avec du carburant peuvent s'y déplacer particulièrement rapidement	Warentransport mit Loren oder Dampfloks benötigt Schienenstrecken	Permite o movimento da vagoneta	Позволяет передвигаться Вагонеткам	Permite a movimentação mais rápida dos Vagões. Locomotivas com combustível podem se mover especialmente rápido.	允許軌道車輛更快地移動。 裝有燃料的火車可以特別快速地移動。	鉄道車両の高速移動を可能にします。燃料を積んだ機関車は特に早く移動できます。	Raylı araçların daha hızlı hareket etmesini sağlar. Yakıtlı lokomotifler özellikle hızlı hareket edebilir.	Umožňuje rychlejší pohyb železničních vozů. Lokomotivy s palivem se mohou pohybovat obzvláště rychle.	Permette movimento Minecart
StructureDescriptionRailMagic	Permette il movimento veloce Minecart	Permite el movimiento rápido de los carros de mina, no requiere combustible	允许矿车快速移动，无需燃料	Permet un déplacement extrêmement rapide des wagons, aucun carburant nécessaire	Erlaubt schnelle Lorenbewegung	Permite o movimento rápido de uma vagoneta	Позволяет Вагонеткам передвигаться гораздо быстрее	Permite a movimentação extremamente rápida dos Vagões, sem necessidade de combustível.	允許軌道車輛極快地移動，無需燃料。	鉄道車両の移動が非常に速く、燃料が不要になります	Yakıt gerektirmeden vagonların son derece hızlı hareket etmesini sağlar.	Umožňuje extrémně rychlý pohyb železničních vozů bez potřeby paliva.	Permette il movimento veloce Minecart
StructureDescriptionRailWooden	Permette il movimento delle vetture ferroviarie - lento, ma costante.	Permite el movimiento de vagonetas ferroviarias, lento, pero constante.	允许铁路车辆的移动 – 缓慢但稳定。	Permet le déplacement des wagons. Lent mais régulier.	Ermöglicht die Bewegung von Eisenbahnwagen - langsam, aber stabil.	Permite o movimento de carros ferroviários - lento, mas estável.	Позволяет перемещение вагонов - медленно, но устойчиво.	Permite a movimentação de vagões de trem - lenta, mas constante.	允許軌道車輛移動 - 緩慢但穩定。	鉄道車両の移動を可能にします。速度はゆっくりですが確実です。	Vagonların hareketine izin verir - yavaş ama istikrarlı.	Umožňuje pohyb železničních vozů - pomalý, ale stálý.	Permette il movimento delle vetture ferroviarie - lento, ma costante.
StructureDescriptionRailStop	Rende deposito ferroviario carrelli o recuperare dagli edifici in base al tipo Rail Stop	Permite que los carros de ferrocarril se recuperen del edificio o depositen objetos	根据轨道站点的类型自动从建筑和矿车之间移动物品	Type de bloc de transfert ferroviaire qui charge les wagonnets instantanément lors de leur passage	Loren können hier zum Be- und Entladen anhalten	Faz com que vagonetes deposite ou colete itens	Указывает Вагонеткам, где выгрузить или загрузить предметы (или сразу и то и другое), в зависимости от типа остановки	Tipo de bloco de transferência de trilhos que carrega os Carrinhos de Mina instantaneamente quando eles passam	在礦車通過時立即加載礦車的鐵路傳輸塊類型	通過時に瞬時にマインカートへ貨物を積み込む鉄道制御ブロック	Minecart'ları geçerken anında yükleyen Ray Transfer bloğu türü	Typ bloku pro přepravu po kolejích, který načítá vozíky okamžitě, jakmile projdou	Rende deposito ferroviario carrelli o recuperare dagli edifici in base al tipo Rail Stop
StructureDescriptionRailTransfer	Tipo di blocco di trasferimento ferroviario che carica carico e carburante in tutti i tipi di autobus	Tipo de bloque de transferencia de raíles que cargan carga y combustible en todo tipo de vagones	将货物和燃料装入所有类型的铁路车辆的轨道转移块类型	Type de bloc de transfert ferroviaire qui charge la cargaison et le carburant dans tous les types de wagons de train.	Art des Schienenblocks, der alle Arten von Schienenwagen sofort mit Treibstoff und Ladung füllt, während sie durchfahren	Tipo de bloqueio de transferência ferroviária que carrega carga e combustível em todos os tipos de carros ferroviários	Тип блока переноса рельса, который загружает груз и топливо на все виды железнодорожных вагонов	Tipo de bloco de transferência ferroviária que carrega carga e combustível em todos os tipos de vagões ferroviários	將貨物和燃料裝載到所有類型的軌道車輛中的軌道轉運塊類型	あらゆる種類の鉄道車両に貨物や燃料を積み込む鉄道制御ブロック	Her türlü Raylı Araçlara Kargo ve Yakıt yükleyen Raylı Transfer bloğu tipi	Typ železničního překládacího bloku, který nakládá náklad ze všech typů železničních vozů	Tipo di blocco di trasferimento ferroviario che carica carico e carburante in tutti i tipi di autobus
StructureDescriptionRailUnloader	Tipo di blocco di trasferimento ferroviario che scarica merci da tutti i tipi di autobus	Tipo de bloque de transferencia de raíles que descarga la carga de todos los tipos de coches de tren.	从所有类型的铁路车辆上卸货的铁路转运块类型	Type de bloc de transfert ferroviaire qui décharge la cargaison depuis tous les types de wagons de train.	Art des Schienenblocks, der alle Arten von Schienenagen sofort leert, während sie durchfahren	Tipo de bloqueio de transferência ferroviária que descarrega a carga de todos os tipos de carros ferroviários	Тип железнодорожной передачи блока, который разгружает груз от всех видов железнодорожных автомобилей	Tipo de bloco de transferência ferroviária que descarrega carga de todos os tipos de vagões ferroviários	從所有類型的軌道車輛上卸下貨物的鐵路轉運塊類型	あらゆる種類の鉄道車両から貨物を降ろす鉄道制御ブロック	Her türlü Raylı Araçtan Kargoyu boşaltan Raylı Transfer bloğu tipi	Typ železničního překládacího bloku, který vykládá náklad ze všech typů železničních vozů	Tipo di blocco di trasferimento ferroviario che scarica merci da tutti i tipi di autobus
StructureDescriptionRoad	Permette il movimento veloce Wagon	Acelera los viajes	提高手推车的移动速度	Permet un déplacement rapide des Chariots.	Wagen sind auf Strassen deutlich schneller	Permite o movimento rápido de vagões	Увеличивает скорость передвижения Рабочих и Тележек	Permite a movimentação rápida do vagão	允許手推車快速移動	ワゴンの動きを素早くします	Hızlı Vagon hareketine izin verir	Umožňuje rychlý pohyb vozu	Permette il movimento veloce Wagon
StructureDescriptionRoadRampHalf	Una rampa di pietra che consente ai lavoratori e carri per salire 1 altezza del blocco	Acelera el movimiento de los trabajadores	允许工人及手推车爬升一个单位高度的石制楼梯	Une rampe en pierre qui permet aux Travailleurs et aux Chariots de se déplacer d'une hauteur d'un bloc.	Eine Steinrampe für Wagen und Arbeiter, für steiles Gelände	Uma rampa de pedra que permite que trabalhadores e vagões subam 1 quarteirão de altura	Каменная рампа, позволяющая Рабочим и Тележкам подняться на один блок вверх.	Uma rampa de pedra que permite que os trabalhadores e as carroças subam 1 bloco de altura	一個石頭坡道，允許工人和貨車向上移動 1 個塊高度	ワーカーとワゴンが1ブロックの高さまで登ることができる石の斜面	İşçilerin ve vagonların 1 blok yüksekliğe çıkmasını sağlayan taş rampa	Kamenná rampa, která umožňuje pracovníkům a vozům posunout se o 1 blok výš	Una rampa di pietra che consente ai lavoratori e carri per salire 1 altezza del blocco
StructureDescriptionRailPowered	Una guida con un sistema di puleggia integrato che fornisce una velocità minima del carrello ferroviario (anche in salita). Richiede fonte esterna di potenza rotazionale.	Un carril que proporciona una velocidad de vagoneta de ferrocarril mínimo (incluso cuesta arriba), siempre y cuando se alimente con energía de vapor	带有内置滑轮系统，可提供最小的铁路车辆速度（甚至上坡）的轨道。需要外部旋转动力源。	Un rail qui fourni un minimum de vitesse (même en montée) tant qu'il est alimenté par puissance rotationnelle.	Eine Schiene, die die Geschwindigkeit einer Lore (auch bergauf) leicht erhöht. Benötigt Rotationsenergie.	Um trilho que fornece um carrinho de velocidade ferroviária mínima (mesmo para cima) enquanto ele é alimentado com energia a vapor	Рельсы со встроенной системой шкивов, которые обеспечивают вагонетке минимальную скорость (даже в гору). Требуется внешний источник силы вращения.	Um trilho com um sistema de polias embutido que proporciona uma velocidade mínima do carrinho de trilhos (mesmo em subidas). Requer uma fonte externa de energia rotacional.	帶有內置滑輪系統的軌道，可提供最低軌道車輛速度（甚至上坡）。 需要外部旋轉動力源。	滑車を内蔵したレールで、上り坂でもカートを持ち上げて動かせます。外部から回転動力を供給する必要があります。	Minimum demiryolu arabası hızı (yokuş yukarı bile) sağlayan yerleşik makara sistemine sahip bir ray. Harici dönme gücü kaynağı gerektirir.	Kolejnice s vestavěným kladkovým systémem, který zajišťuje minimální rychlost železničního vozíku (i do kopce). Vyžaduje externí zdroj rotační energie.	Una guida con un sistema di puleggia integrato che fornisce una velocità minima del carrello ferroviario (anche in salita). Richiede fonte esterna di potenza rotazionale.
StructureDescriptionPathGate	Può bloccare il movimento percorso	Obstruye el movimiento	可以阻拦路径移动	Peut bloquer le mouvement du chemin.	Blockiert Transport, falls aktiviert	Pode bloquear o movimento do caminho	Блокирует движение как рабочих едениц, так и предметов на путепроводах. Можно подключить к логической сети.	Pode bloquear o movimento do caminho	可以阻擋路徑移動	通路の移動をブロックします	Yol hareketini engelleyebilir	Může blokovat pohyb po cestě	Può bloccare il movimento percorso
StructureDescriptionSorter	Costringerà gli elementi di corrispondenza per prendere la direzione percorso specificato.	Fuerza a los objetos a moverse en la dirección especificada.	将强制匹配物品转到指定的路径方向。	Forcera les objets correspondants à prendre la direction du chemin spécifié.	Lenkt passende Gegenstände in eine vorgegebene Richtung um (zwingend)	Forçará os itens correspondentes a seguirem a direção do caminho especificada.	Выталкивает предметы, отмеченные в фильтре, в указанном направлении, пропуская остальные	Forçará os itens correspondentes a tomar a direção do caminho especificado.	將強制匹配物品採用指定的路徑方向。	一致するアイテムを指定された方向に強制移動します	Eşleşen öğeleri belirtilen yol yönünü almaya zorlar.	Přinutí odpovídající položky, aby se vydaly zadaným směrem cesty.	Costringerà gli elementi di corrispondenza per prendere la direzione percorso specificato.
StructureDescriptionSplitter	Posto su Chute o alla cintura. direzione di uscita alterna, se disponibili	Colocarlo en cintas transportadoras o tolvas. Envía objetos en direcciones alternas	放在滑道或传送带上。交叉方向输出（如果可用）	À placer sur une Glissière ou un Tapis. Possibilité d'alterner le sens de sortie si disponible.	Platziert auf Förderband oder Rutsche. Verteilt Waren in abwechselnde Richtungen, falls möglich.	Coloque na calha ou cinto. Alterna a direção de saída, se disponível	Равномеро разделяет поток предметов по трем направлениям. Для Желобов и Конвейеров	Coloca na Calha ou na Esteira. Alterna a direção de saída, se disponível	放在滑槽或輸送帶上。 交叉輸出方向（如果可用）	シュートまたは搬送ベルトの上に置きます。可能であれば、出力方向を変更します	Oluğa veya Kemere yerleştirin. Varsa alternatif çıkış yönü	Umístěte na skluz nebo pás.	Posto su Chute o alla cintura. direzione di uscita alterna, se disponibili
StructureDescriptionSteamConnector	Consente treno a vapore di rete da associare a un edificio.	Conecta tuberías de vapor a un edificio	允许蒸汽动力网络与建造连接	Permet au Réseau de vapeur de relier un bâtiment.	Ermöglicht Anbindung eines Gebäudes an das Dampfkraftnetz	Permite que o Steam Power Network seja conectado a um edifício.	Позвляет подсоединить здание к Паропроводу. Точка соединения.	Permite que a Rede de Energia a Vapor seja anexada a um edifício.	允許蒸汽動力網絡連接到建築	蒸気ネットワークに建物を接続することができます	Steam Power Network'ün bir binaya bağlanmasını sağlar.	Umožňuje připojení sítě Parní energie k budově.	Consente treno a vapore di rete da associare a un edificio.
StructureDescriptionSteamPipe	Collega generatori di vapore in edifici o ingranaggi a vapore	Permite la conexión de energía de vapor a edificios.	将蒸汽产生器与建筑或者蒸汽驱动的齿轮连接	Connecte les Générateurs de vapeur aux bâtiments ou aux équipements utilisant de la vapeur.	Verbindet Dampfgeneratoren mit geeigneten Gebäuden und Maschinen	Conecta geradores de energia a vapor a edifícios ou engrenagens movidas a vapor	Соединяет Парогенератор со зданиями или паровыми механизмами	Conecta Geradores de Energia a Vapor a Edifícios ou Engrenagens Movidas a Vapor	將蒸汽產生器連接到建築或蒸汽動力齒輪	蒸気ジェネレーターを建物または蒸気を使う装置に接続します	Buhar gücü jeneratörlerini binalara veya buharla çalışan dişlilere bağlar	Připojuje parní generátory k budovám nebo převodům poháněným párou	Collega generatori di vapore in edifici o ingranaggi a vapore
StructureDescriptionStoneArch	Un arco in pietra che non ostacola il movimento sotto di esso.	Un arco de piedra que no obstruye el movimiento por debajo de el.	石制拱门，下方留有可以通过的空间	Une arche en pierre qui ne gêne pas le mouvement en dessous.	Ein Steinbogen, unter dem Fortbewegung und Transport möglich ist.	Um arco feito de pedra que não obstrui o movimento por baixo.	Арка из камня, которая не препятствует движению под ней.	Um arco feito de pedra que não obstrui o movimento sob ele.	由石頭製成的拱門，不會阻礙其下方的移動。	石製のアーチ。アーチの下は通過できます	Altındaki hareketi engellemeyen taştan yapılmış bir kemer.	Oblouk z kamene, který nebrání pohybu pod ním.	Un arco in pietra che non ostacola il movimento sotto di esso.
StructureDescriptionStoneWall	Un blocco di pietra solido che è navigabile in cima ma non attraverso di essa.	Un bloque de piedra sólida que es navegable en la parte superior, pero no a través de él.	一个坚固的石块，无法穿过但允许从其上方通过	Un bloc solide en pierre qui est navigable sur le dessus mais pas à travers.	Ein Steinblock um darauf zu laufen.	Um bloco de pedra sólido que é navegável no topo, mas não através dele.	Каменный блок, по которому можно перемещаться, но через который нельзя пройти.	Um bloco de pedra sólido que pode ser navegado por cima, mas não através dele.	一個堅固的石塊，可以在頂部通行但不能穿過它。	硬い石の壁。壁の上を移動できますが、横を通過することはできません	Üstünde gezinilebilen ancak içinden geçilemeyen sağlam bir taş blok.	Pevný kamenný blok, který je splavný vrchem, ale ne přes něj.	Un blocco di pietra solido che è navigabile in cima ma non attraverso di essa.
StructureDescriptionStonePillarScaffold	Un blocco di pilastri 4 pietra che può essere costruita in verticale e non ostruisce il movimento.	Un bloque de 4 pilares de piedra que se pueden construir verticalmente y que no obstruyen el movimiento.	可以垂直搭建的4根石柱，不会影响可通行性	Un bloc de 4 piliers en pierre pouvant être construits verticalement (ne gêne pas les déplacements).	Ein Block mit 4 Säulen/Pfeilern, die vertikal gestapelt werden können und die Fortbewegung nicht behindern.	Um bloco de 4 pilares de pedra que pode ser construído verticalmente e não obstrui o movimento.	Блок из 4 вертикальных каменных столбов, которые не препятствуют движению.	Um bloco de 4 pilares de pedra que pode ser construído verticalmente e não obstrui o movimento.	一塊 4 根石柱，可以垂直建造並且不阻礙移動。	垂直に積み重ねることができ、動きを妨げない4本の石柱ブロック	Dikey olarak inşa edilebilen ve hareketi engellemeyen 4 taş sütundan oluşan blok.	Blok 4 kamenných sloupů, které lze postavit vertikálně a nebrání pohybu.	Un blocco di pilastri 4 pietra che può essere costruita in verticale e non ostruisce il movimento.
StructureDescriptionStoneBridge	Un blocco ponte di pietra in grado di fornire una facile navigazione Strada attraverso un fiume o abisso	Un bloque de puente de piedra que puede proporcionar una fácil navegación por carretera a través de un río o sima	石制的桥梁，可以提供轻松的道路穿越河流或峡谷	Un bloc de pont en pierre facilitant la navigation au dessus d'une rivière ou d'un gouffre.	Eine Steinbrücke, die den Straßenbau über einen Fluss oder Abgrund hinweg ermöglicht	Um bloco de ponte de pedra que pode facilitar a navegação rodoviária através de um rio ou abismo	Каменный блок моста, который обеспечит переправу через реку или пропасть	Um bloco de ponte de pedra que pode facilitar a navegação rodoviária em um rio ou abismo	一個石橋塊，可以提供輕鬆的道路穿越河流或峽谷	川や崖を横断できる石造りの橋ブロック	Bir nehir veya uçurum boyunca kolay yol navigasyonu sağlayabilen bir taş köprü bloğu	Kamenný mostní blok, který umožňuje pohyb po silnici, přes řeku nebo propast	Un blocco ponte di pietra in grado di fornire una facile navigazione Strada attraverso un fiume o abisso
StructureDescriptionSupportHalf	piattaforma impilabile su quali strade, scivoli, e altri percorsi possono essere costruiti	Plataforma apilable en la cual se pueden construir calles, tolvas, y otros caminos	可以叠加建造的平台，上面可以修路、建造滑道等	Plateforme empilable sur laquelle des routes, des glissières et d'autres chemins peuvent être construits.	Stapelbare Plattform, auf der Straßen, Rutschen und andere Pfade gebaut werden können	Plataforma empilhável na qual estradas, rampas e outros caminhos podem ser construídos	Надстраиваемая платформа, на которой можно строить Дороги, Рампы и другие блоки	Plataforma empilhável na qual podem ser construídas estradas, calhas e outros caminhos	可在其上建造道路、滑槽和其他路徑的可堆疊平台	道路、シュートなどの通路が置ける積み重ね可能なプラットフォーム	Üzerine yolların, olukların ve diğer yolların inşa edilebileceği istiflenebilir platform	Stohovatelná platforma, na které lze stavět silnice, skluzavky a další cesty	piattaforma impilabile su quali strade, scivoli, e altri percorsi possono essere costruiti
StructureDescriptionSupportRamp	piattaforma impilabile per i percorsi	Plataforma apilable para caminos	可以叠加建造的道路平台	Plateforme empilable pour chemins.	Stapelbare Plattform für Pfade	Plataforma empilhável para caminhos	Надстраиваемая платформа для путепроводов	Plataforma empilhável para caminhos	可堆疊的路徑平台	通路用の積み重ね可能なプラットフォーム	Yollar için istiflenebilir platform	Stohovatelná platforma pro cesty	piattaforma impilabile per i percorsi
StructureDescriptionTrainStop	Tipo di blocco di trasferimento ferroviario che carica gli elementi in treni come cargo, ma non come carburante	Tipo de bloque de raíl de transferencia que carga objetos en un tren, pero no combustible	将物品作为货物而不是燃料装入火车的铁路转运块的类型	Type de bloc de transfert ferroviaire qui charge des articles dans les trains en tant que cargaison, mais pas en tant que carburant.	Bringt Züge dazu, an Station `{0}` zu halten, um Gegenstände aufzunehmen oder zu entladen.	Causas Trens parar em um {0} para carregar ou descarregar cargas	Останавливает поезд на {0}, для загрузки или выгрузки предметов	Tipo de bloco de transferência ferroviária que carrega itens nos trens como carga, mas não combustível	將物品作為貨物而不是燃料裝入火車的鐵路轉運塊的類型	燃料ではなく、貨物として列車に積み込む鉄道制御ブロック	Eşyaları trenlere kargo olarak yükleyen ancak yakıt olarak yüklemeyen Raylı Transfer bloğu türü	Typ bloku železniční dopravy, který nakládá předměty do vlaků jako náklad, ale ne jako palivo	Tipo di blocco di trasferimento ferroviario che carica gli elementi in treni come cargo, ma non come carburante
StructureDescriptionTrainUnloader	Tipo di blocco di trasferimento ferroviario che scarica il carico dai treni	Tipo de bloque de Transferencia de Trenes que vacía el contenido de los Trenes	从火车上卸下货物的铁路转运块的类型	Type de bloc de transfert ferroviaire qui décharge la cargaison des trains.	Art des Schienenblocks, der Fracht von Zügen entlädt	Tipo de bloqueio de transferência ferroviária que descarrega a carga de comboios	Тип переноса железнодорожного трансфера, который разгружает груз от поездов	Tipo de bloco de transferência ferroviária que descarrega a carga dos Trens	從火車上卸下貨物的軌道轉運塊的類型	列車から貨物を降ろす鉄道制御ブロック	Trenlerden yük boşaltan Raylı Transfer bloğu türü	Typ železničního přepravního bloku, který vykládá náklad z vlaků	Tipo di blocco di trasferimento ferroviario che scarica il carico dai treni
StructureDescriptionTreePlanter	Consente il posizionamento delle risorse albero	Permite colocar recursos arbóreos e incrementa el crecimiento de los nuevos árboles	允许放置树木资源并增加再生树木的产量	Permet de planter des arbres.	Ermöglicht die Platzierung von Bäumen und beschleunigt deren Wachstum.	Permite a colocação de recursos de árvores e aumenta o rendimento das árvores em crescimento	Позволяет выращивать деревья. Также увеличивает скорость роста деревьев	Permite a colocação de recursos arbóreos e aumenta o rendimento das árvores em crescimento	允許放置樹木資源並增加再生樹木的產量	樹木資源の配置を可能にします。また、樹木の収穫量を増加させることができます。	Ağaç kaynaklarının yerleştirilmesine izin verir ve yeniden büyüyen ağaçların verimini artırır	Umožňuje umístění stromů a zvyšuje výnosy dorůstajících stromů	Consente il posizionamento delle risorse albero
StructureDescriptionHalfSupportRamp	Un ponteggio rampa su quali strade, scivoli, e altri percorsi possono essere costruiti	Una rampa andamio sobre la que se pueden construir carreteras, rampas y otros caminos	斜坡支架，上面可以修路、建造滑道等	Un échafaudage avec une rampe sur lequel des routes, des glissières et d'autres chemins peuvent être construits.	Ein Rampengerüst, auf dem Straßen, Rutschen und andere Pfade gebaut werden können	Um andaime de rampa no qual estradas, rampas e outros caminhos podem ser construídos	Рампа, на которой можно построить различные путепроводы	Um andaime de rampa no qual podem ser construídas estradas, rampas e outros caminhos	可以在其上建造道路、滑槽和其他路徑的鷹架斜坡	道路、シュートなどの通路が置ける斜面の足場	Üzerine yolların, olukların ve diğer yolların inşa edilebileceği bir rampa iskelesi	Rampové lešení, na kterém lze postavit silnice, skluzy a další cesty	Un ponteggio rampa su quali strade, scivoli, e altri percorsi possono essere costruiti
StructureDescriptionOneWay	Limita e organizza movimento	Restringe y organiza el movimiento	限制和优化道路移动	Restreint et organise le déplacement.	Beschränkt und Organisiert den Bewegungsfluss	Restringe e organiza o movimento	Указывает направление движения для рабочих едениц. Блокирует движение против стрелки.	Restringe e organiza o movimento	限制和組織移動	移動を制限し整理します	Hareketi kısıtlar ve düzenler	Omezuje a organizuje pohyb	Limita e organizza movimento
StructureDescriptionOmniPlanter	Consente il posizionamento delle risorse Metalliferi	Permite la colocación de Minerales	允许放置和再生矿石资源	Permet le placement de Minerais	Erlaubt das Platzieren von Erzvorkommen	Permite a colocação e regeneração de recursos de minério	Позволяет разместить и регенерировать руду для последующей добычи	Permite a colocação e a regeneração de recursos de minério	允許放置和再生礦石資源	鉱物資源の配置と再生成ができるようになります	Cevher kaynaklarının yerleştirilmesine ve yenilenmesine izin verir	Umožňuje umístění a regeneraci zdrojů rudy	Consente il posizionamento delle risorse Metalliferi
StructureDescriptionWaterPipe	Una pipa che porta acqua e vari altri fluidi	Una tubería que lleva agua y otros líquidos	携带水和各种其它流体的管道	Un tuyau qui peut transporter de l'eau et d'autres fluides.	Ein Rohr, das Wasser und andere Flüssigkeiten transportiert	Um tubo que transporta a água e outros fluidos	Труба для транспортировки воды и других жидкостей	Um tubo que transporta água e vários outros fluidos	輸送水和其他各種流體的管道	水をはじめとする様々な流体を運ぶパイプ	Su ve diğer çeşitli sıvıları taşıyan bir boru	Potrubí, které vede vodu a různé další tekutiny	Una pipa che porta acqua e vari altri fluidi
StructureDescriptionWaterConnector	Una struttura che consente di fluire l'acqua e gli altri fluidi dentro o fuori da un edificio, o un altro connettore del fluido	Estructura que permite que el agua u otros líquidos circulen dentro o fuera de un edificio o pasen a otro conector de líquidos	让水和其它流体的结构流入或流出建筑物，或与另一流体连接器相连	Une structure qui laisse l'Eau et les autres fluides couler dans ou hors d'un bâtiment, ou dans un autre Connecteur de tuyaux.	Eine Struktur, die Wasser und andere Flüssigkeiten in oder aus einem Gebäude, oder einer Flüssigkeitsrohrverbindung leitet.	Uma estrutura que permite que a água e outros fluidos fluem para dentro ou para fora de um edifício, ou outro ligador de fluido	Устройство, (переходник) для подключения здания к трубопроводу.	Uma estrutura que permite que a água e outros fluidos fluam para dentro ou para fora de um edifício, ou outro conector de fluido	讓水和其他流體流入或流出建築或其它流體連接的結構	水などの流体を建物に流入・流出させることができるコネクタ	Suyun ve diğer sıvıların bir binanın içine veya dışına akmasını sağlayan yapı veya başka bir sıvı konektörü	Konstrukce, která umožňuje proudění vody a jiných tekutin do budovy nebo z budovy nebo z jiného konektoru tekutiny	Una struttura che consente di fluire l'acqua e gli altri fluidi dentro o fuori da un edificio, o un altro connettore del fluido
StructureDescriptionWoodArch	Un arco di legno che non ostacola il movimento sotto di esso.	Un arco de madera que no obstruye el movimiento por debajo de el	木质支座，下方留有可以通过的空间	Une arche en bois qui ne gêne pas le mouvement en dessous.	Ein Bogen aus Holz, unter dem Fortbewegung und Transport möglich ist.	Um arco de madeira que não obstrui o movimento por baixo.	Деревянная арочная конструкция, не препятствующая движению под ней.	Um arco feito de madeira que não obstrui o movimento sob ele.	由木頭製成的拱門，不會阻礙其下方的移動。	木製のアーチ。アーチの下は通過できます	Altındaki hareketi engellemeyen ahşaptan yapılmış bir kemer.	Oblouk ze dřeva, který nebrání pohybu pod ním.	Un arco di legno che non ostacola il movimento sotto di esso.
StructureDescriptionWoodBridge	Un blocco di ponte di legno in grado di fornire una facile navigazione percorso del piede attraverso un fiume o abisso	Un bloque de puente de madera que proporciona acceso fácil por encima de ríos o simas	木制桥梁，可以在河流或裂口之上建立道路	Un bloc de pont en bois permettant aux Travailleurs de se déplacer au dessus d'une rivière ou d'un gouffre.	Eine Holzbrücke, die den Wegebau über einen Fluss oder Abgrund ermöglicht	Um bloco de ponte de madeira que pode fornecer fácil navegação por trilhas através de um rio ou abismo	Деревянный блок моста, который обеспечит переправу через реку или пропасть	Um bloco de ponte de madeira que pode proporcionar uma navegação fácil pelo Caminho a Pé em um rio ou abismo	一個木橋塊，可以提供輕鬆的步道穿越河流或峽谷	川や崖を横断できる木製の橋ブロック	Bir nehir veya uçurum boyunca Kolay Yaya Yolu navigasyonu sağlayabilen ahşap bir köprü bloğu	Dřevěný mostní blok, který umožňuje snadnou navigaci pěší stezkou přes řeku nebo propast	Un blocco di ponte di legno in grado di fornire una facile navigazione percorso del piede attraverso un fiume o abisso
StructureDescriptionWoodPillarScaffold	Un blocco di 4 pilastri di legno che possono essere costruite in verticale e non ostacolano il movimento.	Un bloque de 4 pilares de madera que se pueden construir verticalmente y no dificultan el movimiento.	可以垂直搭建的4根木柱，不会影响可通行性	Un bloc de 4 piliers en bois pouvant être construits verticalement (ne gêne pas les déplacements).	Ein Block von 4 Holzpfeilern, die vertikal gestapelt werden können und keine Fortbewegung behindern.	Um bloco de 4 pilares de madeira que pode ser construído verticalmente e não obstrui o movimento.	Блок из 4 вертикальных деревянных столбов, которые не препятствуют движению под ними.	Um bloco de 4 pilares de madeira que pode ser construído verticalmente e não obstrui o movimento.	一塊 4 根木柱，可以垂直建造並且不阻礙移動。	垂直に積み重ねることができ、動きを妨げない4本の木柱ブロック	Dikey olarak inşa edilebilen ve hareketi engellemeyen 4 ahşap sütundan oluşan blok.	Blok 4 dřevěných sloupů, které lze postavit svisle a nebrání pohybu.	Un blocco di 4 pilastri di legno che possono essere costruite in verticale e non ostacolano il movimento.
StructureDescriptionLogicGate	Valuta una o più connessioni di ingresso e produce un vero (1) o falso (0) Messaggio sulla base di un operatore booleano specificato	Evalúa una o más conexiones de entrada y produce un verdadero (1) o falso (0) mensaje basado en un operador booleano especificado	基于布尔运算符对输入的值进行计算，并产出“真”（1）或者“假”（0）的消息	Évalue une ou plusieurs connexions d'entrée et génère un message vrai (1) ou faux (0) en fonction d'un opérateur Booléen spécifié.	Wertet mehrere Eingänge aus und liefert eine wahr (1) oder falsch (0) Operator-Nachricht	Avalia uma ou mais conexões de entrada e produz uma mensagem verdadeira (1) ou falsa (0) com base em um operador booleano especificado	Оценивает один или несколько входящих сигналов и выдает сигнал ВЕРНО (1) или НЕВЕРНО (0) на основе указанного логического оператора	Avalia uma ou mais conexões de entrada e produz uma mensagem verdadeira (1) ou falsa (0) com base em um operador booleano especificado	評估一個或多個輸入連接並根據指定的布爾運算子生成真 (1) 或假 (0) 消息	1つ以上の入力接続を評価し、指定されたブール演算子に基づいてtrue（1）またはfalse（0）のメッセージを生成します	Bir veya daha fazla giriş bağlantısını değerlendirir ve belirtilen Boolean operatörüne göre doğru (1) veya yanlış (0) mesaj üretir	Vyhodnocuje jedno nebo více vstupních připojení a vytváří pravdivou (1) nebo nepravdivou (0) zprávu na základě zadaného booleovského operátoru	Valuta una o più connessioni di ingresso e produce un vero (1) o falso (0) Messaggio sulla base di un operatore booleano specificato
StructureDescriptionLogicFunctionSet	Imposta il valore di un altro blocco logico senza attivare uscita	Establece el valor de otro bloque lógico sin activar su salida	直接设置另外一个逻辑块的值，不会触发输出	Définit la valeur d'un autre bloc logique sans déclencher de sortie.	Setzt den Wert eines anderen Logikblocks ohne eine Ausgabe auszulösen	Define o valor de outro bloco lógico sem acionar a saída	Устанавливает значение другого логического блока, не генерируя сигнал на его Выходе.	Define o valor de outro bloco lógico sem acionar a saída	設置另一個邏輯塊的值而不觸發輸出	出力をトリガーせずに別の論理ブロックの値をセットします	Çıkışı tetiklemeden başka bir mantık bloğunun değerini ayarlar	Nastavuje hodnotu jiného logického bloku bez spouštění výstupu	Imposta il valore di un altro blocco logico senza attivare uscita
StructureDescriptionLogicFunctionGate	Block che passano solo i messaggi se il cancello è aperto. Utilizzare un blocco Set per impostare lo stato Gate.	Bloque que sólo pasará los mensajes si la puerta está abierta. Use un bloque Set para establecer el estado de puerta.	只有在门打开的情况下才传输消息，使用设置块来设置门的开关状态	Bloc qui ne transmettra des messages que si la Porte est ouverte. Utilisez un Bloc Logique pour définir l'état de la Porte.	Block, der nur im geöffneten Zustand Nachrichten weiterleitet. Nutze den Einstellungsblock um den Zustand zu ändern	Bloco que só passará mensagens se o Gate estiver aberto. Use um bloco Set para definir o estado do Gate.	Блок, который передает сигнал, только если Ворота открыты. Используйте блок Установки для управления состоянием Ворот.	Bloco que só passará mensagens se o Porta estiver aberto. Use um bloco Set para definir o estado do Porta.	僅當門打開時才會傳遞消息的塊。 使用設置塊來設置門狀態。	ゲートが開いている場合にのみメッセージを通過させるブロック。ゲート状態を設定するには、セットブロックを使用します。	Yalnızca Geçit açıksa mesajları iletecek olan blok. Geçit durumunu ayarlamak için bir Ayar bloğu kullanın.	Blok, který bude předávat zprávy pouze v případě, že je brána otevřená. Pro nastavení stavu brány použijte Nastavení bloku.	Block che passano solo i messaggi se il cancello è aperto. Utilizzare un blocco Set per impostare lo stato Gate.
StructureDescriptionLogicFunctionInverter	Converte un valore vero (diverso da zero) e passa a false (zero) e viceversa	Convierte un valor verdadero (distinto de cero) y lo cambia a FALSO (cero) y viceversa	转换真（非零）值并将其切换为假（零），反之亦然	Convertit une valeur vraie (non nulle) en valeur fausse (zéro) et vice-versa	Konvertiert den Wert Wahr (nicht null) in Falsch und umgekehrt	Converte um valor verdadeiro (diferente de zero) e mude para false (zero) e vice-versa	Преобразует истинное (ненулевое) значение и переключает его на ложь (ноль) и наоборот	Converte um valor VERDADEIRO (diferente de zero) e o transforma em FALSO (zero), e vice-versa	轉換真（非零）值並將其切換為假的（零），反之亦然	真(非ゼロ)の値を変換して偽(ゼロ)に切り替えたり、その逆を行います	Doğru (sıfırdan farklı) bir değeri dönüştürür ve onu Yanlış (sıfır) olarak değiştirir veya tam tersi	Převede hodnotu Pravda (nenulová) a přepne ji na hodnotu Nepravda (nula) a naopak	Converte un valore vero (diverso da zero) e passa a false (zero) e viceversa
StructureDescriptionLogicFunctionNumber	Blocco che memorizza e visualizza un valore numerico	Bloque que almacena y muestra un valor numérico	存储并显示数值的块	Bloc qui stocke et affiche une valeur numérique	Block, der einen numerischen Wert anzeigt und speichert	Bloco que armazena e exibe um valor numérico	Блокируйте это магазины и отображают числовое значение	Bloco que armazena e exibe um valor numérico	儲存並顯示數值的塊	数値を記憶し表示するブロック	Sayısal bir değeri saklayan ve görüntüleyen blok	Blok, který ukládá a zobrazuje číselnou hodnotu	Blocco che memorizza e visualizza un valore numerico
StructureDescriptionLogicLamp	Un blocco che si accende quando lo stato è in	Un bloque que se ilumina cuando su estado es encendido	当状态为开时会发光的块	Un bloc qui s'allume lorsque l'état est activé.	Block, der zustandsabhängig aufleuchtet	Um bloco que acende quando o estado está ativado	Блок, который загорается, когда получает сигнал ВЕРНО (1) и гаснет, когда получает сигнал НЕВЕРНО (0).	Um bloco que se acende quando o estado está ligado	狀態開啟時亮起的塊	状態がオンのときに点灯するブロック	Durum açıkken yanan bir blok	Blok, který se rozsvítí, když je stav zapnutý	Un blocco che si accende quando lo stato è in
StructureDescriptionLogicFunctionDelta	valori ricevuti vengono memorizzati, ma solo inviato se è diverso ultimo valore memorizzato	Valores recibidos serán almacenados, pero sólo enviados si son diferentes a último valor almacenado	存储接收到的值，但只有与上次存储的值不同时才会输出	Les valeurs reçues seront stockées, mais ne seront envoyées que si elles sont différentes de la dernière valeur enregistrée.	Eingehende Werte werden gespeichert und nur weitergesendet, wenn sie sich vom letzten gespeicherten Wert unterscheiden	Os valores recebidos serão armazenados, mas somente enviados se forem diferentes do último valor armazenado	Полученное значение будет сохранено, но отправлено дальше, только если оно отличается от последнего сохраненного значения	Os valores recebidos serão armazenados, mas só serão enviados se forem diferentes do último valor armazenado	接收到的值將被儲存，但僅在與上次儲存的值不同時才發送	受信した値は保存されますが、最後に保存された値と異なる場合にのみ送信されます	Alınan değerler saklanacak, ancak yalnızca son saklanan değerden farklıysa gönderilecektir	Přijaté hodnoty budou uloženy, ale odeslány pouze v případě, že se liší od poslední uložené hodnoty	valori ricevuti vengono memorizzati, ma solo inviato se è diverso ultimo valore memorizzato
StructureDescriptionLogicFunctionCounter	Un blocco che conta ogni volta che viene ricevuto un segnale di trigger	Un bloque que suma cada vez que se recibe una señal de activación	每当收到触发信号时都会加一的计数器块	Un bloc qui compte à chaque fois qu'un signal déclencheur est reçu.	Block der hochzählt, wenn ein Triggersignal eingegangen ist	Um bloco que conta sempre que um sinal de disparo é recebido	Блок, который прибавляет +1 к отображаемому значению каждый раз, когда принимается сигнал на Входе	Um bloco que faz a contagem regressiva sempre que um sinal de acionamento é recebido	每當接收到觸發信號時計數的塊	トリガー信号を受信したときにカウントアップするブロック	Bir tetikleme sinyali alındığında sayılan bir blok	Blok, který se počítá vždy, když je přijat spouštěcí signál	Un blocco che conta ogni volta che viene ricevuto un segnale di trigger
StructureDescriptionLogicFunctionMath	Un blocco che consente operazioni matematiche tra segnale di innesco e il valore impostato	Un bloque que permite realizar operaciones matemáticas entre la señal de disparo y el valor establecido	会将触发信号和存储的值进行数学运算的块	Un bloc qui permet des opérations mathématiques entre le signal déclencheur et la valeur définie.	Block für mathematische Operationen zwischen Triggersignal und Sollwert	Um bloco que permite operações matemáticas entre o sinal de disparo e o valor definido	Блок, который позволяет математические операции между триггерным (на Входе) сигналом и установленным значением (на блоке)	Um bloco que permite operações matemáticas entre o sinal de disparo e o valor definido	啟用觸發信號和設定值之間的數學運算的塊	トリガー信号と設定値の間の演算を可能にするブロック	Tetik sinyali ile set değeri arasında matematiksel işlemler yapılmasını sağlayan blok	Blok, který umožňuje matematické operace mezi spouštěcím signálem a nastavenou hodnotou	Un blocco che consente operazioni matematiche tra segnale di innesco e il valore impostato
StructureDescriptionLogicFunctionPusher	Un blocco che attiva l'uscita di un altro blocco senza modificarla	Un bloque que envia la salida de otro bloque sin modificar a este	将另外一个块在不修改其值的情况下使其输出的块	Un bloc qui déclenche la sortie d'un autre bloc sans le modifier.	Ein Block welcher die Ausgabe eines anderen Blocks auslöst ohne ihn zu ändern	Um bloco que aciona a saída de outro bloco sem modificá-lo	Блок, который запускает Вывод другого блока, не изменяя его	Um bloco que aciona a saída de outro bloco sem modificá-la	觸發另一個塊的輸出而不修改它的塊	変更せずに他のブロックの出力をトリガーするブロック	Başka bir bloğun çıktısını değiştirmeden tetikleyen bir blok	Blok, který spouští výstup jiného bloku bez jeho modifikace	Un blocco che attiva l'uscita di un altro blocco senza modificarla
LogicGateTypeDescriptionAnd	Uscite TRUE se entrambi i valori di ingresso sono TRUE	Devuelve VERDADERO si ambos valores de entrada son VERDADERO	当两个输入值都为“真”时输出“真”	Sorties VRAIES si les deux valeurs d'entrée sont VRAIES.	Ausgabe WAHR wenn beide Eingänge WAHR	Produz TRUE se ambos os valores de entrada forem TRUE	На Выходе ВЕРНО, если на обеих Входах ВЕРНО,	Emite VERDADE se ambos os valores de entrada forem VERDADE	如果兩個輸入值都為 真，則輸出 真	両方の入力値がTRUEの場合、TRUEを出力します	Her iki giriş değeri de DOĞRU ise DOĞRU sonucunu verir	Výstup PRAVDA, pokud jsou obě vstupní hodnoty PRAVDA	Uscite TRUE se entrambi i valori di ingresso sono TRUE
LogicGateTypeDescriptionOr	Uscite TRUE se ogni valore di ingresso è TRUE	Devuelve VERDADERO si cualquier valor de entrada es VERDADERO	当任意输入值为“真”时输出“真”	Sorties VRAIES si n'importe quelle valeur entrée est VRAIE.	Ausgabe WAHR wenn ein Eingang WAHR	Produz TRUE se qualquer valor de entrada for TRUE	На Выходе ВЕРНО, если на Входе ВЕРНО,	Emite VERDADE se qualquer valor de entrada for VERDADE	如果任何輸入值為 真，則輸出 真	いずれかの入力値がTRUEの場合、TRUEを出力します	Herhangi bir giriş değeri DOĞRU ise, DOĞRU çıkışı verir	Výstup PRAVDA, pokud je jakákoliv vstupní hodnota PRAVDA	Uscite TRUE se ogni valore di ingresso è TRUE
LogicGateTypeDescriptionNot	Emette l'inverso del valore di ingresso	Devuelve el inverso de el valor de entrada	输出输入值的倒数	Affiche l'inverse de la valeur d'entrée.	Ausgabe des invertierten Eingangswertes	Produz o inverso do valor de entrada	Если на Входе ВЕРНО, то на Выходе НЕВЕРНО. И наоборот	Emite o inverso do valor de entrada	輸出輸入值的倒數	入力値の逆数を出力します	Giriş değerinin tersini verir	Vydává inverzní hodnotu vstupní hodnoty	Emette l'inverso del valore di ingresso
LogicGateTypeDescriptionNand	Uscite TRUE se almeno un valore di ingresso è FALSE	Devuelve VERDADERO si al menos un valor de entrada es FALSO	当任意输入值为“假”时输出“真”	Sorties VRAIES si au moins une valeur d'entrée est FAUSSE.	Ausgabe WAHR wenn ein Eingang FALSCH	Produz TRUE se pelo menos um valor de entrada for FALSE	Выведет ВЕРНО, если хотя бы одно из значений на Входе НЕВЕРНО	Emite VERDADE se pelo menos um valor de entrada for FALSE	如果至少一個輸入值為 假，則輸出 真	少なくとも1つの入力値がFALSEであればTRUEを出力します	En az bir giriş değeri YANLIŞ ise, DOĞRU sonucunu verir	Výstup PRAVDA, pokud je alespoň jedna vstupní hodnota NEPRAVDA	Uscite TRUE se almeno un valore di ingresso è FALSE
LogicGateTypeDescriptionNor	Uscite TRUE se tutti gli ingressi sono FALSE	Devuelve VERDADERO si todos los valores de entrada son FALSO	当两个输入值都为“假”时输出“真”	Sorties VRAIES si toutes les entrées sont FAUSSES.	Ausgabe WAHR wenn beide Eingänge FALSCH	Produz TRUE se todas as entradas forem FALSE	Выведет ВЕРНО, если все значения на Входе НЕВЕРНО	Emite VERDADE se todas as entradas forem FALSO	如果所有輸入均為 假，則輸出 真	すべての入力がFALSEの場合にTRUEを出力します	Tüm girişler YANLIŞ ise, DOĞRU çıkışı verir	Výstup PRAVDA, pokud jsou všechny vstupy NEPRAVDA	Uscite TRUE se tutti gli ingressi sono FALSE
LogicGateTypeDescriptionXor	Uscite TRUE se uno degli ingressi sono vere, ma non entrambi	Devuelve VERDADERO si uno de los valores de entrada es VERDADERO, pero no ambos	当有且只有一个输入值为“真”时输出“真”	Sorties VRAIES si l'une des entrées est VRAIE, mais pas les deux.	Ausgabe WAHR wenn ein Eingang, aber nicht beide, WAHR	Produz TRUE se uma das entradas for TRUE, mas não ambas	Выведет ВЕРНО, если одно из значений на Входе ВЕРНО, но не оба	Emite VERDADE se uma das entradas for VERDADE, mas não ambas	如果輸入之一為 真，則輸出 真，但不是兩者都為 真	一方の入力がTRUEで、両方ではない場合、TRUEを出力します	Girişlerden biri DOĞRU ise ancak her ikisi de DOĞRU değilse, DOĞRU çıkışı verir	Výstup PRAVDA, pokud je jeden ze vstupů PRAVDA, ale ne oba	Uscite TRUE se uno degli ingressi sono vere, ma non entrambi
LogicGateTypeDescriptionXnor	Uscite TRUE se uno degli ingressi sono false, ma non entrambi	Devuelve VERDADERO si uno de los valores de entrada es FALSO, pero no ambos	当有且只有一个输入值为“假”时输出“真”	Sorties VRAIES si l'une des entrées est FAUSSE, mais pas les deux.	Ausgabe WAHR wenn ein Eingang, aber nicht beide, FALSCH	Produz TRUE se uma das entradas for FALSE, mas não ambas	Выведет ВЕРНО, если одно из значений на Входе НЕВЕРНО, но не оба	Emite VERDADE se uma das entradas for FALSO, mas não ambas	如果輸入之一為 假，則輸出 真，但不是兩者都為 假	一方の入力がFALSEで、両方ではない場合、TRUEを出力します	Girişlerden biri YANLIŞ ise ancak her ikisi de YANLIŞ değilse, DOĞRU çıkışı verir	Výstup PRAVDA, pokud je jeden ze vstupů NEPRAVDA, ale ne oba	Uscite TRUE se uno degli ingressi sono false, ma non entrambi
StructureAgentTrigger	Agente trigger	Interruptor de activación	媒介触发	Signal déclencheur	Auslöser	Agente Gatilho	Датчик движения	Acionador do agente	媒介觸發器	エージェントトリガー	Ajan Tetikleyici	Trigger agenta	Agente trigger
StructureBridge	Ponte	Puente	桥梁	Pont	Brücke	Ponte	Мост	Ponte	橋樑	ブリッジ	Köprü	Most	Ponte
StructureBlocker	Blocker	Bloqueador	阻拦器	Bloqueur	Blockierer	Bloqueador	Блокировщик	Bloqueador	攔截器	ブロッカー	Engelleyici	Blokátor	Blocker
StructureChute	Scivolo	Tolva	滑道	Glissière	Rutsche	Calha	Желоб	Calha	滑槽	シュート	Oluk	Skluzavka	Scivolo
StructureChuteLoader	Chute Loader	Cargador de Tolva	滑道装载器	Chargeur de glissière	Rutschenbelader	Carregador de Calhas	Желоб загрузки	Carregador de Calha	滑槽裝載器	シュートローダー	Oluk Yükleyici	Skluzový nakladač	Chute Loader
StructureConveyorBelt	Metallo Nastro trasportatore	Cinta Transportadora de Metal	金属传送带	Tapis roulant en métal	Metallförderband	Passadeira de Metal	Металлический конвейер	Esteira de Metal	金屬輸送帶	金属の搬送ベルト	Metal Konveyör Bant	Kovový dopravníkový pás	Metallo Nastro trasportatore
StructureConveyorBeltCloth	Panno Nastro trasportatore	Cinta Transportadora de Paño	布制传送带	Tapis roulant en tissu	Stoffförderband	Passadeira de Pano	Тканевый конвейер	Esteira de Tecido	布制輸送帶	布の搬送ベルト	Kumaş Taşıma Bandı	Látkový dopravní pás	Panno Nastro trasportatore
StructureConveyorBeltMagic	Magia Nastro trasportatore	Cinta Transportadora Magica	魔力传送带	Tapis roulant magique	Magieförderband	Passadeira Mágica	Магический конвейер	Esteira Mágica	魔法輸送帶	魔法の搬送ベルト	Sihirli Konveyör Bant	Kouzelný dopravníkový pás	Magia Nastro trasportatore
StructureConveyorBeltWooden	Nastro trasportatore in legno	Cinta Transportadora de Madera	木制传送带	Tapis roulant en bois	Holzförderband	Correia transportadora de madeira	Древесная конвейерная лента	Esteira de Madeira	木製輸送帶	木のベルトコンベア	Ahşap Taşıma Bandı	Dřevěný dopravní pás	Nastro trasportatore in legno
StructureDam	Diga	Presa	水坝	Barrage	Damm	Barragem	Дамба	Barragem	水壩	ダム	Baraj	Přehrada	Diga
StructureDecorativeLantern	Lampione	Poste de luz	路灯	Lampadaire	Laternenmast	Poste de iluminação	Фонарный столб	Poste de luz	路燈	ランプポスト	Lamba direği	Lampa	Lampione
StructureDriveShaft	Albero di trasmissione	Eje de accionamiento	传动轴	Arbre de transmission	Antriebswelle	eixo acionador	Приводной вал	Eixo de Acionamento	傳動軸	ドライブシャフト	Tahrik mili	Hnací hřídel	Albero di trasmissione
StructureFootPath	Sentiero	Sendero	步道	Chemin	Gehweg	Caminho	Дорожка	Caminho para pedestres	步道	歩道	Ayak Yolu	Pěšina	Sentiero
StructureFarmTile	Tile Farm	Tierras de cultivo	农场地块	Tuile de ferme	Farmfeld	Terreno de Cultivo	Поле Фермы	Terreno de Cultivo	農地	農業タイル	Çiftlik Kiremit	Pole farmy	Tile Farm
StructureFilter	Filtro	Filtro	过滤器	Filtre	Filter	Filtro	Фильтр	Filtro	過濾器	フィルター	Filtre	Filtr	Filtro
StructureFuelLoader	Caricatore di carburante	Cargador de Combustible	燃油装载器	Chargeur de carburant	Treibstoff Befüllung	combustível carregador	Загрузчик топлива	Carregador de Combustível	燃料裝載器	燃料ローダー	Yakıt Yükleyici	Palivový nakladač	Caricatore di carburante
StructureGrabber	arraffone	Arrancador	抓取器	Pince	Greifer	Agarrador	Граббер	Pegador	抓取器	グラバー	Yakalayıcı	Sortovač	arraffone
StructureRail	Rotaia	Carril	铁轨	Rail metallique	Schiene	Caminho de Ferro	Рельсы	Trilho de Metal	金屬軌道	鉄のレール	Metal Ray	Kovové koleje	Rotaia
StructureRailMagic	magia della guida	Carril Magico	魔力轨道	Rail magique	Magische Schiene	Caminho de Ferro Magico	Магические рельсы	Trilho Mágico	魔法軌道	魔法のレール	Sihirli Ray	Kouzelné koleje	magia della guida
StructureRailStop	rail stop	Parada de tren	轨道站点	Butée de rail	Bahn-Station	Paragem Caminho de Ferro	Ж/д остановка	Carregador de Trens	礦車裝載器	マインカートローダー	Minecart Yükleyici	Nakladač vozíku	rail stop
StructureRailPowered	Guida meccanica	Carril mecánico	机械轨道	Rail mécanique	Mechanische Schiene	Trilho energizado	Рельсы с толкателем	Trilho Mecânico	機械軌道	機工レール	Mekanik Ray	Mechanická železnice	Guida meccanica
StructureRailWooden	Rotaie di legno	Vía de Madera	木制轨道	Rail en bois	Holzschiene	Trilho de madeira	Деревянный рельс	Trilho de Madeira	木製軌道	木のレール	Ahşap Ray	Dřevěná kolejnice	Rotaie di legno
StructureLogBridge	Ponte di legno	Puente de Madera	木制桥梁	Pont en rondins	Holzbrücke	Log Bridge.	Бревенчатый мост	Ponte de Toras	原木橋	丸太橋	Günlük Köprüsü	Most z klád	Ponte di legno
StructureLogicGate	Funzione Bool	Función Booleana	布尔函数	Fonction booléenne	Nachricht-Funktion	Função Bool	Логический блок	Função Bool	布爾函數	ブール関数	Bool İşlevi	Funkce Bool	Funzione Bool
StructureLogicFunctionSet	Logica del blocco	Bloque de ajuste	逻辑块	Bloc logique	Einstellungsblock	Bloco de Definição Logica	Блок Установка	Conjunto de Estados	狀態集	状態セット	Durum Seti	Nastavit stav	Logica del blocco
StructureLogicFunctionGate	Porta di segnale	Puerta de señal	信号门	Porte à signal	Signal-Tor	Transmissor de Sinal	Ворота Сигнала	Porta de Sinal	信號門	シグナルゲート	Sinyal Kapısı	Signální brána	Porta di segnale
StructureLogicLamp	Logic Lamp	Lámpara Lógica	逻辑灯	Lampe logique	Lampe	Lâmpada Logica	Сигнальная лампа	Lâmpada Lógica	邏輯燈	論理ランプ	Mantık Lambası	Logická lampa	Logic Lamp
StructureLogicFunctionIf	Se Blocca	Si Verdadero	如果块	Bloc SI	Wenn/Falls - Block	Se Bloco	Блок 'Если'	Se o Bloco	如果塊	条件分岐ブロック	Eğer Engelle	Když blok	Se Blocca
StructureLogicFunctionInverter	Inverter.	Invertir Verdadero a Falso / Invertir	逆变器	Inverseur	Wandler	Inversor	Инвертор	Inversor	逆變器	インバータ	Çevirici	Střídač	Inverter.
StructureLogicFunctionTimer	Timer Block	Bloque temporizador	计时器	Bloc minuteur	Zeit-Block	Bloco de Temporizador	Блок Таймера	Temporizador	計時器	タイマー	Zamanlayıcı	Časovač	Timer Block
StructureLogicFunctionDelta	Delta Block	Bloque Delta	差量块	Bloc delta	Delta-Block	Bloco Delta	Блок Дельта	Delta	差量塊	デルタ	Delta	Delta	Delta Block
StructureLogicFunctionCounter	Contatore Block	Bloque Contador	计数器	Bloc compteur	Zählerblock	Bloco Contador	Дисплей счетчика	Contador	計數器	カウンター	Tezgah	Čelit	Contatore Block
StructureLogicFunctionNumber	numero di blocco	Bloque Numérico	数字块	Bloc nombre	Nummernblock	Bloco Numérico	Цифровой дисплей	Número	數字塊	数字	Sayı	Číslo	numero di blocco
StructureLogicFunctionMath	Math Block	Bloque Matemático	数学块	Bloc mathématique	Berechnungsblock	Bloco Matemático	Блок математики	Matemático	數學塊	演算	Matematik	Matematika	Math Block
StructureLogicFunctionPusher	Logic Pusher Block	Bloque Lógico de Empuje	逻辑推力块	Déclencheur	Schub-Block	Bloco Impulsionador Logico	Блок Толкатель	Acionador	觸發器	トリガー	Tetiklemek	Spoušť	Logic Pusher Block
StructureInventorySensor	Sensore inventario	Sensor de inventario	库存传感器	Capteur d'inventaire	Inventarsensor	Sensor de inventário	Датчик инвентаря	Sensor de Inventário	庫存傳感器	インベントリセンサー	Envanter Sensörü	Snímač inventarizace	Sensore inventario
StructureManaConsumer	mana connettore	Conector de Mana	魔力连接器	Connecteur de mana	Mana-Anschluss	Conector de Mana	Коннектор Манопровода	Conector de Mana	魔力連接器	マナコネクタ	Mana Bağlayıcı	Mana konektor	mana connettore
StructureManaProducer	trasmettitore mana	Transmisor de Mana	魔力传输器	Émetteur de mana	Mana-Sender	Transmissor de Mana	Мана-передатчик	Transmissor de Mana	魔力傳輸器	マナ送信機	Mana Vericisi	Mana vysílač	trasmettitore mana
StructureManaDiffuser	Ricevitore mana	Receptor de Mana	魔力接收器	Récepteur de mana	Mana-Empfänger	Receptor de Mana	Мана-приёмник	Receptor de Mana	魔力接收器	マナ受信機	Mana Alıcısı	Mana přijímač	Ricevitore mana
StructureManaPipe	mana tubo	Tuberia de Mana	魔力管道	Tuyau de mana	Manarohr	Tubo de Mana	Манапровод	Tubo de Mana	魔力管道	マナパイプ	Mana Borusu	Mana trubka	mana tubo
StructureMessageBoard	Scheda di messaggio	Tablón de mensajes	留言板	Tableau d'affichage	Schwarzes Brett	Quadro de mensagens	Табличка	Quadro de Mensagens	訊息板	掲示板	Duyuru panosu	Nástěnka	Scheda di messaggio
StructureMerger	#N/A	Fusión	合并器	Groupeur	Fusionierer	Fusão	Конвейерный соединитель	Fusão	合併器	マージャー	Birleşme	Slučovač	#N/A
StructureMineShaft	mine Shaft	Mina	矿井	Puits de mine	Minenschacht	Mine Shaft	Шахта	Túnel da Mina	礦井	坑道	Maden Şaftı	Důlní šachta	mine Shaft
StructureMinecartUnloader	SALLOADER MINECART.	Descargador de Vagonetas	矿车卸载器	Déchargeur de wagonnet	Loren-Entlader	Unloader Minecart.	Minecart Unloader	Descarregador de Carrinho de Mina	礦車卸載器	マインカートアンローダー	Minecart Boşaltıcı	Vozíkový vykladač	SALLOADER MINECART.
StructurePrioritySorter	Struttore prioritario	Separador de Prioridad	优先分拣器	Trieur prioritaire	Prioritätssortierer	prioridade Sorter	Распределитель	Classificador de Prioridade	優先分揀器	プライオリティソーター	Öncelik Sıralayıcısı	Prioritní třídič	Struttore prioritario
StructurePusher	Pusher	Empujador	推力器	Pousseur	Schieber	Impulsor	Толкатель	Empurrador	推進器	プッシャー	İtici	Posunovač	Pusher
StructureSignPost	Firmare Post.	Poste de Señales	路标	Panneau	Schild	Borne de sinal	Указатель	Posto de Sinais	路標	立て看板	Yazıyı imzala	Ukazatel	Firmare Post.
StructureSplitter	splitter	Separador	分离器	Séparateur	Teiler	Divisor	Сплиттер	Divisor	分離器	スプリッター	Ayırıcı	Rozdělovač	splitter
StructureSorter	Sorter	Clasificador	分拣器	Trieur	Sortierer	Arrumador	Сортировщик	Classificador	分揀器	ソーター	Sıralayıcı	Seřazovač	Sorter
StructureSteamConnector	connettore Steam	Conector de vapor	蒸汽连接器	Connecteur de vapeur	Dampf-Anschluss	Conector de vapor	Коннектор Паропровода	Conector de Vapor	蒸汽連接器	蒸気コネクタ	Buhar Konektörü	Parní konektor	connettore Steam
StructureSteamPipe	tubo di vapore	Tuberia de vapor	蒸汽管道	Tuyau de vapeur	Dampfrohr	Tubo de Vapor	Паропровод	Tubo de vapor	蒸汽管	蒸気パイプ	Buhar borusu	Parní potrubí	tubo di vapore
StructureStoneParapet	Parapetto di pietra	Parapeto de piedra	石制矮墙	Parapet en pierres	Steinbrüstung	Parapeito de pedra.	Каменный парапет 	Parapé de Pedra	石矮牆	石の欄干	Taş Parapet	Kamenný parapet	Parapetto di pietra
StructureWaterPipe	Tubo fluido	Tubería de líquidos	流体管道	Tuyau de fluide	Flüssigkeitsrohr	Tubo de fluido	Труба для жидкостей	Tubo de Fluido	流體管	流体パイプ	Akışkan Borusu	Potrubí na tekutiny	Tubo fluido
StructureWaterConnector	Connettore del tubo fluido	Conexión de tuberías de líquidos	流体管接器	Connecteur de tuyaux de fluide	Flüssigkeitsrohrverbindung	Fluid Connector Cachimbo	Коннектор для труб	Conector de tubo de fluido	流體連接器	流体パイプコネクタ	Sıvı Borusu Konektörü	Konektor potrubí na tekutiny	Connettore del tubo fluido
StructureOneWay	Senso Unico	En sentido único	单向块	Sens unique	Einbahnstrasse	Sentido Unico	Указатель движения	Unidirecional	單向塊	一方通行	Tek Yön	Jednosměrný	Senso Unico
StructureOmniConnector	Omni connettore	OmniConector	全方位连接器	OmniConnecteur	Omni-Verbinder	Omni Conector	Коннектор Омнипровода	Conector de Omni	神力連結器	オムニコネクタ	Çok Yönlü Bağlayıcı	Omni konektor	Omni connettore
StructureOmniPipe	OmniPipe	OmniTuberia	神力管道	OmniTuyau	Omnirohr	OmniPipe	Омнипровод	Tubo de Omni	神力管	オムニパイプ	OmniPipe	Omni trubka	OmniPipe
StructureOmniTransmitter	OmniTransmitter	OmniTransmisor	神力传输器	OmniÉmetteur	Omni-Sender	Transmissor Omni	Омни-передатчик	Transmissor Omni	神力傳輸器	オムニ送信機	OmniVerici	Omni-vysílač	OmniTransmitter
StructureOmniReceiver	OmniReceiver	OmniReceptor	神力接收器	OmniRécepteur	Omni-Empfänger	Receptor Omni	Омни-приёмник	Receptor Omni	神力接收器	オムニ受信機	OmniAlıcı	Omni-přijímač	OmniReceiver
StructureOmniPlanter	Ore Planter	Plantador de minerales	矿石种植机	Planteur de Minerai	Erzsetzer	OmniPlanter	Инкубатор минералов	Plantador Omni	神力種植機	オムニプランター	OmniPlanter	Omniplanter.	Ore Planter
StructurePathGate	barriera gate	Puerta de barrera	路障门	Barrière	Schranke	Cancela	Шлагбаум	Porta de Barreira	路障門	バリアゲート	Bariyer kapısı	Bariérová brána	barriera gate
StructurePlayerToggleSensor	Toggle	Sensor alternador	切换	Activer / désactiver	Umschalten	Alternancia	Тумблер	Alternar	切換塊	トグル	Değiştir	Přepnout	Toggle
StructureRailTransfer	Caricatore ferroviario	Cargador ferroviario	轨道装载器	Chargeur de train	Schienenlader	Carregador ferroviário.	Железнодорожный погрузчик	Carregador de Trilhos	軌道裝載器	レールローダー	Raylı Yükleyici	Železniční nakladač	Caricatore ferroviario
StructureRailUnloader	Scaricatore ferroviario	Descargador de vías	铁路卸载器	Déchargeur de wagon	Schienenentlader	Unloader Rail.	Rail Unloader	Descarregador de Trilhos	軌道卸載器	レールアンローダー	Raylı Boşaltıcı	Železniční vykladač	Scaricatore ferroviario
StructureRailSwitch	Interruttore	Interruptor	开关	Changer	Schalter	Interruptor	Переключатель	Interruptor	開關	スイッチ	Anahtar	Přepínač	Interruttore
StructureRoad	Strada	Carretera	道路	Route	Straße	Estrada	Дорога	Estrada	道路	道路	Yol	Silnice	Strada
StructureTrainStop	Caricatore del treno	Cargador de tren	火车装载器	Chargeur de train	Bahnstation	Parada de trem	Остановка поезда	Carregador de Trem	火車裝載器	トレインローダー	Tren Yükleyici	Vlakový nakladač	Caricatore del treno
StructureTrainUnloader	Treno scaricatore	Descargador de Trenes	火车卸载器	Déchargeur de train	Zug-Entlader	Treinar Unloader.	Поезд разгрузчик	Descarregador de Trem	火車卸載器	トレインアンローダー	Tren Boşaltıcı	Vlakový vykladač	Treno scaricatore
StructureTreePlanter	Albero Planter	Soporte para árbol	植树机	Planteur d'arbre	Baumsetzer	Plantador de Árvores	Посадочный контейнер	Plantador de árvores	樹木種植機	ツリープランター	Ağaç Ekici	Sázeč stromů	Albero Planter
StructureWaterDuct	condotto acqua	Conducto de Agua	水管	Conduit d'eau	Wasserleitung	Canal de Água	Водопровод	Duto de Água	水管	水道管	Su Kanalı	Vodovod	condotto acqua
StructureWaterWheel	Ruota d'acqua	Rueda de Agua	水车	Roue hydraulique	Wasserrad	Roda de Água	Водяное колесо	Roda d'água	水輪	水車	Su tekerleği	Vodní kolo	Ruota d'acqua
StructureWaterSensor	Sensore acqua	Sensor de Agua	水浸传感器	Capteur d'eau	Wassersensor	Sensor de água	Датчик воды	Sensor de Água	水傳感器	水センサー	Su Sensörü	Vodní senzor	Sensore acqua
StructureNeutralManaFilter	mana connettore	Conector de Mana	魔力连接器	Connecteur de mana	Mana-Verbinder	Conector de Mana	Коннектор Манапровода	Conector de Mana	魔力連接器	マナコネクタ	Mana Bağlayıcı	Mana konektor	mana connettore
StructureBarrel	Barile	Barril	木桶	Baril	Fass	Barril	Бочка	Barril	木桶	樽	Varil	Sud	Barile
StructureWoodBench	Panchina di legno	Banco de madera	木椅	Banc en bois	Holzbank	Banco de madeira	Деревянная скамья	Banco de Madeira	木椅	木のベンチ	Ahşap Bank	Dřevěná lavice	Panchina di legno
StructureStoneBench	Panchina di pietra	Banco de piedra	石椅	Banc en pierre	Steinbank	Banco de pedra	Каменная скамья	Banco de Pedra	石椅	石のベンチ	Taş Bank	Kamená lavice	Panchina di pietra
StructureFlowerDirtMound	Fiori	Flores	鲜花	Fleurs	Blumen	Flores	Цветы	Flores	鮮花	花	Çiçekler	Květiny	Fiori
StructureFlowerPlanterRect	Fiore Planter Box	Caja de flores	鲜花种植盒	Jardinière	Blumentopf	Caixa de Flores	Ящик с цветами	Caixa para Vaso de Flores	花卉種植盒	花のプランターボックス	Çiçek Ekici Kutusu	Box na květináče	Fiore Planter Box
StructurePottedPlant	Pianta in vaso	Planta en maceta	盆栽植物	Plante en pot	Topfpflanze	Vaso de Plantas	Растение в горшке	Vaso de Plantas	盆栽植物	鉢植え	Saksı bitkisi	Hrnková rostlina	Pianta in vaso
StructurePottedFlowers	Fiori in vaso	Flores en maceta	盆栽花卉	Fleurs en pot	Topfblumen	Vaso de Flores	Цветы в горшке	Vaso de Flores	盆栽花卉	鉢植えの花	Saksı çiçekleri	Hrnkové květiny	Fiori in vaso
LogicGateTypeAnd	E	Y	与	Et	UND - And	E	И	E	及 (AND)	And	Ve	a	E
LogicGateTypeOr	O	O	或	Ou	ODER - Or	Ou	ИЛИ	OU	或 (OR)	Or	Veya	nebo	O
LogicGateTypeNot	Non	No	非	Non	NICHT - Not	Não	НЕ	NÃO	反 (NOT)	Not	Olumsuz	Ne	Non
LogicGateTypeNand	Nand	Nand	与非	Non-Et	NICHT UND - Nand	Ne	И-НЕ	NÃO-E	反及 (NAND)	Nand	Nand	Nand.	Nand
LogicGateTypeNor	Né	Ni	或非	Non-Ou	NICHT ODER - Nor	Nou	ИЛИ-НЕ	NÃO-OU	反或 (NOR)	Nor	ne de	Ani	Né
LogicGateTypeXor	Xor	Xor	异或	Ou exclusif	EXLUSIVES ODER - Xor	Xou	Исключающее ИЛИ	X-OU	互斥或 (XOR)	Xor	Xor	Xor.	Xor
LogicGateTypeXnor	XNOR	Xnor	异或非	Non-Ou exclusif	EXLUSIVES NICHT ODER - Xnor	Xnou	Иск. ИЛИ с инверс.	X-NÃO-OU	互斥反或 (XNOR)	Xnor	Xnor	Xnor.	XNOR
StructureMaterialFramedStone	Stone incorniciato	Piedra pulida	木框石	Pierres encadrées	Gerahmter Stein	Pedra emoldurada	Обработанный камень	Pedra Moldada	木框石	補強石	Çerçeveli Taş	Opracovaný kámen	Stone incorniciato
StructureMaterialHedge	Siepe	Cobertura	树篱	Haie	Hecke	Cobertura	Зелень	Sebe	樹籬	生垣	Çit	Živý plot	Siepe
StructureMaterialIron	Ferro da stiro	Hierro	铁	Fer	Eisen	Ferro	Железо	Ferro	鐵	鉄	Ütü	Železo	Ferro da stiro
StructureMaterialCopper	Rame	Cobre	铜	Cuivre	Kupfer	Cobre	Медь	Cobre	銅	銅	Bakır	Měď	Rame
StructureMaterialBrick	Mattone	Ladrillo	砖	Brique	Ziegel	Tijolo	Кирпич	Tijolo	紅磚	レンガ	Tuğla	Cihla	Mattone
StructureMaterialGold	Oro	Oro	金	Or	Gold	Ouro	Золото	Ouro	金	金	Altın	Zlato	Oro
StructureMaterialSilver	D'argento	Plata	银	Argent	Silber	Prata	Серебро	Prata	銀	銀	Gümüş	Střibro	D'argento
StructureMaterialSandstone	Arenaria	Arenisca	砂岩	Grès	Sandstein	Arenito	Песчаник	Arenito	砂岩	砂岩	Kumtaşı	Pískovec	Arenaria
StructureMaterialDirt	Sporco	Tierra	泥土	Terre	Erde	Sujeira	Грязь	Sujeira	泥土	土	Kir	Špína	Sporco
StructureModelScaffoldBlock	Blocco di scaffold.	Bloque de andamio	脚手架块	Bloc d'échafaudage	Gerüstblock	Bloco de andaimes.	Блок строительных лесов	Bloco de Andaime	鷹架塊	足場(ブロック)	İskele Bloğu	Blok lešení	Blocco di scaffold.
StructureModelScaffoldRamp	Rampa di scaffold.	Rampa de andamio	脚手架斜坡	Rampe d'échafaudage	Gerüstrampe	Rampa de andaimenta	Склон стоительных лесов	Rampa de Andaime	鷹架斜坡	足場(斜面)	İskele Rampası	Lešeňový oblouk	Rampa di scaffold.
StructureModelScaffoldArch	Arco di scaffold	Arco de andamio	脚手架拱门	Arche d'échafaudage	Gerüstbogen	Arco do andaime	Арка строительных лесов	Arco de Andaime	鷹架拱門	足場(アーチ)	İskele Kemeri	Lešeňová rampa	Arco di scaffold
StructureModelBlock	Bloccare	Bloque	块	Bloc	Block	Bloquear	Блок	Bloco	塊	ブロック	Engellemek	Blok	Bloccare
StructureModelRamp	Rampa	Rampa	斜坡	Rampe	Rampe	Rampa	Склон	Rampa	斜坡	斜面	Rampa	Rampa	Rampa
StructureModelStairs	Le scale	Escaleras	楼梯	Escaliers	Treppe	Escadaria	Лестница	Escada	樓梯	階段	Merdiven	Schody	Le scale
StructureModelPillar	Pilastro	Pilar	支柱	Pilier	Säule	Pilar	Столб	Pilar	支柱	柱	Sütun	Pilíř	Pilastro
StructureModelPlatform	piattaforma	Plataforma	平台	Plateforme	Plattform	Plataforma	Платформа	Plataforma	平台	プラットフォーム	platformu	Plošina	piattaforma
StructureModelFence	Recinzione	Valla	栅栏	Clôture	Zaun	Cerca	Изгородь	Cerca	柵欄	フェンス	Çit	Plot	Recinzione
StructureModelWall	parete	Pared	墙	Mur	Wand	muro	Стена	Muro	牆	壁	Duvar	Stěna	parete
TownSpecialty	Specialità della città	Especialidad de la ciudad	城镇专业	Spécialité	Stadtspezialität	Cidade Especializada	Специальность	Especialidade da Cidade	城鎮專業	町の特色	Kasaba Uzmanlığı	Specialita města	Specialità della città
TownSpecialtyNone	Nessuna specialità	Sin especialidad	没有专业	Pas de spécialité	Keine Spezialität	Sem especialidade	Без специальности	Nenhuma Especialidade	沒有專業	特色なし	Uzmanlık Yok	Žádná specialita	Nessuna specialità
TownSpecialtyProcessing	in lavorazione	Procesando	加工	Traitement	Verarbeitung	Em processamento	Обработка	Processamento	加工	加工	İşleme	Zpracovatelství	in lavorazione
TownSpecialtyIndustry	Industria	Industria	工业	Industrie	Industrie	Indústria	Промышленность	Indústria	工業	産業	Endüstri	Průmysl	Industria
TownSpecialtyArtistry	Artistico	Arte	艺术	Talent artistique	Kunst	Arte	Артистизм	Artesanato	藝術	芸術	Sanat	Umění	Artistico
TownSpecialtyMagic	Magia	Magia	魔法	Magie	Magie	Magia	Магия	Magia	魔法	魔術	Büyü	Kouzlo	Magia
TownSpecialtyKnowledge	Conoscenza	Conocimiento	知识	Connaissances	Wissen	Conhecimento	Знание	Conhecimento	知識	学術	Bilgi	Znalost	Conoscenza
TownSpecialtyCommerce	Commercio	Comercio	商业	Commerce	Wirtschaft	Comércio	Коммерция	Comércio	商業	商業	Ticaret	Obchod	Commercio
TownSpecialtyDesc	Potenzialmente raddoppia la produzione di ricette correlate. La probabilità aumenta con il livello del centro città	Potencialmente duplica la salida de las recetas relacionadas. La probabilidad aumenta con el nivel del Centro de la Ciudad	可能会使相关配方的输出加倍。概率随着城镇中心等级的增加而增加	Double potentiellement la sortie des recettes apparentées. Les probabilités augmentent en fonction du niveau du centre-ville	Verdoppelt die Ausgabe von zugehörigen Rezepten.	Potencialmente dobra a saída de receitas relacionadas. Probabilidade aumenta com o nível do centro da cidade	Удваивает производство определенных рецептов	Potencialmente dobra a produção de receitas relacionadas. A probabilidade aumenta com o nível do Centro da Cidade	可能使相關配方的輸出翻倍。 概率隨著城鎮中心等級的增加而增加	関連するレシピの生産量が2倍になります	İlgili tariflerin çıktısını potansiyel olarak iki katına çıkarır. Olasılık Şehir Merkezi seviyesi arttıkça artar	Potenciálně zdvojnásobuje výstup souvisejících receptů. Pravděpodobnost se zvyšuje s úrovní centra města	Potenzialmente raddoppia la produzione di ricette correlate. La probabilità aumenta con il livello del centro città
TownSpecialtyDescCommerce	Raddoppia gli oggetti di velocità sono consumati da case, consente guadagni molto più rapidi delle monete	Duplica la velocidad a la que se consumen los artículos en las Casas, permite ganar monedas más rápidamente	房屋消耗物品的速度加倍，可以更快速获得收益。	Double la vitesse de consommation des objets par les maisons, permettant un gain de pièces plus rapide.	Verdoppelt die Geschwindigkeit des konsumierens von Waren bei Häusern, erlaubt größeren Profit.	Duplas os itens de velocidade são consumidos por casas, permite lucros de moedas muito mais rápidas	Удваивает потребление товаров домами, что увеличивает производство монет	Dobra a velocidade com que os itens são consumidos pelas Casas, permitindo ganhos de moedas muito mais rápidos	房屋消耗物品的速度加倍，可以更快地獲得硬幣。	住宅のアイテムを消費するスピードが2倍になり、より早くコインを稼げるようになります	Haneler tarafından tüketilen eşyaların hızı iki katına çıkar, çok daha hızlı para kazanma olanağı sağlanır	Zdvojnásobuje rychlost, kterou domy spotřebovávají zboží, a umožňuje mnohem rychlejší vydělávání mincí	Raddoppia gli oggetti di velocità sono consumati da case, consente guadagni molto più rapidi delle monete
TownSpecialtyDescKnowledge	Raddoppia la produzione di ricette correlate, raddoppia anche il rendimento acquisito dall'attività di ricerca	Duplica la salida de las recetas relacionadas, también duplica los conocimientos obtenidos de la Investigación	相关配方的产量加倍，研究活动获得的知识也加倍	Double la sortie des recettes apparentées, mais double aussi les connaissances gagnées par la recherche.	Verdoppelt die Ausgabe von zugehörigen Rezepten,  verdoppelt auch das Wissen, welches durch Forschung erarbeitet wird.	Duplica a saída de receitas relacionadas, também duplica o Knowlege ganho da atividade de pesquisa	Удваивает производство определенных рецептов, а так же скорость исследования	Dobra a produção de receitas relacionadas e também dobra o conhecimento obtido com a atividade de pesquisa	相關配方的產量加倍，研究活動獲得的知識也加倍	関連レシピの生産量が2倍になり、また研究で得られる知識量も2倍になります	İlgili tariflerin çıktısını iki katına çıkarır, ayrıca Araştırma faaliyetinden elde edilen bilgiyi de iki katına çıkarır	Zdvojnásobuje výstup receptur a také zdvojnásobuje znalosti získané z výzkumné činnosti	Raddoppia la produzione di ricette correlate, raddoppia anche il rendimento acquisito dall'attività di ricerca
Terrain	Terreno	Terreno	地形	Terrain	Terrain	Terreno	Местность	Terreno	地形	地形	Arazi	Terén	Terreno
TerrainTypeGrass	Erba	Hierba	草地	Herbe	Gras	Relva	Трава	Gramado	草地	草地	Çimen	Tráva	Erba
TerrainTypeDarkGrass	Erba profonda	Hierba densa	深草	Herbe haute	Hohes Gras	profundo grama	Высокая трава	Grama Profunda	深草	草原	Derin Çim	Hluboká tráva	Erba profonda
TerrainTypeRock	Musica rock	Roca	岩石	Roche 	Felsen	Rocha	Камень	Rocha	岩石	岩場	Kaynak	Skála	Musica rock
TerrainTypeSand	Sabbia del deserto	Arena del desierto	沙漠	Sable du désert	Wüstensand	Areia do deserto	Пустыня	Areia do Deserto	沙漠	砂漠	Çöl kumu	Pouštní písek	Sabbia del deserto
TerrainTypeBeachSand	Sabbia della spiaggia	Arena de playa	沙滩	Sable de plage	Strandsand	Areia da praia	Пляж	Areia da Praia	沙灘	砂浜	Sahil kumu	Plážový písek	Sabbia della spiaggia
TerrainTypeFarmland	Terreni agricoli	Tierras de cultivo	农田	Terres fertiles	Ackerland	Farmland	Сельскохозяйственные поля	Terrenos Agrícolas	農地	農地	Tarım arazisi	Zemědělská půda	Terreni agricoli
TerrainTypeSnow	Neve	Nieve	雪地	Neige	Schnee	Neve	Снег	Neve	雪地	雪原	Kar	Sníh	Neve
TerrainTypeLava	Lava	Lava	岩浆	Lave	Lava	Lava	Лава	Lava	岩漿	溶岩	Lav	Láva	Lava
TerrainTypeWater	Acqua	Agua	水域	Eau	Wasser	Água	Вода	Água	水域	水面	su	Voda	Acqua
TerrainTypeTropical	Tropicale	Tropical	热带	Tropical	Tropisch	Tropical	Тропики	Tropical	熱帶	熱帯	Tropikal	Tropický	Tropicale
TerrainTypeMud	Fango	Barro	泥地	Boue	Schlamm	Lama	Грязь	Lama	泥地	泥土	Çamur	Bláto	Fango
TerrainGenPatternBeach	Spiaggia	Playa	海滩	Plage	Strand	Praia	Пляж	Praia	海灘	ビーチ	#N/A	#N/A	Spiaggia
TerrainGenPatternMountains	Montagne	Montañas	山脉	Montagnes	Berge	Montanhas	Горы	Montanhas	山	山	#N/A	#N/A	Montagne
TerrainGenPatternTropicalShore	Shore tropicale	Costa tropical	热带海岸	Rivage Tropical	Tropenufer	Costa Tropical	Тропический берег	Costa Tropical	熱帶海岸	熱帯海岸	#N/A	#N/A	Shore tropicale
TerrainTypeSwamp	Pantano	Pantano	沼泽	Marais	Sumpf	Pântano	Болота	Pântano	沼澤	沼地	Bataklık	Bažina	Pantano
WelcomeHeader	Benvenuto(a) in Factory Town!	¡Bienvenido a Factory Town!	欢迎来到 Factory Town ！	Bienvenue dans Factory Town !	Willkommen zu Factory Town!	Bem vindo a Factory Town!	Добро пожаловать в Factory Town!	Bem Vindo a Factory Town!	歡迎來到 Factory Town ！	Factory Townへようこそ！	Factory Town'a hoş geldiniz!	Vítejte ve Factory Town!	Benvenuto(a) in Factory Town!
WelcomeMessage	All'inizio di ogni mappa hai solo pochi lavoratori, ma man mano che costruirai case, aggiornerai la tua base e completerai le ricerche, presto avrai una rete completamente automatizzata di nastri trasportatori e linee ferroviarie. Dopodiché potrai sbloccare le tecnologie avanzate basate sulla magia per raggiungere un'ottimizzazione estrema!	¡Felicitaciones por comenzar una nueva ciudad! Ahora solo tienes unos pocos trabajadores, pero a medida de que construyas Casas, mejores tu Centro Ciudad, y completes investigaciones, pronto tendrás una red automática de vias y cintas transportadoras. ¡Después desbloquea tecnología mágica para lograr una optimización extrema!	在每张地图开始时，您只有少数工人 – 但随着您建造房屋、升级城镇中心并完成研究，您很快就会拥有一个完全自动化的传送带和铁路网络。然后解锁高级魔法科技，实现极致优化！	Au début de chaque carte, vous ne disposez que de quelques Travailleurs - mais lors de la construction de Maisons, de l'amélioration de votre Centre-Ville et de la Recherche, vous disposerez bientôt d'un réseau entièrement automatisé de Tapis roulants et de Rails. Déverrouillez ensuite une technologie avancée grâce à la Magie pour obtenir une optimisation extrême !	Zu Beginn gibt es nur ein paar Arbeiter. Doch durch Forschung und Entwicklung bildet sich bald ein Netzwerk an Förderbändern und Produktionsketten. Wenn schließlich die Magie noch ins Spiel kommt, steht der endgültigen Optimierung nichts mehr im Weg.	No inicio de cada mapa apenas podes utilizar alguns construtores - Mas á medida que constrois mais casas, melhoras a base e completas pesquisas, breve terás uma completa rede automatica de passadeiras rolantes e caminhos de ferro. Depois, desbloqueia Tecnologia avançada de Magia para atingir optimização extrema.	В начале каждой игры у вас есть только несколько рабочих, но по мере строительства зданий, улучшения базы и завершения исследований, у вас обязательно появится полностью автоматизированная сеть конвейерных лент и железнодорожных линий. После этого вы сможете разблокировать улучшенные магические технологии для достижения высочайшей производительности вашего города!	No início de cada mapa, você tem apenas alguns trabalhadores, mas, à medida que constrói casas, Melhora o Centro da Cidade e conclui pesquisas, logo terá uma rede totalmente automatizada de  Esteiras e Linhas Ferroviárias. Em seguida, desbloqueie a magia avançada.	在每張地圖開始時，您只有少數工人 - 但隨著您建造房屋、升級城鎮中心並完成研究，您很快就會擁有一個完全自動化的輸送帶和鐵路網絡。 然後解鎖高級魔法科技，實現極致優化！	各マップの始めには、ほんの数人のワーカーしかいません\nしかし、住宅を建て、町の中心をアップグレードし、研究を進めることで、\n搬送ベルトと鉄道で完全に自動化されたネットワークが構築できます\nそして高度な魔法技術を見つけ出し、究極の最適化を目指しましょう！	Her haritanın başlangıcında yalnızca birkaç işçiniz vardır; ancak Evler inşa ettikçe, Şehir Merkezinizi yükselttikçe ve Araştırmayı tamamladıkça, kısa sürede tam otomatik bir taşıma bantları ve demiryolu hatları ağına sahip olacaksınız. Ardından olağanüstü optimizasyona ulaşmak için gelişmiş sihir destekli teknolojinin kilidini açın!	Na začátku každé mapy máte jen pár pracovníků – ale jak budete stavět domy, upgradovat své městské centrum a dokončovat výzkum, brzy budete mít plně automatizovanou síť dopravníkových pásů a železničních tratí. Pak odemkněte pokročilou technologii poháněnou magií, abyste dosáhli extrémní optimalizace!	All'inizio di ogni mappa hai solo pochi lavoratori, ma man mano che costruirai case, aggiornerai la tua base e completerai le ricerche, presto avrai una rete completamente automatizzata di nastri trasportatori e linee ferroviarie. Dopodiché potrai sbloccare le tecnologie avanzate basate sulla magia per raggiungere un'ottimizzazione estrema!
TutorialStateBuildBase	costruire Base	Construir Centro Ciudad	建造城镇中心	Construire le Centre-Ville	Baue eine Basis	Constua a sua Base	Строительство Городского центра	Construir o Centro da Cidade	建造城鎮中心	町の中心を建設する	Şehir Merkezi İnşa Et	Vybudovat centrum města	costruire Base
TutorialStateGatherWood	Raccogliere la legna	Conseguir Madera	采集木头	Récolter du Bois	Sammle Holz	Reúna Madeira	Добыча Дерева	Reunir madeira	採集木頭	木材を集める	Tahta toplayın	Sbírat dřevo	Raccogliere la legna
TutorialStateBuildHouse	Costruire una casa	Construir Casa	建造房屋	Construire une Maison	Baue ein Haus	Construa Casas	Строительство Домов	Construir uma casa	建造房屋	住宅を建てる	Ev inşa et	Postavit dům	Costruire una casa
TutorialStateCreateWorker	Assumere i lavoratori	Crear Trabajadores	创建工人	Recruter des Travailleurs	Erschaffe einen Arbeiter	Crie Trabalhadores	Создание Рабочих	Criar trabalhadores	創建工人	ワーカーを作成する	İşçi Yarat	Vytvořit pracovníky	Assumere i lavoratori
TutorialStateSupplyHouse	Rifornire le case	Suministrar Casa	为房屋供货	Approvisionner une Maison	Beliefere ein Haus	Forneça as Casas	Снабжение Домов	Suprir as Casas	供應房屋	住宅に商品を供給する	Tedarik Evi	Zásobovat domy	Rifornire le case
TutorialStateBuildPath	Costruire i sentieri	Construir Camino	建造道路	Construire un Chemin	Baue einen Weg	Construa Caminhos	Строительство Дорог	Construir caminho	建造道路	歩道を作成する	Yol Oluştur	Stavět cestu	Costruire i sentieri
TutorialStateBuildLumberMill	Costruire una segheria	Construir Aserradero	建造锯木厂	Construire une Scierie	Baue ein Sägewerk	Construa uma Carpintaria	Строительство Лесопилки	Construir Serralheria	建造木材坊	製材所を建てる	Kereste Fabrikası İnşa Et	Postavit dřevorubce	Costruire una segheria
TutorialStateSelectLumberMillRecipe	Assegnare plance Ricetta	Asignar Receta para Tablas	分配木板配方	Assigner une recette de Planches	Zuweisung Bretter-Rezept	Defina a produção de Placas de Madeiras	Производство Досок	Atribuir receita de Tábuas	分配木板配方	木の板のレシピを割り当てる	Plank Tarifini Ata	Přiřadit recept na prkna	Assegnare plance Ricetta
TutorialStateBringWoodToLumberMill	Rifornire la segheria	Suministra madera al aserradero	生产木板	Fabriquer une planche	Beliefere ein Sägewerk	Forneça a Carpintaria	Снабжение Лесопилки	Criar Tábuas	生產木板	木の板の作成	Zanaat Tahtası	Vytvořit prkno	Rifornire la segheria
TutorialStateCollectPlanks	Ottenere le tavole	Recolectar Tablas	收集木板	Récupérer des Planches	Sammle Bretter	Recolha as placas de madeira	Собрать Доски	Coletar tábuas	收集木板	木の板を集める	Kalasları Topla	Sbírat prkna	Ottenere le tavole
TutorialStateBuildGrainMill	Costruire un frantoio	Construir Molino	建造磨坊	Construire un Moulin à nourriture	Baue eine Kornmühle	Construa um Moinho de Cereais	Строительство Мельницы	Construir Moinho de Grãos	建造食材坊	食品工場を建設する	Gıda Değirmeni İnşa Et	Postavit mlýn	Costruire un frantoio
TutorialStateSellFlour	Vendere la farina	Vender Harina	销售面粉	Vendre la Farine	Verkaufe Mehl	Vender Farinha	Продажа Муки	Vender Farinha	出售麵粉	小麦粉を販売する	Un Sat	Prodávat mouku	Vendere la farina
TutorialStateBuildSchool	Costruire una scuola	Construir Colegio	建造学校	Construire une École	Baue eine Schule	Construa uma escola	Строительство Школы	Construir uma Escola	建造學校	学校を建てる	Okul İnşa Et	Postavit školu	Costruire una scuola
TutorialStateCraftPaper	Creare la carta	Crear Papel	制造纸张	Fabriquer du Papier	Stelle Papier her	Faça Papel	Производство Бумаги	Criar Papel	生產紙張	紙を作る	Kraft Kağıt	Vytvořit papír	Creare la carta
TutorialStateCompleteResearch	Completare una ricerca	Completar Investigación	完成研究	Finaliser la Recherche	Beende eine Forschung	Conclua a Pesquisa	Завершить исследование	Completa uma Pesquisa	完成研究	研究を完了させる	Araştırmayı Tamamla	Kompletní výzkum	Completare una ricerca
TutorialStateBuildMarket	Costruire il mercato	Construir Mercado Alimenticio	建造市场	Construire un Marché alimentaire	Bauen einen Markt	Contrua um mercado de comida	Строительство Рынка	Construir Mercado de Alimentos	建造食物市場	食品市場を建てる	Gıda Pazarı İnşa Et	Vybudovat potravinový trh	Costruire il mercato
TutorialStateSupplyMarket	Rifornire il mercato	Suministrar Mercado Alimenticio	为市场供货	Approvisionner le Marché alimentaire	Beliefere einen Markt	Abasteca o mercado de comida	Снабжение Рынка	Abasteça o Mercado de Alimentos	供應食物市場	食品市場に商品を供給する	Tedarik Gıda Pazarı	Zásobovat potravinový trh	Rifornire il mercato
TutorialStateSupplyGeneralGoods	Fornire il negozio generale	Suministre a la Tienda General	供应杂货商店	Approvisionner le magasin général	Generalladen versorgen	Fornecer loja geral.	Поставка общего магазина	Loja de Suprimentos Gerais	供應一般商店	雑貨店への供給	Tedarik Genel Mağazası	Zásobování smíšeným zbožím	Fornire il negozio generale
TutorialStateUpgradeBase	Base di aggiornamento	Mejorar Centro Ciudad	升级城镇中心	Améliorer le Centre-Ville	Verbessere deine Basis	Melhorar Base	Улучшение Городского центра	Melhore o Centro da Cidade	升級城鎮中心	町の中心をアップグレードする	Şehir Merkezini Yükselt	Upgrade centra města	Base di aggiornamento
TutorialStateUpgradeBaseAgain	Aggiornamento Base Anche in questo caso	Mejorar Centro Ciudad de nuevo	再次升级城镇中心	Améliorer le Centre-Ville encore une fois	Verbessere deine Basis noch einmal	Melhorar Base novamente	Новое улучшение Городского центра	Melhore o Centro da Cidade novamente	再次升級城鎮中心	さらに町の中心をアップグレードする	Şehir Merkezini Tekrar Yükselt	Znovu upgradujte centrum města	Aggiornamento Base Anche in questo caso
TutorialStateBuildGeneralGoods	Costruire un emporio	Construir Bienes Generales	建造杂货市场	Construire un Magasin général	Stelle allgemeine Waren her	Contrua uma loja de bens comuns	Строительство Магазина	Construir um Armazém Geral	建造一般商店	雑貨店を建てる	Market Oluştur	Vybudovat obchod se smíšeným zbožím	Costruire un emporio
TutorialStateEarnRedCoin	Guadagnare monete rosse	Conseguir Moneda Roja	赚取红币	Gagner une Pièce rouge	Verdiene rote Münzen	Ganhe moedas vermelhas	Заработать Красные монеты	Ganhe Moedas Vermelhas	賺取紅幣	赤コインを得る	Kırmızı Para Kazanın	Získejte červenou minci	Guadagnare monete rosse
TutorialStateUpgradeHouse	Aggiornare le case	Mejorar Casa	升级房屋	Améliorer une Maison	Verbessere ein Haus	Melhorar Casa	Улучшение Домов	Faça uma Melhoria de Casa	升級房屋	住宅をアップグレードする	Evi Yükselt	Vylepšit dům	Aggiornare le case
TutorialStateSupplyUpgradedHouse	Materiali di alimentazione Casa	Suministrar materiales a la Casa	为升级住宅供货	Approvisionner la Maison avec des matériaux	Liefere Hausmaterial	Forneça materais nas casas	Снабжение Домов материалами	Fornecer Materiais para as Casa	供應房屋材料	住宅に材料を供給する	Tedarik Evi Malzemeleri	Zásobovat dům materiály	Materiali di alimentazione Casa
TutorialStateBuildWorkshop	Costruire un officina	Construir Taller	建造制造工坊	Construire un Atelier	Baue eine Werkstatt	Contrua uma Oficina	Строительство Мастерской	Construir uma Oficina	建造工坊	工房を建てる	Atölye Oluştur	Postavit dílnu	Costruire un officina
TutorialStateBuildBarn	costruire Barn	Construir Granero	建造仓库	Construire une Grange	Baue ein Lager	Construa um Celeiro	Строительство Амбара	Construir um Celeiro	建造穀倉	倉庫を建てる	Ahır inşa et	Postavit stodolu	costruire Barn
TutorialStateCreateWagon	Creare un carro	Crear Vagón	创建手推车	Créer un Chariot	Erstelle einen Wagen	Crie uma Carroça	Создание Тележки	Criar uma Carroça	創建手推車	ワゴンを作成する	Vagon Oluştur	Vytvořit vůz	Creare un carro
TutorialStateBuildChute	Costruire uno scivolo	Construir Tolva	建造滑道	Construire une Glissière	Baue eine Rutsche	Construir Calha	Строительство Желоба	Construir uma Calha	建造滑槽	シュートを作る	Paraşüt inşa et	Postavit skluzavku	Costruire uno scivolo
TutorialStateSupplyChute	Rifornire gli scivoli	Suministrar Tolva	为滑道供货	Approvisionner la Glissière	Beliefere eine Rutsche	Fornecer à Calha	Снабжение по Желобу	Abaster a Calha	供應滑槽	シュートに材料を供給する	Tedarik Oluğu	Použijte skluzavku	Rifornire gli scivoli
TutorialStateFinishTutorial	Fine del Tutorial	Fin del Tutorial	教程结束	Fin du tutoriel	Ende des Tutorials	Fim do Tutorial	Конец обучения	Fim do Tutorial	教程結束	チュートリアル終了	Eğitimin Sonu	Konec tutoriálu	Fine del Tutorial
TutorialPopupSteamGenerator	Generatori di vapore possono inviare la pressione del vapore a vari edifici di produzione attraverso Tubi di vapore. Il vapore aumentare la velocità di produzione, ma non sostituirà la necessità di una fonte di calore / carburante.	Los generadores de vapor pueden enviar presión de vapor a varios edificios de producción a través de tuberías de vapor. El vapor aumentará la velocidad de producción, pero no reemplazará la necesidad de una fuente de calor / combustible.	蒸汽产生器可以通过管道将蒸汽传输到不同的生产建筑中，从而提高生产速度，但不会取代所需的热能或燃料。	Les Générateurs de vapeur peuvent envoyer de la vapeur sous pression à divers bâtiments de production via des Tuyaux de vapeur. La Vapeur augmentera la vitesse de production, mais ne remplacera pas le besoin d'une source de chaleur ou d'un combustible.	Der Dampferzeuger kann Dampfdruck über Leitungen zu Produktionsstätten schicken. Dies erhöht deren Produktion, kann aber keine Wärme/Kraftstoffquelle ersetzen.	Geradores de vapor podem enviar vapor para varios edificios atraves de tubos de vapor. O Vapor vai aumentar a velocidade de produção, mas nao vai substituir a necessidade de calor/fonte de combustivel	Парогенераторы могут передавать пар по Паропроводу в различные производственные здания. Пар увеличивает скорость производства, но не заменяет топливо.	Os Geradores a Vapor podem enviar pressão de vapor para vários edifícios de produção por meio de Tubos de Vapor. O Vapor aumentará a velocidade de produção, mas não substituirá a necessidade de uma fonte de calor/combustível.	蒸汽產生器可以通過蒸汽管道將蒸汽動力輸送到各個生產廠房。 蒸汽會提高生產速度，但不會取代對熱/燃料的需求。	蒸気ジェネレータは蒸気パイプを通して\n様々な生産施設に蒸気を送ることができます\n蒸気は生産速度を上げますが、燃料の代わりにはなりません	Buhar Jeneratörleri, Buhar Boruları aracılığıyla çeşitli üretim binalarına buhar basıncı gönderebilir. Buhar, üretim hızını artıracak ancak ısı/yakıt kaynağı ihtiyacının yerini almayacak.	Parní generátory mohou posílat páru do různých výrobních budov prostřednictvím parních trubek. Pára zvýší rychlost výroby, ale nenahradí potřebu zdroje tepla / paliva.	Generatori di vapore possono inviare la pressione del vapore a vari edifici di produzione attraverso Tubi di vapore. Il vapore aumentare la velocità di produzione, ma non sostituirà la necessità di una fonte di calore / carburante.
TutorialPopupFarming	Le fattorie raccoglieranno automaticamente le risorse vicine e le ripianteranno quando si esauriranno. Le caselle della fattoria, l'acqua e il fertilizzante influiranno ad accelerare le velocità di ricrescita delle colture.	Las granjas cosecharan automáticamente los recursos cercanos, y los replantarán cuando se agoten. Las casillas de granja, agua, y fertilizante aumentaran la velocidad de replantación.	农场会自动收割附近的资源，并在之后重新栽种。农场地块、水以及肥料可以提高生长速度。	Les Fermes récolteront automatiquement les ressources à proximité et les replanteront lorsqu'elles seront épuisées. Les Tuiles de ferme, l'Eau et l'Engrais accéléreront la vitesse de repousse des cultures.	Die Farm wird automatisch Ressourcen ab- und wieder anbauen. Wasser, Dünger sowie Farmfelder erhöhen die Geschwindigkeit	Fazendas vao automaticamente colher recursos proximos, e replantar quando esgotados. Campos de cultivo, água e fertelizantes aumentam a velocidade de crescimento	Фермы автоматически добывают подходящие ресурсы поблизости и повторно высаживают их, когда они исчерпаются. Поля Фермы, Вода и Удобрения ускоряют рост урожая.	As fazendas colherão automaticamente os recursos próximos e os replantarão quando estiverem esgotados. Nos terrenos de Cultivo, a água e o fertilizante aumentarão a velocidade de crescimento das plantações.	農場會自動收割附近的資源，並在耗盡時重新種植。 農地、水和肥料將加快作物再生速度。	農場は自動的に付近の資源を収穫し、植え直します\n農業タイルや追肥は作物の成長を速めるでしょう	Çiftlikler yakındaki kaynakları otomatik olarak toplayacak ve tükendiğinde yeniden ekecek. Çiftlik Fayansları, Su ve Gübre, mahsulün yeniden büyüme hızını artıracaktır.	Farmy automaticky sklidí okolní zdroje a po vyčerpání je znovu zasadí. Voda a hnojivo urychlí opětovný růst plodin.	Le fattorie raccoglieranno automaticamente le risorse vicine e le ripianteranno quando si esauriranno. Le caselle della fattoria, l'acqua e il fertilizzante influiranno ad accelerare le velocità di ricrescita delle colture.
TutorialPopupManaTransmission	I cristalli di mana possono essere inviati per lunghe distanze via eteree Tubi Mana. Un trasmettitore Mana li invierà in una rete di tubazioni, e di un ricevitore Mana per restituire gli articoli di tubature di nuovo alla loro forma fisica.	Los cristales de mana pueden ser enviados a largas distancias a traves de tuberías etéreas de mana. Un transmisor de mana los enviará a una red de tuberías, y un receptor de mana los devolverá a su forma física	魔力水晶可通过魔力管道进行远距输送。魔力传送器会将其送入管道网，而魔力接收器会将其还原为原本形态。	Les Cristaux de mana peuvent être envoyés sur de longues distances via des Tuyaux de mana. Un Émetteur de mana les enverra dans un réseau de canalisations et un Récepteur de mana ramènera les éléments acheminés sous leur forme physique.	Mana-Kristalle können über Manarohre verschickt werden. Ein Mana-Sender zerlegt sie und speist sie ein, ein Empfänger kristallisiert sie wieder.	Cristais de Mana podem ser enviados para longas distancias atraves de tubos de mana. Um transmissor de mana tambem os envia através da rede de tubagem, e um receptor de mana para devolver os items das tubagens para a sua forma original.	Кристаллы Маны можно передавать по Манопроводу. Передатчик отправляет их в трубопровод, а Приемник возвращает на поверхность.	Os Cristais de Nana podem ser enviados a longas distâncias por meio de Tubo de Mana Etéreos. Um Transmissor de Mana os enviará para uma rede de tubos e um Receptor de Mana devolverá os itens enviados de volta à sua forma física.	魔力結晶可以通過空靈的魔力管道遠距離傳送。 魔力輸送器將它們輸送到管道網絡中，魔力接收器將管道中的物品返回到它們的物理形態。	マナ結晶は、マナパイプを通じて遠くに送ることができます\nマナ送信機はアイテムをマナネットワークに送り、\nマナ受信機はマナネットワークからアイテムを元の形に戻します	Mana Kristalleri eterik Mana Boruları aracılığıyla uzun mesafelere gönderilebilir. Bir Mana Verici onları bir boru ağına gönderecek ve bir Mana Alıcısı da boruyla bağlanan öğeleri fiziksel biçimlerine geri döndürecek.	Mana krystaly lze posílat na velké vzdálenosti prostřednictvím Mana trubek. Mana vysílač je pošle do potrubní sítě a Mana přijímač vrátí zadané položky zpět do jejich fyzické podoby.	I cristalli di mana possono essere inviati per lunghe distanze via eteree Tubi Mana. Un trasmettitore Mana li invierà in una rete di tubazioni, e di un ricevitore Mana per restituire gli articoli di tubature di nuovo alla loro forma fisica.
TutorialPopupManaPower	Cristalli Mana immagazzinano energia misteriosa, che può essere utilizzata come fonte di energia per le ricette avanzate. Collegare un connettore Mana ad un edificio, quindi utilizzare Pipes Mana per inviare Cristalli al connettore. Cristalli impoverito dovranno essere ripristinata a piena potenza con un caricabatterie.	Los cristales de mana almacenan una energía misteriosa, la cual puede ser usada como un recurso de poder para recetas avanzadas. Conecta un conector de mana a un edificio, luego usa tuberías de mana para enviar energía al conector. Los cristales vacios necesitarán rellenarse al máximo con un Recargador.	魔力水晶包含神秘力量，可以作为高级配方的能量来源。为建筑建造魔力连接器，然后通过魔力管道将水晶送到连接器。枯竭的水晶可以通过充能器来恢复。	Les Cristaux de mana stockent une énergie mystérieuse, qui peut être utilisée comme source d’alimentation pour des recettes de pointe. Attachez un Connecteur à mana à un bâtiment, puis utilisez des Tuyaux à mana pour envoyer des Cristaux au connecteur. Les Cristaux épuisés devront être complètement chargés avec un rechargeur.	Manakristalle liefern geheimnisvolle Energie für die besten Rezepte. Sie müssen über eine Mana-Verbindung an das Gebäude geliefert und regelmäßig wieder aufgeladen werden.	Cristais de mana armazenam energia misteriosa, que pode ser utilizada como fonte de combustivel para pesquisas avancadas. Anexe um conector de mana num edificio, depois utiliza tubos de mana para enviar os cristais para o connector. cristais esgotados vão precisar de ser recarregados na totalidade com um carregador.	Кристаллы Маны наполнены таинственной силой, которая может использоваться в качестве источника энергии для сложных рецептов производства. Постройте под зданием Адаптер, а затем отправьте в него кристаллы по Манопроводу. Истощенные кристаллы можно восстанавливать с помощью Станции перезарядки.	Os Cristais de Mana armazenam energia misteriosa, que pode ser usada como fonte de energia para receitas avançadas. Fixe um conector de Mana em um edifício e use Tubos de Mana para enviar Cristais para o Conector. Os Cristais esgotados precisarão ser restaurados à Energia máxima com um Recarregador	魔力結晶儲存著神秘的能量，可以作為高級食譜的動力源。 將魔力連接器連接到建築，然後使用魔力管道將結晶發送到連接器。 耗盡的水晶需要使用充能器恢復到全功率。	マナ結晶は不思議なエネルギーを蓄えており、\n高度なレシピの材料として使われます\nマナコネクタを建物に取り付けてみてください	Mana Kristalleri, gelişmiş tarifler için güç kaynağı olarak kullanılabilen gizemli enerjiyi depolar. Bir binaya Mana Konektörü takın, ardından Mana Borularını kullanarak Kristalleri Konektöre gönderin. Tükenmiş Kristallerin bir Yeniden Şarj Edici ile tam güce geri getirilmesi gerekecektir.	Mana krystaly uchovávají tajemnou energii, kterou lze použít jako zdroj energie pro pokročilé recepty. Připojte Mana konektor k budově a poté použijte Mana trubky k odeslání krystalů do Konektoru. Vyčerpané krystaly bude nutné obnovit na plný výkon pomocí nabíječky.	Cristalli Mana immagazzinano energia misteriosa, che può essere utilizzata come fonte di energia per le ricette avanzate. Collegare un connettore Mana ad un edificio, quindi utilizzare Pipes Mana per inviare Cristalli al connettore. Cristalli impoverito dovranno essere ripristinata a piena potenza con un caricabatterie.
TutorialPopupChutes	Gli scivoli rappresentano un modo pratico per trasportare i beni su lunghe distanze. Ricorda che solo alcuni oggetti (principalmente le risorse naturali) rotoleranno lungo gli scivoli. Inoltre, potrebbe essere necessario ruotare i pezzi dello scivolo per assicurarsi che gli oggetti che rotolano viaggino nella direzione corretta quando raggiungono un'intersezione.	Las tolvas son formas útiles de transportar bienes a largas distancias. Ten en cuenta que algunos artículos (mayormente recursos naturales) rodaran cuesta abajo sobre las tolvas. También tendrás que rotar piezas de la tolva para asegurar que los artículos rueden en la dirección deseada cuando llegan a una interseccion.	滑道可以方便地长距离运输，但只有部分物品（通常是自然资源）可以顺着滑道滚动。你还可能需要转动滑道方向以确保在交叉路口时保持正确的运输方向。	Les Glissières sont des moyens pratiques de transporter des marchandises sur de longues distances. Notez que seuls certains objets (essentiellement les ressources naturelles) peuvent être placés dessus. Vous devrez peut-être également faire pivoter les morceaux de glissières pour vous assurer que les objets se déplacent dans la bonne direction lorsqu'ils atteignent une intersection. Prenez en compte que les objets ne seront capables de monter une pente dans une glissière qu'avec suffisamment d'élan...	Rutschen sind eine praktische Möglichkeit Gegenstände (meist natürliche Ressourcen) über weite Strecken zu transportieren. Es kann sein das du sie drehen musst damit Gegenstände in die richtige Richtung rollen wenn sie eine Abzweigung erreichen	Calhas são maneiras úteis para transporte de mercadorias a longas distâncias. Note que apenas alguns itens (principalmente recursos naturais) poderão ser usados. Também pode ser necessário rotacionar calhas para garantir que itens rolem na direção correta quando chegarem a um cruzamento.	Желоба, это один из способов перемещения предметов на большие расстояния. Обратите внимание, что только некоторые предметы (в основном природные ресурсы) могут перемещаться по желобам. Вы можете вращать секции желоба, чтобы катящиеся предметы передвигались в нужном направлении.	As calhas são formas úteis de transportar mercadorias por longas distâncias. Observe que apenas alguns itens (principalmente recursos naturais) rolam pelas Calhas. Além disso, talvez seja necessário girar as peças das Calhas para garantir que os itens rolados viajem na direção correta quando chegarem a uma interseção.	滑槽是長距離運輸貨物的便捷方式。 請注意，只有某些物品（主要是自然資源）會滾下滑槽。 此外，您可能需要旋轉滑槽部件以確保滾動的物品在到達交叉路口時以正確的方向移動。	シュートはアイテムを長距離輸送するのに便利です\nシュートには一部のアイテム（主に天然資源）を流すことができます\n交差がある場合は正しい方向へアイテムが流れるように、\nシュートを回転させる必要があるかもしれません	Oluklar, malları uzun mesafelere taşımanın kullanışlı yoludur. Sadece bazı öğelerin (çoğunlukla doğal kaynaklar) kanallardan aşağı yuvarlanacağını unutmayın. Ayrıca yuvarlanan öğelerin bir kavşağa ulaştıklarında doğru yönde hareket etmelerini sağlamak için oluk parçalarını döndürmeniz gerekebilir.	Skluzy jsou praktickým způsobem přepravy zboží na dlouhé vzdálenosti. Všimněte si, že pouze některé předměty (většinou přírodní zdroje) jsou schopny klouzat dolů. Také možná budete muset otočit kusy skluzu, abyste zajistili, že se srolované předměty budou pohybovat správným směrem, když dosáhnou křižovatky.	Gli scivoli rappresentano un modo pratico per trasportare i beni su lunghe distanze. Ricorda che solo alcuni oggetti (principalmente le risorse naturali) rotoleranno lungo gli scivoli. Inoltre, potrebbe essere necessario ruotare i pezzi dello scivolo per assicurarsi che gli oggetti che rotolano viaggino nella direzione corretta quando raggiungono un'intersezione.
TutorialPopupConveyorBelts	Nastri trasportatori sono strumenti critici per l'automazione vostra città. Disporli su piastrelle di fronte di un edificio e le risorse saranno automaticamente in uscita su di loro e portato via. È anche possibile alimentare direttamente le risorse in qualsiasi altra parte o il livello di un edificio da una cintura.	Las cintas transportadoras son herramientas críticas para automatizar tu ciudad. Colócalas sobre la casilla de salida de un edificio y los artículos seran automáticamente colocados sobre ella. Y también puedes alimentar recursos por cualquier lado o nivel de un edificio	传送带是实现城镇自动化的重要工具，把它们放置于建筑的产出口位置，资源就会自动放置于其上。你同样也可以于另一面或者另一层向建筑输入资源。	Les Tapis roulants sont des outils essentiels pour automatiser votre ville. Placez-les sur la tuile de sortie d'un bâtiment et les ressources y seront automatiquement placées. Vous pouvez directement alimenter des ressources de n'importe quel côté ou niveau d'un bâtiment.	Förderbänder sind eine ideale Möglichkeit die Stadt zu automatisieren. Sie können Ressourcen automatisch zu Gebäuden hin oder von ihnen wegtransportieren.	Correias transportadoras são ferramentas críticas para automatizar sua cidade. quando a frente de um edifício os recursos serão emitidos automaticamente sobre eles e serão carregados. Você também pode alimentar diretamente recursos em qualquer outro lado ou nível de um edifício.	Конвейеры являются критически важным инструментом автоматизации вашего города. Подсоедините их к выходу здания и предметы будут автоматически выгружаться на конвейер и отправляться дальше. Вы также можете сгружать ресурсы с конвейера в здание. Это можно делать с любой стороны здания и на любом уровне высоты. (на самом деле, макс. 3 блока вверх)	As Esterias são ferramentas essenciais para automatizar sua cidade. Coloque-as na grade da frente de um edifício e os recursos serão automaticamente colocados nelas e transportados. Você também pode alimentar diretamente os recursos em qualquer outro lado ou nível de um edifício a partir de uma esteira.	輸送帶是實現城鎮自動化的關鍵工具。 將它們放在建築的正面地上，資源將自動輸出並運輸。 您還可以直接從輸送帶將資源輸送到建築的任何其他側面或樓層。	搬送ベルトは町を自動化する重要な道具です\n建物の正面タイルに置くと、自動的に品物が搬送ベルトに出力され、移動します\n搬送ベルトから建物の他の側、他の高さに直接資源を供給することもできます	Konveyör Bantları şehrinizi otomatikleştirmek için kritik araçlardır. Bunları bir binanın ön döşemesine yerleştirdiğinizde kaynaklar otomatik olarak üzerlerine aktarılacak ve taşınacaktır. Ayrıca bir kemer aracılığıyla kaynakları doğrudan binanın herhangi bir tarafına veya seviyesine besleyebilirsiniz.	Dopravníkové pásy jsou důležitými nástroji pro automatizaci vašeho města. Umístěte je na přední dlaždici budovy a zdroje se na ně automaticky vydají a odnesou pryč. Zdroje můžete také přímo posílat na kteroukoli jinou stranu nebo úroveň budovy z pásu.	Nastri trasportatori sono strumenti critici per l'automazione vostra città. Disporli su piastrelle di fronte di un edificio e le risorse saranno automaticamente in uscita su di loro e portato via. È anche possibile alimentare direttamente le risorse in qualsiasi altra parte o il livello di un edificio da una cintura.
TutorialPopupLogisticBlocks	Logistica blocchi sono posti sulla parte superiore di cinture, scivoli, e Tubi per filtrare e reindirizzare merci viaggia verso il basso di loro. Grabber possono essere utilizzati per tirare merce da qualsiasi lato di un edificio su un percorso.	Los bloques logisticos se colocan sobre cintas, tolvas, y tuberias para filtrar y redirigir bienes viajando a traves de ellos. Los agarradores de pueden usar para tomar bienes de cualquier lado de un edificio y colocarlos en un camino.	将物流标记放置于滑道、传送带以及管道上，可以对其运输的货品进行过滤或者导向。抓手可以从一个建筑的任何一侧把货物抓取到路径上。	Les Blocs logistique sont placés au-dessus des Tapis roulants, des Glissières et des Tuyaux pour filtrer et rediriger les marchandises qui les acheminent. Les Pinces peuvent être utilisés pour sortir des marchandises de n’importe quel côté d’un bâtiment en direction d'un moyen de transport.	Logistik-Blöcke auf Rutschen oder Fließbändern können die Ressourcen filtern und weiterleiten. Greifer werden verwendet um Gebäude zu beliefern oder Waren auf das Band zu legen.	Blocos logísticos são colocados em cima de correias, calhas e canos para filtrar e redirecionar bens viajando por eles. Agarradores podem ser usados para puxar bens de qualquer lado de um edifício para um caminho.	Логистические блоки размещаются над Путепроводами и Трубопроводами для фильтрации и перенаправления предметов, которые перемещаются по ним. Граббер используется, когда нужно выгрузить предмет из здания на конвейер с какой-то определенной стороны.	Os blocos logísticos são colocados em cima de esterias, calhas e tubulações para filtrar e redirecionar as mercadorias que passam por eles. Os Pegadores podem ser usados para puxar mercadorias de qualquer lado de um edifício para um caminho.	物流塊被放置在輸送帶、滑槽和管道的頂部，以過濾和重定向沿它們移動的貨物。 抓取器可用於將貨物從建築的任何一側拉到路徑上。	物流ブロックは搬送ベルト、シュート、パイプの上に置かれ、通過する商品を\nフィルタリングしたり向きを変えたりします\nまたグラバーを使用すると、建物から搬送ベルトに商品を引き出すことができます	Lojistik Bloklar, aşağı doğru giden malları filtrelemek ve yönlendirmek için Kayışların, Kanalların ve Boruların üzerine yerleştirilir. Kavrayıcılar, malları bir binanın herhangi bir tarafından bir yola çekmek için kullanılabilir.	Logistické bloky jsou umístěny na pásech, skluzech a trubkách, aby filtrovaly a přesměrovávaly zboží putující po nich. Drapáky lze použít k vytažení zboží z jakékoli strany budovy na cestu.	Logistica blocchi sono posti sulla parte superiore di cinture, scivoli, e Tubi per filtrare e reindirizzare merci viaggia verso il basso di loro. Grabber possono essere utilizzati per tirare merce da qualsiasi lato di un edificio su un percorso.
TutorialPopupRails	Rails e minecarts può essere utilizzato per trasportare rapidamente un sacco di merci. Luogo Rails e si ferma ferroviario accanto a edifici per versare o prelevare merci da un edificio automaticamente. Impostare il filtro Item sul carrello minerario per limitare il tipo di merci raccolto.	Carriles y carros de mina pueden ser utilizados para transportar artículos rápidamente. Coloca carriles y Paradas de Carril al lado de edificios para depositar o recoger bienes automáticamente en edificios. Establece el filtro de objetos en el carro de la mina para restringir el tipo de bienes que se transportan	轨道和矿车可以快速地运输大量货物。在建筑旁放置轨道与矿车可以自动装卸建筑内的货物。可以在矿车上设定过滤选项以指定装载的货物类型。	Les Rails et et les Wagonnets peuvent être utilisés pour transporter rapidement des marchandises. Placez des Rails et des Butées de rails proche des bâtiments pour déposer ou retirer automatiquement les marchandises. Définissez le filtre d'objet sur le Wagonnet pour limiter le type de marchandises ramassées.	Schienen und Loren werden verwendet, um schnell viele Güter zu transportieren. Platziere Haltestellen an Gebäuden um Waren abzuliefern und aufzunehmen. Nutze dazu den Ressourcenfilter der Lore um die Ressourcen einzustellen, welche transportiert und geholt werden sollen	Trilhos e Minecarts podem ser usados ​​para transportar rapidamente muitas mercadorias. Coloque trilhos e paradas de trilhos próximos aos edifícios para depositar ou retirar mercadorias automaticamente de um edifício. Defina o Filtro de Itens no Minecart para restringir o tipo de mercadorias coletadas.	Вагонетки используются для быстрой перевозки большого количества товаров по Рельсам. Размещайте рельсы и ж/д остановки рядом со зданиями, чтобы автоматически загружать или разгружать предметы из них. Установите на Вагонетке фильтр, чтобы ограничить тип перевозимых предметов.	Os trilhos e os Carrinhos de Mina podem ser usados para transportar rapidamente muitos produtos. Coloque trilhos e paradas de trilhos ao lado de edifícios para depositar ou retirar mercadorias automaticamente de um edifício. Defina o Filtro de itens no Carrinho de Mina para restringir o tipo de mercadorias coletadas.	軌道和礦車可用於快速運送大量貨物。 將軌道和鐵路停靠站放置在建築旁邊，以自動從建築中存取貨物。 在礦車上設置物品過濾器以限制拾取的貨物類型。	レールとマインカートで鉄道を作ると、商品を大量かつ素早く輸送できます\n建物の横にレールを設置すると、建物内のアイテムを自動で出し入れできます\n取り扱うアイテムの種類を制限するためにはマインカートの\nアイテムフィルターを設定します	Raylar ve Minecart'lar birçok malı hızlı bir şekilde taşımak için kullanılabilir. Malları bir binaya otomatik olarak bırakmak veya binadan çekmek için binaların yanına Raylar ve Ray Durdurucuları yerleştirin. Alınan malların türünü kısıtlamak için Minecart'taki Öğe Filtresini ayarlayın.	Vlaky a vozíky lze použít k rychlé přepravě velkého množství zboží. Umístěte koleje a železniční zastávky vedle budov, abyste automaticky vložili nebo odebrali zboží z budovy. Nastavte Filtr položek na vozících pro omezení typu vyzvednutého zboží.	Rails e minecarts può essere utilizzato per trasportare rapidamente un sacco di merci. Luogo Rails e si ferma ferroviario accanto a edifici per versare o prelevare merci da un edificio automaticamente. Impostare il filtro Item sul carrello minerario per limitare il tipo di merci raccolto.
TutorialPopupWorkerDragCommand	Spesso si vuole dire a un lavoratore di fornire un elemento specifico per uno specifico edificio. Per fare questo, fare clic e trascinare dalla sorgente elemento dell'edificio o blocco di destinazione.	A menudo, querrá decirle a un trabajador que entregue un artículo específico a un edificio específico. Para hacer esto, haga clic y arrastre desde la fuente del elemento al edificio o bloque de destino.	你可能经常需要让工人运送特定的物品到特定的建筑里，方法是将物品从来源处拖动到目标建筑或者格子上。	Souvent, vous demanderez à un Travailleur de livrer un article spécifique à un bâtiment spécifique. Pour se faire, sélectionnez le Travailleur (clic gauche par défaut) puis cliquez sur l'article (clic droit par défaut) puis cliquez à nouveau (clic droit par défaut) sur le bâtiment ou le bloc cible. Vous pouvez aussi faire glisser l'article directement sur la destination (maintenez le clic droit par défaut et relâchez au dessus de la destination).	Oft sollen Arbeiter eine bestimmte Ressource zu einem bestimmten Gebiet schaffen. Klicke dafür auf den Arbeiter und ziehe ihn von der Ressource auf das Zielgebäude oder dem Ablageplatz.	Freqüentemente, você desejará dizer a um trabalhador para entregar um item específico em um prédio específico. Para fazer isso, clique e arraste da origem do item até o edifício ou bloco de destino.	Вам часто придется отдавать приказ Рабочим отнести конкретный предмет в конкретное здание. Для этого, выделите Рабочего, сначала нажмите на целевом предмете и повторно на нужном здании.	Muitas vezes, você desejará dizer a um trabalhador para entregar um item específico em um edifício específico. Para fazer isso, clique e arraste da origem do item para o edifício ou bloco de destino.	通常，您會想要告訴工人將特定物品運送到特定建築。 為此，請單擊並從物品源拖動到目標建築或塊。	多くの場合、特定の建物に特定のアイテムを配達するようにワーカーに指示します\nアイテムのソースからターゲットの建物またはブロックにクリック&ドラッグします	Çoğunlukla bir çalışana belirli bir öğeyi belirli bir binaya teslim etmesini söylemek isteyeceksiniz. Bunu yapmak için öğe kaynağından hedef binaya veya bloğa tıklayıp sürükleyin.	Často budete chtít říct pracovníkovi, aby dodal konkrétní položku do konkrétní budovy. Chcete-li to provést, klikněte a přetáhněte ze zdroje položky do cílové budovy nebo bloku.	Spesso si vuole dire a un lavoratore di fornire un elemento specifico per uno specifico edificio. Per fare questo, fare clic e trascinare dalla sorgente elemento dell'edificio o blocco di destinazione.
TutorialStateBuildBase_Desc	Prima di tutto bisogna inserire il vostro [base]. Scegliere una vasta area pianeggiante accanto a [alberi], [Pietra], e [Grano].	Primero tiene que colocar su [Centro Ciudad]. Elija un área grande y plana junto a [árboles], [piedra], y [grano]	首先你要放置你的[城镇中心]，请选择靠近[树木]，[石头]以及[谷物]附近的一大片空地。	Vous devez d’abord placer votre [Centre-Ville]. Choisissez une grande surface plane à côté d'[Arbres], de [Pierres] et de [Blé].	Platziere als erstes deine [Basis]. Wähle eine große ebene Fläche neben [Bäumen], [Steinen] und [Getreide].	Primeiro você precisa colocar seu [Centro da Cidade]. Escolha uma grande área plana próxima a [Árvores], [Pedra] e [Grão].	Прежде всего, необходимо разместить [Городской центр]. Выберите место с ровным ландшафтом недалеко от [Деревьев], [Камней] и [Злаков].	Primeiro, você precisa posicionar seu Centro da Cidade. Escolha uma grande área plana próxima a Árvores, Pedra e Grãos.	首先你需要放置你的[城鎮中心]。 選擇 [樹木]、[石礦] 和 [穀物] 旁邊的一大塊平坦區域。	まず[町の中心]を配置しましょう\n[木]や[石]が近く、広くて平らな場所を探してください	Öncelikle [Şehir Merkezi]'nizi yerleştirmeniz gerekir. [Ağaçlar], [Taş] ve [Tahıl]'ın yanında geniş bir düz alan seçin.	Nejprve musíte umístit své [Centrum města]. Vyberte velkou rovnou oblast vedle [Stromů], [Kámenů] a [Zrna].	Prima di tutto bisogna inserire il vostro [base]. Scegliere una vasta area pianeggiante accanto a [alberi], [Pietra], e [Grano].
TutorialStateGatherWood_Desc	Per costruire ed espandere la tua città, dovrai raccogliere molte risorse. Per prima cosa, inizia a raccogliere della [Legna].	Para construir y ampliar su ciudad, usted tendra que recoger una gran cantidad de recursos. En primer lugar, comienza por reunir [Madera].	要建设和扩张你的城镇，你需要收集大量资源。首先请先采集[木头]。	Pour construire et agrandir votre ville, vous devrez collecter de nombreuses ressources. Tout d’abord, commencez par rassembler du [Bois].	Der Bau und die Erweiterung deiner Stadt benötigt viele Ressourcen. Starten wir zunächst mit dem Sammeln von [Holz].	Para construir e expandir sua cidade, você precisará coletar muitos recursos. Primeiro, comece coletando [Madeira].	Для того, чтобы отстраивать и расширять свой город, вам придется добывать много ресурсов. Начните с добычи [Бревен].	Para construir e expandir sua cidade, você precisará coletar muitos recursos. Primeiro, comece coletando Madeira.	要建造和擴大您的城鎮，您需要收集大量資源。 首先，從採集[木頭]開始。	たくさんの資源を集めて町を大きくしましょう\nまずは[木]を集めます	Kasabanızı inşa etmek ve genişletmek için birçok kaynak toplamanız gerekecek. Öncelikle [Odun] toplayarak başlayın.	Chcete-li vybudovat a rozšířit své město, budete muset shromáždit spoustu zdrojů. Nejprve začněte shromažďováním [dřeva].	Per costruire ed espandere la tua città, dovrai raccogliere molte risorse. Per prima cosa, inizia a raccogliere della [Legna].
TutorialStepOpenBuildMenu	Apri il menu di [Costruzione] ({0})	Abra el menu de [Contrucción] ({0})	打开[建造]菜单 ({0})	Ouvrez le menu [Construire] ([{0}])	Öffne das [Bauen] Menü ({0})	Abra o menu [Construir] ({0})	Откройте меню [Строительства] ({0})	Abra o menu [Construir] ({0})	打開[建造]選單({0})	[建設]メニューを開きます（{0}）	[Oluştur] menüsünü açın ({0})	Otevřete nabídku [Stavby] ({0})	Apri il menu di [Costruzione] ({0})
TutorialStepSelectMenuItem	Seleziona [{0}]	Seleccione [{0}]	选择 [{0}]	Sélectionnez [{0}]	Wähle [{0}]	Selecione [{0}]	Выберите [{0}]	Selecione [{0}]	選擇[{0}]	[{0}]を選択します	[{0}]'ı seçin	Vyberte [{0}]	Seleziona [{0}]
TutorialStepPlaceBuilding	Fai [{0}] per posizionare l'edificio	Presione [{0}] para colocar la construcción	使用 [{0}] 以放置建筑物	Appuyez sur [{0}] pour placer le bâtiment.	Drücke [{0}] um das Gebäude zu platzieren	Pressione [{0}] para posicionar a construção	Нажмите [{0}], чтобы разместить здание	Pressione [{0}] para posicionar a construção	按[{0}]放置建築	建物を配置するには[{0}]を押してください	Binayı yerleştirmek için [{0}] tuşuna basın	Stiskněte [{0}] k umístění budovy	Fai [{0}] per posizionare l'edificio
TutorialStepSelectWorker	[{0}] per selezionare un [Lavoratore]	[{0}] para seleccionar un [trabajador]	使用 [{0}] 以选择一名[工人]	[{0}] pour sélectionner un [Travailleur]	[{0}] auf einen [Arbeiter], und	Selecione um [Trabalhador] com [{0}]	[{0}], чтобы выбрать [рабочего]	Selecione um [Trabalhador] com [{0}]	[{0}]選擇[工人]	[{0}]で[ワーカー]を選択します	[{0}] ile bir [İşçi] seçin	[{0}] a vyberte [pracovníka]	[{0}] per selezionare un [Lavoratore]
TutorialStepHarvestTargetTree	Poi, fai [{0}] su un [Albero] per indicarlo per la raccolta.	Y luego [{0}] en un [árbol] para seleccionarlo	然后 [{0}] 选择一棵[树木]将其作为目标	Puis [{0}] sur un [Arbre] pour le cibler	dann mit [{0}] auf einen [Baum]	Em seguida, selecione uma [árvore] com [{0}] para direcioná-la para colheita	Затем [{0}] на [дереве], чтобы указать цель	Em seguida, selecione uma [Árvore] com [{0}] para direcioná-la para a Colheita	然後 [{0}] 在 [樹木] 上以它為目標進行採集	次に[木]にカーソルを合わせ[{0}]で収穫が始まります	Daha sonra Hasat için hedeflemek üzere [{0}] içeren bir [Ağaç] seçin	Poté [{0}] na [Strom] a klikněte na něj pro Sklizeň.	Poi, fai [{0}] su un [Albero] per indicarlo per la raccolta.
TutorialStepHarvestTargetBase	Infine, fai [{0}] sulla tua [Base] per assegnare un punto di consegna	[{0}] en el [Centro Ciudad] para asignar como ubicación de entrega	在你的[城镇中心]上按[{0}]将其设为运送的目的地	Puis [{0}] sur votre [Centre-Ville] pour l'attribuer comme lieu de dépôt.	Dann [{0}] auf deine [Basis] um sie als Abgabepunkt zu setzen	Em seguida, selecione seu [Centro da cidade] com [{0}] para atribuir como local de entrega	Затем [{0}] на вашем [Городском центре]	Em seguida, selecione seu [Centro da Cidade] com [{0}] para atribuir como local de entrega	然後 [{0}] 在您的 [城鎮中心] 分配為放下地點	最後に[町の中心]にカーソルを合わせて[{0}]で、ドロップする場所を指定できます	Daha sonra bırakma konumu olarak atamak için [{0}] ile [Şehir Merkezinizi] seçin	Poté [{0}] ve svém [Centru města] přiřaďte jako místo pro odevzdání této suroviny	Infine, fai [{0}] sulla tua [Base] per assegnare un punto di consegna
TutorialStepReturnWithWood	Il lavoratore taglierà l'albero ricavando la legna, la riporterà alla base e ripeterà l'operazione	El trabajador cortará leña del árbol, la traerá a su Centro Ciudad y lo repetirá	工人会将树木砍倒，然后送到最近的建筑，并如此反复。	Le Travailleur coupera du bois, le ramènera au Centre-Ville et répètera cette action.	Die Arbeiter hacken Holz, bringen es zum nächsten Gebäude und fahren mit der Arbeit fort	O trabalhador cortará a madeira da árvore, levará-a para o centro da cidade e repetirá	Рабочий срубит дерево, принесет бревна в ближайшее здание и продолжит выполнять работу	O trabalhador cortará a madeira da árvore, a levará para o Centro da Cidade e repetirá o processo	工人將從樹上砍下木頭，將其帶到城鎮中心，然後重複	ワーカーは木から木材を切り出し、町の中心に運びます	İşçi ağaçtan odun kesecek, onu Şehir Merkezine getirecek ve tekrarlayacak	Pracovník naseká dřevo ze stromu, přinese ho do centra města a opakuje tuto činnost.	Il lavoratore taglierà l'albero ricavando la legna, la riporterà alla base e ripeterà l'operazione
TutorialStepGatherEnoughWoodForHouse	Ottieni [{0}] unità di legna	Recoger [{0}] madera	收集[{0}]个木头	Récupérer [{0}] Bois	Sammel erst einmal [{0}] Holz	Colete [{0}] Madeira	Собрать [{0}] бревен	Coletar [{0}] madeira	採集 [{0}] 木頭	[{0}]木材を集めてください	[{0}] Tahta topla	Sbírejte [{0}] dřevo	Ottieni [{0}] unità di legna
TutorialStepNotePlaceHouseNearPath	Nota: posizionare la [casa] vicino a una strada o un percorso lo collegherà alla città.	Nota: Colocar la [Casa] cerca de una carretera o ruta lo conectará al Centro de la Ciudad	提示：将[房屋]放在道路附近或路径附近会将其连接到城镇。	REMARQUE : Placer la [Maison] près d'une route ou d'un chemin la connectera à la ville.	Hinweis:Wenn sie ein Haus neben einer Straße oder einem Weg platzieren, wird es zur Stadt verbunden	Nota: Colocar a [casa] perto de uma estrada ou caminho conectá-lo à cidade.	Примечание: Размещение [Дома] возле дороги или пути подключит его к городской сети	OBSERVAÇÃO: Colocar a [Casa] perto de uma estrada ou caminho a conectará à cidade.	注意：將 [房屋] 放置在道路或路徑附近會將其連接到城鎮。	メモ：[住宅]を道路や道の近くに配置すると、町に接続されます。	NOT: [Evi] bir yol veya patika yakınına yerleştirmek onu Kasabaya bağlayacaktır.	POZNÁMKA: Umístěte [Dům] blízko silnice nebo cesty. Tím jej spojíte s městem.	Nota: posizionare la [casa] vicino a una strada o un percorso lo collegherà alla città.
TutorialStepNoteCameraControls	NOTA: Usa {0} per ruotare la visuale e {1} per attivare/disattivare la pausa	Nota: use {0} para rotar la cámara, y {1} para pausar / no actualizar	提示：使用 {0} 旋转镜头，{1} 来暂停/继续游戏	REMARQUE : utilisez [{0}] pour faire pivoter la caméra et [{1}] pour mettre en pause ou pour reprendre.	HINWEIS: Verwende den {0} um die Kamera zu drehen und die {1} um zu pausieren	NOTA: Use {0} para girar a câmera e {1} para pausar/retomar	Примечание: используйте {0} для поворота камеры и {1}, чтобы поставить игру на паузу	OBSERVAÇÃO: Use {0} para girar a câmera e {1} para pausar/despausar	注意：使用 {0} 旋轉鏡頭，使用 {1} 暫停/取消暫停	メモ：カメラを回転させるには{0}を、一時停止/再開には{1}を押してください	NOT: Kamerayı döndürmek için {0}'ı, duraklatmak / duraklatmayı kaldırmak için {1}'i kullanın	POZNÁMKA: Použijte {0} k otočení kamery a {1} k pozastavení/zrušení pozastavení	NOTA: Usa {0} per ruotare la visuale e {1} per attivare/disattivare la pausa
TutorialStateProductionPlacement	#N/A	#N/A	#N/A	#N/A	#N/A	#N/A	#N/A	#N/A	#N/A	#N/A	#N/A	#N/A	#N/A
TutorialStateProductionPlacement_Desc	#N/A	#N/A	#N/A	#N/A	#N/A	#N/A	#N/A	#N/A	#N/A	#N/A	#N/A	#N/A	#N/A
TutorialStateBuildHouse_Desc	Le [Case] aumentano il tuo [Limite di Popolazione], permettendoti di avere più lavoratori e di costruire più edifici.	Las [Casas] incrementan tu [Capacidad de Población], permitiendote construir más edificios y trabajadores	[房屋]可增加你的[人口容量]，允许你创建更多的工人和建筑。	Les [Maisons] augmentent votre [Limite de population], vous permettant de créer plus de Travailleurs et de bâtiments.	[Häuser] erhöhen das [Bevölkerungslimit], so dass mehr Arbeiter eingestellt werden können	[Casas] aumentam seu [Limite de População], permitindo que você crie mais trabalhadores e edifícios.	[Дома] увеличивают [Лимит населения], позволяя вам создавать больше рабочих и зданий	As [Casas] aumentam seu [Limite de População], permitindo que você crie mais trabalhadores e edifícios.	[[房屋] 增加你的 [人口容量]，讓你創造更多的工人和建築。	[住宅]は[人口収容量]を増やします\n人口収容量の上限までワーカーおよび建物を作ることが可能です	[Evler], [Nüfus Limitinizi] artırarak daha fazla işçi ve bina oluşturmanıza olanak tanır.	[Domy] zvyšují váš [populační limit], což vám umožní vytvořit více pracovníků a budov.	Le [Case] aumentano il tuo [Limite di Popolazione], permettendoti di avere più lavoratori e di costruire più edifici.
TutorialStepNoteHouseLocation	NOTA: Le case non devono essere costruite per forza vicino la tua base! Trova una vasta area piatta, possibilmente con delle fonti di cibo come grano, frutta o verdure nelle vicinanze.	Nota: ¡Las Casas no necesitan estar cerca de su Centro de la Ciudad! Encuentre una gran área plana, idealmente con algunas fuentes de alimentos como grano, frutas o verduras cerca.	提示：最好将你的第一个住宅放置于靠近食物来源（如谷物）的地方。	REMARQUE : Les Maisons n'ont pas besoin d'être à proximité de votre Centre-Ville ! Trouvez un grand terrain plat, idéalement avec quelques sources de nourriture comme des céréales, des fruits ou des légumes à proximité.	HINWEIS: Es wäre hilfreich, die ersten Häuser neben Nahrungsressourcen zu platzieren	NOTA: As casas não precisam estar perto do centro da sua cidade! Encontre uma grande área plana, de preferência com algumas fontes de alimentos como grãos, frutas ou vegetais próximos.	Примечание: Дома не обязательно располагать рядом с Городским центром. Найдите для них большую ровную площадку, в идеале, рядом с источниками пищи.	OBSERVAÇÃO: as casas não precisam estar próximas ao Centro da Cidade! Encontre uma grande área plana, de preferência com algumas fontes de alimento, como grãos, frutas ou vegetais, nas proximidades.	注意：房屋不需要靠近城鎮中心！ 找一塊大的平坦區域，最好在附近有一些食物來源，如穀物、水果或蔬菜。	メモ：住宅は町の中心の近くに建てる必要はありません！平らな場所を見つけましょう\n穀物、果物、野菜などの食料が近くにあるのが理想的です	NOT: Evlerin Şehir Merkezinize yakın olması gerekmez! İdeal olarak yakınlarda tahıl, meyve veya sebze gibi bazı yiyecek kaynaklarının bulunduğu geniş, düz bir alan bulun.	POZNÁMKA: Domy nemusí být blízko centra města! Najděte si velkou rovnou plochu, ideálně s nějakými zdroji potravy, jako je obilí, ovoce nebo zelenina.	NOTA: Le case non devono essere costruite per forza vicino la tua base! Trova una vasta area piatta, possibilmente con delle fonti di cibo come grano, frutta o verdure nelle vicinanze.
TutorialStepNoteLinkedHouses	I centri della città possono essere aggiornati se hanno abbastanza [livelli di casa] all'interno dei confini della città - questa è la somma totale dei livelli raggiunti da tutte le case collegate.	Los centros de la ciudad se pueden actualizar si tienen suficientes [niveles de la casa] dentro de las fronteras de la ciudad, esta es la suma total de niveles logrados por todas las casas conectadas.	如果城镇中心在城镇范围内有足够的[房屋等级]，城镇中心可以升级 - 这是所有连接房屋达到的等级之和。	Les centres-villes peuvent être améliorés si vous avez suffisamment de [niveaux de maison] dans les limites de la ville - Il s'agit de la somme totale des niveaux atteints par toutes les maisons connectées.	Stadtzentren können verbessert werden falls sie genügen [Häuserstufen] innerhalb der Stadtgrenzen haben - Das ist die Summe der Stufen alle verbundenen Häuser	Centros da cidade podem ser atualizados se tiverem o suficiente [níveis de casa] dentro das fronteiras da cidade - esta é a soma total de níveis alcançados por todas as casas conectadas.	Городские центры могут быть модернизированы, если у них достаточно [уровни дома] в границах города - это сумма общего уровня уровней, достигнутых всеми связанными домами.	Os Centros da Cidade podem ser Melhorados se tiverem [Níveis da Casa] suficientes dentro das fronteiras da Cidade - essa é a soma total dos níveis alcançados por todas as Casas conectadas.	如果城鎮中心在城鎮邊界內有足夠的[房屋等級]，則可以升級城鎮中心 - 這是所有相連房屋達到的等級總和。	町の中心は、町の境界線上に十分な[住宅レベル]があればアップグレードすることができます。	Kasaba Merkezleri, Kasabanın sınırları içinde yeterli sayıda [Ev Seviyesine] sahip olmaları durumunda yükseltilebilir; bu, bağlı tüm Hanelerin elde ettiği Seviyelerin toplamıdır.	Městská centra lze vylepšit, pokud mají dostatek [úrovní domů] v rámci hranic města – to je součet úrovní dosažených všemi připojenými domy.	I centri della città possono essere aggiornati se hanno abbastanza [livelli di casa] all'interno dei confini della città - questa è la somma totale dei livelli raggiunti da tutte le case collegate.
TutorialStepRaiseHouseLevels	Costruisci nuove case e riforniscile di beni, fino a quando la casa ha abbastanza [livelli di casa] per aggiornarsi	Construya nuevas casas y súbalas de nivel con bienes, hasta que el Centro de la Ciudad tenga suficientes [niveles de la casa] para actualizar	建造新的房屋，并用商品将它们升级，直到城镇中心有足够的[房屋等级]来升级	Construire de nouvelles maisons et les faire prendre des niveaux jusqu'à ce que la base ait suffisamment de [niveaux de maison] pour lancer l'amélioration	Baue neue Häuser und verbessere sie mit Gütern bis die Basis genügend [Häuserstufen] zum Verbessern hat	Construir novas casas e nivelá-los com mercadorias, até que a base tenha o suficiente [níveis de casa] para atualizar	Построить новые дома и выравнивайте их с товарами, пока не будет достаточно [уровни дома] для обновления	Construa novas casas e aumente o nível delas com mercadorias, até que a base tenha [Níveis das Casas] suficientes para fazer a Melhoria	建造新的房屋，並用商品將它們升級，直到城鎮中心有足夠的[房屋等級]來升級	[住宅レベル]を上げるには、新しい住宅を建て、商品を供給する必要があります。	Üssün yükseltmeye yetecek kadar [Ev Seviyesi] bulunana kadar yeni Evler inşa edin ve ürünlerle seviyelerini yükseltin	Postavte nové domy a zvyšujte je pomocí zboží, dokud nebude mít základna dostatek [úrovní domů] na vylepšení	Costruisci nuove case e riforniscile di beni, fino a quando la casa ha abbastanza [livelli di casa] per aggiornarsi
TutorialStepNoteTownBoundaries	Nota: ricorda, le case devono essere collegate al centro città con [strade] o [percorsi pedali] per contare per i livelli della casa totale della città!	Nota: Recuerde, las casas deben estar conectadas al Centro de la Ciudad con [carreteras] o [rutas de pie] para contar para los niveles de las casas totales de la ciudad.	提示：请记住，房屋必须与[道路]或[步行道]连接到城镇中心，这样才能使该房屋等级计算到城镇的总房屋等级之中！	Remarque : N'oubliez pas que les maisons doivent être connectées au centre-ville avec des [routes] ou des [chemins] pour compter dans le calcul des niveaux totaux de maisons!	HINWEIS: Denke daran, dass Häuser mittels [Straßen] oder [Gehwegen] mit der Basis verbunden sein müssen, um zur Häuserstufe der Stadt gezählt werden zu können!	Nota: Lembre-se, as casas devem ser conectadas ao centro da cidade com [estradas] ou [caminhos de pé] para contar para os níveis totais da casa da cidade!	Примечание. Помните, дома должны быть подключены к центру города с [дорогами] или [путями ног], чтобы рассчитывать на общий уровень дома города!	OBSERVAÇÃO: Lembre-se de que as casas devem estar conectadas ao Centro da Cidade com [Estradas] ou [Trilhas] para contar para o total de níveis de casas da cidade!	注意：請記住，房屋必須通過[道路]或[步道]連接到城鎮中心才能計入鎮的總房屋等級！	注意：住宅を町の総住宅レベルに加算するためには、住宅を町の中心に[道路]または[歩道]で接続してください。	NOT: Unutmayın, Kasabanın toplam Ev Seviyesine dahil edilmesi için Evlerin [Yollar] veya [Yaya Yolları] ile Şehir Merkezine bağlı olması gerekir!	POZNÁMKA: Pamatujte, že domy musí být propojeny s centrem města pomocí [silnic] nebo [pěšiny], aby se započítaly do celkových úrovní domů ve městě!	Nota: ricorda, le case devono essere collegate al centro città con [strade] o [percorsi pedali] per contare per i livelli della casa totale della città!
TutorialStateCreateWorker_Desc	La casa ha incrementato il tuo limite di popolazione!\n\nAdesso puoi assumere più [Lavoratori] per raccogliere e consegnare i beni da un edificio all'altro.	¡La casa ha aumentado su límite de población! \ N\nA Ahora puede crear más [trabajadores] para cosechar y entregar productos de un edificio a otro.	房子增加了你的人口容量！现在你可以创造更多的[工人]将货物从一个建筑运送到另一个之中。	Vous aurez besoin de beaucoup de [Travailleurs] pour récolter et livrer les biens d'un bâtiment à un autre.	Wir brauchen eine Menge [Arbeiter] zum sammeln und transportieren von Ressourcen	A Casa aumentou seu limite populacional!\n\nAgora você pode construir mais [Trabalhadores] para coletar e entregar mercadorias de um prédio para outro.	Лимит населения увеличен! Теперь вы можете построить больше [Рабочих] для сбора урожая и доставки товаров из одного здания в другое.	A Casa aumentou seu limite de população! Agora você pode construir mais [Trabalhadores] para colher e entregar mercadorias de um prédio para outro.	房子增加了你的人口容量！\n\n現在你可以建立更多的 [工人] 來採集並將貨物從一個建築運送到另一個建築。	人口収容量の上限が増えました！\n\nより多くの[ワーカー]を作成して、アイテムの収穫や建物への配達を行いましょう	Hane, nüfus sınırınızı artırdı!\n\nArtık ürünleri hasat etmek ve bir binadan diğerine dağıtmak için daha fazla [İşçi] inşa edebilirsiniz.	Dům zvýšil váš populační limit!\n\nNyní můžete postavit více [pracovníků], abyste mohli sklízet a dodávat zboží z jedné budovy do druhé.	La casa ha incrementato il tuo limite di popolazione!\n\nAdesso puoi assumere più [Lavoratori] per raccogliere e consegnare i beni da un edificio all'altro.
TutorialStepPlaceWorkers	Posiziona 2 nuovi lavoratori vicino alla tua casa	Coloque nuevos trabajadores cerca de su ciudad	在你的新住宅附近放置2名新工人。	Placez 2 nouveaux Travailleurs près de votre Maison.	Setze daher 2 neue Arbeiter in die Nähe von deinem Haus	Coloque novos trabalhadores perto de sua cidade	Разместите двух новых рабочих возле вашего дома	Colocar novos trabalhadores perto de sua cidade	在你的城鎮附近放置新工人。	町の近くに新しいワーカーを配置しましょう	Kasabanızın yakınına yeni İşçiler yerleştirin	Umístěte nové pracovníky poblíž vašeho města	Posiziona 2 nuovi lavoratori vicino alla tua casa
TutorialStateSupplyHouse_Desc	Le [Monete] sono indispensabili per far crescere e funzionare la tua città. Le puoi ottenere rifornendo le case di beni.	Las [Monedas] son ​​necesarias para crecer y dirigir su pueblo. Obténgalas suministrando casas con bienes.	通过给住宅提供货物可获得[货币]。同时这也会产生[幸福度]，会增加生产速度。	Les [Pièces] sont nécessaires pour étendre et faire fonctionner votre ville. Gagnez-en en fournissant des biens à vos Maisons.	[Münzen] sind notwendig damit deine Stadt wächst und läuft. Eine Möglichkeit sie zu erhalten ist Häuser mit Waren zu versorgen.	[Moedas] são necessárias para crescer e administrar sua cidade. Ganhe-os fornecendo mercadorias às casas.	[Монеты] необходимы для роста и улучшения вашего города. Один из способов их заработать - снабжать Дома товарами.	As [Moedas] são necessárias para o crescimento e o funcionamento de sua cidade. Ganhe-as fornecendo mercadorias às Casas.	[硬幣] 是發展和經營您的城鎮所必需的。 通過向房屋供應商品來賺取它們。	[コイン]は町の成長や運営に必要になります\n住宅に商品を供給することでコインを得ることができます	Kasabanızı büyütmek ve işletmek için [paralar] gereklidir. Evlere mal sağlayarak bunları kazanın.	[Mince] jsou nezbytné k růstu a řízení vašeho města. Vydělávejte je zásobováním domů zbožím.	Le [Monete] sono indispensabili per far crescere e funzionare la tua città. Le puoi ottenere rifornendo le case di beni.
TutorialStepDragGrainToHouse	Fai [{0}] su [Grano], [Frutta] o [Verdura] e poi fai [{0}] (o trascina) su una casa per impostarla come punto di consegna.\n\nUna volta consegnato, la casa consumerà l'oggetto e guadagnerai [Monete].	[{0}] en [grano], [Fruta], o [verduras], luego [{0}] (o arrastre) a una Casa para hacer la entrega allí. \ N \ N Una vez realizada la entrega, la Casa consumirá el artículo y ganará [Monedas] 	在[谷物]上使用 {0}，然后[拖拽]到住宅上指定运送目的地。\n当一次运送完成后，会得到一枚货币。	[{0}] sur du [Blé], des [Fruits] ou des [Légumes], puis [{0}] (ou glissez la souris en maintenant {0}) sur une Maison pour cibler la livraison.\nUne fois livrée, la Maison consommera l'objet et des [Pièces] seront gagnées.	[{0}] auf [Getreide], [Obst], oder [Gemüse], dann [{0}] (oder ziehe) auf ein Haus um dahin zu liefern.\n\nSobald geliefert wird das Haus die Ware verbrauchen und du erhältst [Münzen].	[{0}] em [Grãos], [Frutas] ou [Vegetais], depois [{0}] (ou arraste) até uma Casa para direcionar a entrega lá.\n\nDepois de entregue, a Casa consumirá o item e [Moedas] serão ganhas.	[{0}] на [Злаках], [Фруктах] или [Овощах], затем [{0}] (или перетащить) на Дом, чтобы указать конечную цель.\nКогда товар доставят, вы заработаете монеты.	[{0}] em [Grãos], [Frutas] ou [Legumes] e, em seguida, [{0}] (ou arraste) em uma Casa para direcionar a entrega para lá. Depois de entregue, a Casa consumirá o item e ganhará [Moedas].	[{0}] 在 [穀物]、[水果] 或 [蔬菜] 上，然後 [{0}]（或拖動）到房屋 上，以在那裡定位交付。\n\n交付後，房屋將消耗該物品並賺取 [硬幣]。	[小麦]や[果物]もしくは[野菜]を[{0}]してから、住宅に[{0}]（またはドラッグ）すると配達が始まります。\n\n配達されると [コイン]が得られ、住宅はアイテムを消費し始めます	[{0}]'yi [Tahıl], [Meyve] veya [Sebzeler]'e sürükleyin, ardından oraya teslimatı hedeflemek için bir Haneye [{0}] (veya sürükleyin).\n\nTeslim edildikten sonra Han, öğeyi tüketecek ve [Para] kazanılacak.	[{0}] na [Obilí], [Ovoce] nebo [Zeleninu], poté [{0}] (nebo přetažením) na dům. Tím zajistíte doručení.\n\nPo doručení věc dům spotřebuje a [mince] budou vydělané.	Fai [{0}] su [Grano], [Frutta] o [Verdura] e poi fai [{0}] (o trascina) su una casa per impostarla come punto di consegna.\n\nUna volta consegnato, la casa consumerà l'oggetto e guadagnerai [Monete].
TutorialStepNoteDragCommand	NOTA: oggetti drag and drop per consegnare ad un target specifico.	Nota: arrastre y suelte los elementos para entregar a un objetivo específico.	提示：拖拽物品可以指定其运送目标。	REMARQUE : Faites glisser et déposez les objets à livrer vers une cible spécifique.	HINWEIS: Nutze Drag&Drop um Gegenstände direkt zu einem Ziel zu liefern	NOTA: Arraste e solte itens para entregar a um destino específico.	Примечание: выделяйте и перетаскивайте предметы для доставки их в определенное место.	OBSERVAÇÃO: Arraste e solte itens para entregar a um alvo específico.	注意：拖放項目以交付給特定目標。	メモ：特定のターゲットに配送するには、アイテムをドラッグ&ドロップします	NOT: Belirli bir hedefe teslim etmek için öğeleri sürükleyip bırakın.	POZNÁMKA: Přetažením položky doručte na konkrétní cíl.	NOTA: oggetti drag and drop per consegnare ad un target specifico.
TutorialStateBuildPath_Desc	I lavoratori si muovono molto più velocemente sui sentieri.	Los trabajadores se mueven mucho más rápido en los caminos.	工人在步道上的移动速度更快。	Les Travailleurs se déplacent beaucoup plus vite sur les chemins.	Arbeiter bewegen sich auf Wegen viel schneller.	Os trabalhadores se movem muito mais rápido nos caminhos.	Рабочие гораздо быстрее передвигаются по Дорогам.	Os trabalhadores se movem muito mais rápido nos caminhos.	工人在步道上移動得更快。	歩道を設置することでワーカーが素早く移動できます	İşçiler yollarda çok daha hızlı hareket ederler.	Pracovníci se po cestách pohybují mnohem rychleji.	I lavoratori si muovono molto più velocemente sui sentieri.
TutorialStepDrawFootPath	Clicca o trascina per disegnare i sentieri sui percorsi dei lavoratori	Haga clic o arrastre para dibujar rutas en las rutas de los trabajadores	点击或者拖拽在工人的移动路线上建立道路	Cliquez ou faites glisser pour tracer des chemins sur les itinéraires des Travailleurs.	Klicke und ziehe Wegpfade auf den Routen deiner Arbeiter.	Clique ou arraste para desenhar caminhos nas rotas dos trabalhadores	Нажмите и перетащите, чтобы построить [Дорогу] на маршруте рабочих	Clique ou arraste para desenhar caminhos nas rotas dos trabalhadores	點選或者拖動在工人的移動路線上建立道路	クリックもしくはドラッグしてワーカーの移動経路に歩道を設置してください	Çalışan rotalarına yol çizmek için tıklayın veya sürükleyin	Kliknutím nebo přetažením nakreslíte cesty na pracovních trasách	Clicca o trascina per disegnare i sentieri sui percorsi dei lavoratori
TutorialStateBuildLumberMill_Desc	Le [Segherie] trasformano la [Legna] in [Tavole], utili per la costruzione di molti edifici e per effettuare miglioramenti.	Las [Serrerias] convierten [Madera] en [Tablas], que precisarás para varios edificios y mejoras.	[锯木厂]可以将[木头]切为[木板]，后者是很多建筑以及升级所需的材料。	Les [Scieries] transforment le [Bois] en [Planches], vous en aurez besoin pour de nombreux bâtiments et améliorations.	[Sägewerke] sägen dein Holz zu [Brettern], die du für Gebäude und Upgrades brauchst	[Serrarias] transformam [Madeira] em [Tábuas], que você precisará para muitas construções e atualizações.	На [Лесопилке] из [Бревен] можно производить [Доски], которые вам понадобятся во многих производственных зданиях и для улучшений.	As [Serralheria] transformam [Madeiras] em [Tábuas], que você precisará para muitos edifícios e Melhorias.	[木材坊]可以把[木頭]切成[木板]，木板是很多建築以及升級所需的材料。	[製材所]は[木材]を[木の板]に変えます。\nこれは多くの建物やアップグレードに必要になります。	[Kereste Fabrikaları], [Tahta]'yı birçok bina ve yükseltme için ihtiyaç duyacağınız [Kalatalara] dönüştürür.	[Dřevorubec] promění [dřevo] na [prkna], které budete potřebovat pro mnoho budov a vylepšení.	Le [Segherie] trasformano la [Legna] in [Tavole], utili per la costruzione di molti edifici e per effettuare miglioramenti.
TutorialStepNoteWorkerCap	NOTA: Gli edifici di produzione richiedono una capacità di popolazione di riserva. Se hai già raggiunto il [Limite di Popolazione], costruisci più case o licenzia i lavoratori attuali.	NOTA: Los edificios de producción requieren capacidad de población de sobra. Si ya alcanzaste el [Limite de Población], construye más Casas o elimina trabajadores existentes	提示：生产型建筑需要额外的人口上限。如果你已经达到了[人口上限]，可以选择建造更多的住宅，或者删除现存的工人。	REMARQUE : Les Bâtiments de production exigent une Capacité de population supplémentaire. Si vous avez déjà atteint la [Limite de population], construisez plus de Maisons ou supprimez les Travailleurs existants.	HINWEIS: Produktionsgebäude belegen Bevölkerungsplätze. Wenn das [Bevölkerungslimit] erreicht ist, müssen mehr Häuser gebaut oder Arbeiter entlassen werden	NOTA: Os edifícios de produção requerem capacidade populacional sobressalente. Se você já atingiu o [Limite Populacional], construa mais casas ou exclua os trabalhadores existentes.	Производственным зданиям требуются Рабочие, которые тоже будут учитываются в численности населения. Если вы превысили [Лимит населения], постройте больше домов или удалите существующих рабочих.	OBSERVAÇÃO: Os edifícios de produção exigem capacidade de população sobressalente. Se você já tiver atingido o [Limite de população], construa mais casas ou exclua os trabalhadores existentes.	提示：生產型建築需要額外的人口數量。如果你已經達到了[人口上限]，可以選擇建造更多的房屋，或者刪除現有的工人。	メモ：生産施設の設置には人口が必要です\nすでに[人口上限]に達している場合は、住宅を増やすか既存のワーカーを削除します	NOT: Üretim Binaları yedek Nüfus Kapasitesi gerektirir. Zaten [Nüfus Sınırına] ulaştıysanız, daha fazla ev inşa edin veya mevcut işçileri silin.	POZNÁMKA: Výrobní budovy vyžadují náhradní populační kapacitu. Pokud jste již dosáhli [populačního limitu], postavte další domy nebo odstraňte stávající pracovníky.	NOTA: Gli edifici di produzione richiedono una capacità di popolazione di riserva. Se hai già raggiunto il [Limite di Popolazione], costruisci più case o licenzia i lavoratori attuali.
TutorialStateSelectLumberMillRecipe_Desc	edifici di produzione hanno spesso molteplici ricette, e si può scegliere quali sono attivi.	Los edificios de producción usualmente tienen varias recetas, y tu puedes elegir cuales están activas.	生产型建筑通常有多种配方，你可以选择当前要生产哪个配方。	Les Bâtiments de production ont souvent plusieurs recettes et vous pouvez choisir celles qui sont actives.	Produktionsgebäude haben oft mehrere Produkte, welche aktiviert werden können.	Os edifícios de produção geralmente têm várias receitas e você pode escolher quais delas estão ativas.	Производственные здания часто имеют несколько рецептов производства и вы можете выбирать, какая продукция будет выпускаться.	Os edifícios de produção geralmente têm várias receitas, e você pode escolher quais estão ativas.	生產型建築通常有多種配方，你可以選擇目前要生產哪個配方。	生産施設には複数のレシピがあり、どのレシピを有効にするか選べます	Üretim binalarında genellikle birden fazla tarif bulunur ve hangilerinin aktif olduğunu seçebilirsiniz.	Výrobní budovy mají často více receptur a můžete si vybrat, které z nich budou aktivní.	edifici di produzione hanno spesso molteplici ricette, e si può scegliere quali sono attivi.
TutorialStepPressRecipeSelect	Premere il tasto [Select Ricetta]	Presione el botón [Seleccionar receta]	点击[选择配方]按钮	Appuyez sur le bouton [Sélectionner recette]	Drücke den [Rezept-Button]	Pressione o botão [Selecionar receita]	Нажмите кнопку [Выбор рецепта]	Pressione o botão [Selecionar Receita]	按[選擇配方]按鈕	[レシピ選択]ボタンを押してください	[Tarifi Seç] düğmesine basın	Stiskněte tlačítko [Vybrat recept]	Premere il tasto [Select Ricetta]
TutorialStepSelectRecipe	Seleziona il progetto [{0}]	Selecciona la [{0}] receta	选择 [{0}] 配方	Sélectionnez la recette [{0}]	Wähle das [{0}] Rezept	Selecione a receita [{0}]	Выберите рецепт [{0}]	Selecione a receita [{0}]	選擇[{0}]配方	[{0}]レシピを選択してください	[{0}] tarifini seçin	Vyberte recept [{0}]	Seleziona il progetto [{0}]
TutorialStateBringWoodToLumberMill_Desc	Porta abbastanza legna nella tua [Segheria] per creare delle [Tavole].	Lleva suficiente madera a tu [Serrería] para construir una [Tabla].	将足够的木头运送到[锯木厂]并生产一个[木板]。	Apportez suffisamment de bois dans votre [Scierie] pour fabriquer une [Planche].	Bringe genug Holz in das [Sägewerk] um ein [Brett] herzustellen	Traga madeira suficiente para sua [Serraria] para fazer uma [Tábua].	Доставьте Бревна на свою [Лесопилку], чтобы начать производство [Досок].	Traga madeira suficiente para sua [Serralheria] para fabricar uma [Tábua].	把足夠的木頭運送到[木材坊]並生產一個[木板]。	[木の板]を作成するのに十分な木材を[製材所]に運びます	Bir [Tahta] yapmak için [Kereste Fabrikanıza] yeterli miktarda Odun getirin.	Přineste svému [dřevorubci] dostatek dřeva, abyste mohli vyrobit [prkna].	Porta abbastanza legna nella tua [Segheria] per creare delle [Tavole].
TutorialStepDragWoodToLumberMill	Fai [{0}] su un [Albero] e poi fai [{0}] (o trascina il cursore) sulla tua [Segheria]	{0} en un [Arbol] y arrastra el cursor sobre tu [Serrería]	使用 {0} [树木]并拖拽光标至你的[锯木厂]上	[{0}] sur un [Arbre] et [{0}] (ou faites glisser le curseur en maintenant {0}) sur votre [Scierie]	[{0}] auf einen [Baum] und ziehe den Cursor auf das Sägewerk	[{0}] em uma [Árvore] e então [{0}] (ou arraste) o cursor para sua [Serraria]	[{0}] на [Дереве] и еще раз [{0}] на [Лесопилке]	[{0}] em uma [Árvore] e, em seguida, [{0}] (ou arraste) o cursor para sua [Serralheria]	使用 {0} [樹木]並拖動游標至你的[木材坊]上	[木]にカーソルを合わせ[{0}]したまま、[製材所]にドラッグします	Bir [Ağaç] üzerinde [{0}] ve ardından imleci [Kereste Fabrikası] üzerine [{0}] (veya sürükleyin)	[{0}] na [Strom] a poté [{0}] (nebo přetáhněte) kurzor na vašeho [dřevorubce]	Fai [{0}] su un [Albero] e poi fai [{0}] (o trascina il cursore) sulla tua [Segheria]
TutorialStepBringEnoughWoodToLumberMill	Porta [2 Unità di Legna] alla segheria	Trae [2 Madera] a la Serrería	给锯木厂提供[1块木头]	Apportez [1 Bois] à la Scierie	Liefere [2 Hölzer] in das Sägewerk	Leve [1 Madeira] para a Serraria	Доставьте [2 Бревна] на Лесопилку	Traga [1 madeira] para a Serralheria	給木材坊供應[2塊木頭]	[木]を1個、製材所に運びます	[1 Tahta]'yı Kereste Fabrikasına getir	Přineste [1 dřevo] na řezivo	Porta [2 Unità di Legna] alla segheria
TutorialStepWaitForPlankToComplete	Attenti che le [Tavole] vengano create	Espera a que la [Tabla] se cree	等待 [木板] 生产完成	Attendez que la [Planche] soit créée	Warte bis das [Brett] hergestellt wurde	Aguarde a criação da [Prancha]	Подождите, пока не будут созданы [Доски]	Aguarde até que a [Tábua] seja criada	等待 [木板] 生產完成	[木の板]が作成されるまで待機してください	[Plank]'ın oluşturulmasını bekleyin	Počkejte na vytvoření [prkna]	Attenti che le [Tavole] vengano create
TutorialStepHighlightLumberMill	Passa il mouse sopra la [Segheria] per visualizzarne l'inventario	Flotan sobre el [Molino de madera] para mostrar su inventario	鼠标悬停在[锯木厂]上以显示其库存	Survolez la [Scierie] pour afficher son stock	fahre mit der Maus über das [Sägewerk] um dessen Inventar anzusehen	Passe o mouse sobre a [Serraria] para exibir seu inventário	Наведите указатель мыши на [Лесопилку], чтобы отобразить ее инвентарь	Passe o mouse sobre a [Serralheria] para exibir seu inventário	滑鼠停在[木材坊]上以顯示其庫存	[製材所]の上にカーソルを置くと、在庫が表示されます	Envanterini görüntülemek için [Kereste Fabrikası]'nın üzerine gelin	Umístěním ukazatele myši na [dřevorubce] zobrazíte jeho inventář	Passa il mouse sopra la [Segheria] per visualizzarne l'inventario
TutorialStepDragPlankToBase	Fai [{0}] sull'icona delle [Tavole] e poi fai [{0}] (o trascina) sulla tua [Base]	{0} sobre la [Tabla] y arrastra el icono a tu [Centro Ciudad]	使用 {0} [木板]并拖拽图标至你的[城镇中心]上	[{0}] sur la [Planche] et [{0}] (ou faites glisser l'icône en maintenant {0}) sur votre [Centre-Ville]	[{0}] auf das [Brettersymbol] um sie in deine [Basis] zu liefern	[{0}] no ícone [Plank] e depois [{0}] (ou arraste) para o seu [Town Center]	[{0}] на иконку [Доски] и повторно [{0}] на [Городском центре]	[{0}] no ícone [Tábua] e, em seguida, [{0}] (ou arraste) para o [Centro da Cidade]	使用 {0} [木板]並拖動圖示至你的[城鎮]上	[木の板]を[{0}]し、[町の中心]にドラッグします	[Plank] simgesine [{0}] ve ardından [Şehir Merkezi]'nize [{0}] (veya sürükleyin)	[{0}] na ikonu [prkna] a poté [{0}] (nebo přetažením) do [Centra města]	Fai [{0}] sull'icona delle [Tavole] e poi fai [{0}] (o trascina) sulla tua [Base]
TutorialStepProduceFlour	Porta abbastanza grano al [Frantoio] per produrre [Farina]	Trae suficiente grano al [Molino] para producir [Harina]	将足够的谷物运送到[磨坊]并生产[面粉]	Apportez suffisamment de Blé au [Moulin à nourriture] pour produire de la [Farine]	Bringe genug Getreide zur [Mühle] um einmal [Mehl] herzustellen	Traga grãos suficientes para o [Moinho de Alimentos] para produzir [Farinha]	Доставьте Зерно на [Мельницу] и начните производить [Муку]	Traga grãos suficientes para o [Moinho de Alimentos] para produzir [Farinha]	把足夠的穀物運送到[磨坊]並生產[麵粉]	[食品工場]に小麦を運び、[小麦粉]を生産します	[Un] üretmek için [Gıda Fabrikasına] yeterli Tahıl getirin	Přineste dostatek obilí do [mlýna] k výrobě [mouky]	Porta abbastanza grano al [Frantoio] per produrre [Farina]
TutorialStepBringFlourToMarket	Consegna la farina ad una [Casa] o al [Mercato] per venderla	Lleva la [Harina] al [Mercado de Comida] para venderla	将[面粉]运送到[食物市场]售卖	Apportez la [Farine] à une [Maison] ou au [Marché alimentaire] pour la vendre	Bringe das [Mehl] zum [Markt] um es zu verkaufen	Leve a Farinha para uma [Casa] ou [Mercado de Alimentos] para vendê-la	Доставьте [Муку] на [Рынок], чтобы продать её	Leve a farinha para uma [Casa] ou para o [Mercado de Alimentos] para vendê-la	把[麵粉]運送到[食物市場]銷售	[食品市場]に[小麦粉]を配達して販売してください	Satmak için Unu bir [Eve] veya [Yiyecek Pazarına] getirin	Přineste mouku do [obytných domů] nebo na [potravinový trh], abyste ji prodali	Consegna la farina ad una [Casa] o al [Mercato] per venderla
TutorialStepNoteHappinessDuration	NOTA: Oltre a guadagnare più monete, beni di alto-livello in grado di produrre di più [felicità].	NOTA: Además de ganar más monedas, bienes de mayor nivel también mantendrán la [Felicidad] por más tiempo.	提示：高等级的商品不但可以赚更多的货币，还可以维持更久的[幸福度]。	REMARQUE : Les marchandises de niveau supérieur procureront également du [Bonheur] plus longtemps, en plus de vous faire gagner beaucoup plus de pièces.	HINWEIS: Neben mehr Verdienst, sorgen bessere Waren auch für eine längere [Zufriedenheit]	NOTA: Além de ganhar mais moedas, produtos de nível superior podem produzir mais [Felicidade].	Примечание: товары более высокого уровня приносят больше [Монет] и [Счастья].	OBSERVAÇÃO: Além de ganhar mais moedas, as mercadorias de nível mais alto podem produzir mais [Felicidade].	提示：高等級的商品不但可以賺更多的貨幣，還可以維持更久的[幸福度]。	メモ：より高い品質の商品はより多くのコインを得られることに加えて、より多くの[幸福度]を生み出すことができます	NOT: Daha fazla para kazanmanın yanı sıra, daha yüksek seviyeli ürünler daha fazla [Mutluluk] üretebilir.	POZNÁMKA: Kromě vydělávání více mincí může zboží vyšší úrovně produkovat více [štěstí].	NOTA: Oltre a guadagnare più monete, beni di alto-livello in grado di produrre di più [felicità].
TutorialStepNoteKeepBuildingHouses	NOTA: Continua a costruire e ad aggiornale le [Case] e ad assumere [Lavoratori], così puoi raccogliere le risorse in modo più rapido!	NOTA: ¡Sigue construyendo y mejorando [Casas] y creando [Trabajadores], para que puedas cosechar recursos rapidamente!	提示：不断地建造和升级[住宅]，并且创建[工人]，可使你采集资源的速度更快！	REMARQUE : Continuez à construire, à améliorer les [Maisons] et à créer des [Travailleurs] afin de pouvoir récolter rapidement des ressources !	HINWEIS: Gebäude- und Hauserweiterungen sorgen für Platz für neue [Arbeiter], um noch schneller Ressourcen zu erhalten	NOTA: Continue construindo e atualizando [Casas] e criando [Trabalhadores], para que você possa coletar recursos rapidamente!	Примечание: продолжайте строить и улучшать [Дома], создавать [Рабочих], чтобы еще быстрее добывать ресурсы!	OBSERVAÇÃO: Continue Construindo e Melhorando [Casas] e criando [Trabalhadores], para que você possa colher recursos rapidamente!	提示：不斷地建造和升級[房屋]，並且放置[工人]，可使你採集資源的速度更快！	メモ：[住宅]の建設とアップグレードと[ワーカー]の作成を続けてください	NOT: Kaynakları hızla hasat edebilmek için [Evler] inşa etmeye, yükseltmeye ve [İşçiler] oluşturmaya devam edin!	POZNÁMKA: Pokračujte ve stavbě a upgradu [domů] a vytváření [pracovníků], abyste mohli rychle sklízet zdroje!	NOTA: Continua a costruire e ad aggiornale le [Case] e ad assumere [Lavoratori], così puoi raccogliere le risorse in modo più rapido!
TutorialStepProducePaper	Porta abbastanza [Legna] e [Acqua] alla Segheria per produrre un foglio di [Carta]	Lleva suficiente [Madera] y [Agua] hacia la Serrería para producir una hoja de [Papel]	将足够的[木头]和[水]运送到锯木厂并生产[纸张]	Apportez suffisamment de [Bois] et d'[Eau] à la Scierie pour produire une feuille de [Papier]	Bringe genug [Wasser] und [Holz] zum Sägewerk um [Papier] herzustellen	Leve [Madeira] e [Água] suficientes para a Serraria para produzir uma folha de [Papel]	Доставьте достаточно [Бревен] и [Воды] на лесопилку, чтобы произвести [Бумагу]	Traga [Madeira] e [Água] suficientes para a Serralheria para produzir uma folha de [Papel]	把足夠的[木頭]和[水]運送到木材坊並生產[紙張]	十分な[木材]と[水]を製材所に運び、[紙]を作ります	Bir sayfa [Kağıt] üretmek için Kereste Fabrikasına yeterli miktarda [Tahta] ve [Su] getirin	Přineste dostatek [dřeva] a [vody] do dřevařského závodu na výrobu listu [papíru]	Porta abbastanza [Legna] e [Acqua] alla Segheria per produrre un foglio di [Carta]
TutorialStepSelectAnyResearch	Spingi il tasto [Seleziona progetto] e scegli un qualunque progetto di [Ricerca].	Presiona el botón de [Seleccionar Receta] y elige cualquier receta de [Investigación]	点击[选择配方]按钮并选择任意[研究]配方。	Appuyez sur le bouton [Sélectionner recette] et choisissez une [Recherche].	Drücke auf die [Rezept wählen] Fläche um eine Forschung zu starten	Clique no botão [Selecionar Receita] e escolha qualquer receita [Pesquisar].	Нажмите кнопку [Выбор рецепта] и выберите любой рецепт для [Исследования].	Aperte o botão [Selecione Receita] e escolha qualquer receita [Pesquisa].	點選[選擇配方]按鈕並選擇任意[研究]配方。	[レシピ選択]ボタンを押して、[研究]レシピを選択してください	[Tarif Seç] düğmesine basın ve herhangi bir [Araştırma] tarifini seçin.	Stiskněte tlačítko [Vybrat recept] a vyberte libovolný [výzkum] receptu.	Spingi il tasto [Seleziona progetto] e scegli un qualunque progetto di [Ricerca].
TutorialStepProvideResearchIngredients	Porta la [Carta] alla [Scuola] in modo che possa completare la [Ricerca]. Le monete vengono automaticamente detratte dal tuo inventario.	Traiga el [Papel] a la [Escuela] para que pueda completar [Investigación]. Las monedas se deducen automáticamente de su inventario.	将[纸张]运送到[学校]从而能够完成[研究]。所需货币会自动从你的库存中扣除。	Apportez le [Papier] à l'[École] pour terminer la [Recherche]. Les Pièces sont automatiquement déduites de votre stock.	Bringe das [Papier] zur Schule um die [Forschung] voran zu treiben. Münzen werden automatisch aus dem Inventar benutzt	Leve o [Artigo] para a [Escola] para que ele possa concluir a [Pesquisa]. As moedas são automaticamente deduzidas do seu inventário.	Доставьте [Бумагу] в [Школу], чтобы она могла завершить [Исследование]. Стоимость исследования автоматически вычитается из вашего Общего инвентаря.	Leve o [Papel] para a [Escola] para que ele possa concluir a [Pesquisa]. As moedas são automaticamente deduzidas de seu inventário.	把[紙張]運送到[學校]從而能夠完成[研究]。所需貨幣會自動從你的庫存中扣除。	[研究]を完了できるように[学校]に[紙]を運び続けてください\nコインは共有インベントリから自動的に差し引かれます	[Araştırma]'yı tamamlayabilmesi için [Makaleyi] [Okula] getirin. Paralar envanterinizden otomatik olarak düşülür.	Přineste [Papír] do [Školy], aby mohla dokončit [Výzkum]. Mince se automaticky odečítají z vašeho inventáře.	Porta la [Carta] alla [Scuola] in modo che possa completare la [Ricerca]. Le monete vengono automaticamente detratte dal tuo inventario.
TutorialStateCollectPlanks_Desc	Porta le [Tavole] dalla [Segheria] alla tua [Base] per aggiungerle al tuo inventario.	Lleva la [Tabla] de la [Serrería] a tu [Centro Ciudad] para añadirla a tu inventario.	通过将[木板]从[锯木厂]运送到你的[城镇中心]可将其放入库存。	Apportez la [Planche] de la [Scierie] à votre [Centre-Ville] pour l'ajouter à votre stock.	Bringe die [Bretter] aus dem [Sägewerk] zu deiner [Basis] damit sie zur Verfügung stehen	Leve a [Tábua] da [Serraria] para o [Centro da Cidade] para adicioná-la ao seu inventário.	Доставьте [Доски] из [Лесопилки] на свою [Базу], чтобы добавить их в свой Общий инвентарь.	Leve a [Tábuas] da [Serralheria] para o [Centro da Cidade] para adicioná-la ao seu inventário.	透過把[木板]從[木材坊]運送到你的[城鎮]可將其放入庫存。	[製材所]から[木の板]を[町の中心]に運んでください\n共有インベントリに追加されます	Envanterinize eklemek için [Plank]'ı [Kereste Fabrikası]'ndan [Şehir Merkezinize] getirin.	Přineste [Prkno] od [dřevorubce] do svého [Centra města] a přidejte ho do svého inventáře.	Porta le [Tavole] dalla [Segheria] alla tua [Base] per aggiungerle al tuo inventario.
TutorialStateBuildGrainMill_Desc	I [Frantoi] trasformano il grano in [Farina], che può essere venduta ad un prezzo più elevato ed è utile come ingrediente per creare altri beni.	[Molinos] convierten el grano en [Harina], que puede ser vendido a un precio mayor y es un ingrediente en otros productos.	[磨坊]可将谷物磨成[面粉]，售价更高并且还是其他货物的配方成分。	Les [Moulins à nourriture] transforment le Blé en [Farine], qui peut être vendue à un prix plus élevé et constitue un ingrédient pour d'autres marchandises.	[Kornmühlen] mahlen Getreide zu [Mehl], welches teurer verkauft werden kann und Bestandteil vieler anderer Waren ist	[Moinhos de Alimentos] transformam Grãos em [Farinha], que pode ser vendida por um preço mais alto e é ingrediente de outros produtos.	[Мельница] перемалывает Зерно в [Муку], которая продается по более высокой цене и является ингридиентом при создании других предметов.	Os [Moinhos de Grãos] transformam os grãos em [Farinha], que pode ser vendido por um preço mais alto e é um ingrediente em outros produtos.	[食材坊]可把穀物磨成[麵粉]，售價更高並且[麵粉]還是其他配方的成分。	[食品工場]は小麦を[小麦粉]にします\n他の商品の原料となるほか、より高い価格で売れます	[Gıda Fabrikaları] Tahıl'ı, daha yüksek fiyata satılabilen ve diğer malların bir bileşeni olan [Un]'a dönüştürür.	[Mlýny] přeměňují obilí na [mouku], kterou lze prodávat za vyšší cenu a je součástí jiného zboží.	I [Frantoi] trasformano il grano in [Farina], che può essere venduta ad un prezzo più elevato ed è utile come ingrediente per creare altri beni.
TutorialStateSellFlour_Desc	Adesso puoi produrre la [Farina] e venderla al [Mercato] in cambio di molte monete.	Ahora, se puede producir [Harina] y venderla en el [Mercado] por una gran cantidad de monedas	你现在可以生产[面粉]并将其卖到[市场]换取大量货币。	Vous pouvez maintenant produire de la [Farine] et la vendre au [Marché] pour gagner beaucoup de pièces.	Jetzt kannst du [Mehl] produzieren. Verkauf es auf dem [Markt] für eine Menge Münzen	Agora você pode produzir [Farinha] e vendê-la no [Mercado] por muitas moedas.	Теперь вы можете производить [Муку] и продавать ее на [Рынке] за большее количество монет.	Agora, você pode produzir [Farinha] e vendê-la no [Mercado] por muitas moedas.	你現在可以生產[麵粉]並將其賣到[食物市場]換取大量貨幣。	[小麦粉]を生産して[市場]で販売しましょう\nより多くのコインが得られます	Artık [Un] üretebilir ve onu [Pazarda] çok para karşılığında satabilirsiniz.	Nyní můžete vyrobit [mouku] a prodat ji na [trhu] za spoustu mincí.	Adesso puoi produrre la [Farina] e venderla al [Mercato] in cambio di molte monete.
TutorialStateBuildSchool_Desc	Una [Scuola] ti permetterà di ricercare nuovi edifici e tecnologie utili.	Una [escuela] le permitirá la investigación de los nuevos edificios y tecnologías útiles	[学校]可用于研究新的建筑以及其他有用的科技	Livrez du papier, des livres et d'autres matériels de recherche à une [École] et celle-ci les distribuera automatiquement à toutes les maisons de la même ville - tout comme le marché alimentaire.	In der [Schule] lassen sich viele neue Gebäude und Technologien erforschen	Entregue papéis, livros e outros materiais de pesquisa para uma [Escola] e ela os distribuirá automaticamente para todas as casas da mesma cidade - assim como funciona o Mercado de Alimentos.	[Школа] позволит вам исследовать много новых зданий и полезных технологий	Entregue papel, livros e outros materiais de pesquisa a uma [Escola] e ela os distribuirá automaticamente a todas as casas da mesma cidade - exatamente como funciona o Mercado de Alimentos.	[學校]可用於研究新的建築以及其他有用的科技	[学校]に紙や本などの研究材料を届けると、同じ町のすべての家に自動的に配布します。	Kağıtları, kitapları ve diğer araştırma materyallerini bir [Okula] teslim edin ve okul bunları aynı kasabadaki tüm evlere otomatik olarak dağıtacaktır; tıpkı Gıda Pazarı'nın işleyişi gibi.	Doručte do [školy] papír, knihy a další výzkumné materiály a ta je automaticky distribuuje do všech domů ve stejném městě – stejně jako funguje potravinový trh.	Una [Scuola] ti permetterà di ricercare nuovi edifici e tecnologie utili.
TutorialStateCraftPaper_Desc	Adesso la [Segheria] può produrre la [Carta]. Questo progetto richiede dell'[Acqua].\n\nPuoi ordinare ad un lavoratore di portare l'acqua o posizionare una [Segheria] vicino all'acqua per rifornirla automaticamente.	La [Serrería] ahora puede producir [Papel]. Esta receta requiere [Agua] \n\n Se le puede ordenar a un trabajador que abastezca con agua, o colocar una nueva serreria junto al agua para abastecer automaticamente	[锯木厂]现在能够生产[纸张]了，其配方需要[水]。你可以指挥一个工人运送水，也可以紧贴着水边建立一个新的[锯木厂]，这样水会自动供应。	La [Scierie] peut maintenant produire du [Papier]. Cette recette nécessite de l'[Eau].\n\nVous pouvez demander à un travailleur d’apporter de l’eau ou placer une nouvelle [Scierie] à côté de l’eau pour l’alimenter automatiquement.	Das [Sägewerk] kann nun [Papier] herstellen. Dies erfordert [Wasser].\n\nStelle einen Arbeiter an, Wasser zu liefern oder baue das [Sägewerk] am Wasser um es automatisch zu beliefern	A [Serraria] também pode produzir [Papel]. Esta receita requer [Água].\n\nVocê pode dizer a um trabalhador para trazer água de um [Poço] ou colocar uma nova [Serraria] próxima à água para fornecê-la automaticamente.	Теперь [Лесопилка] может производить [Бумагу]. Для этого рецепта требуется [Вода].\n\nВы можете отдать рабочему приказ приносить воду, или разместить новую [Лесопилку] рядом с водоемом, чтобы она получала воду автоматически.	A [Serralheria] também pode produzir [Papel]. Essa receita requer [Água]. Você pode instruir um funcionário a trazer água de um [Poço] ou colocar uma nova [Serralheria] próxima à água para fornecê-la automaticamente.	[木材坊]現在能夠生產[紙張]了，其配方需要[水]。\n\n你可以指揮一個工人運送水，也可以緊貼著水邊建立一個新的[木材坊]，這樣水會自動供應。	[製材所]は[紙]も生産できます。\n[紙]の作成には[水]が必要です。\n\nワーカーに[井戸]から水を持ってくるように指示するか、水場の隣に[製材所]を置くと自動的に水が供給されます。	[Kereste Fabrikası] aynı zamanda [Kağıt] da üretebilir. Bu tarif [Su] gerektirir.\n\nBir işçiye bir [Kuyu]'dan su getirmesini söyleyebilir veya otomatik olarak sağlamak için suyun yanına yeni bir [Kereste Fabrikası] yerleştirebilirsiniz.	[Dřevorubec] může také vyrábět [papír]. Tento recept vyžaduje [Vodu].\n\nMůžete říct dělníkovi, aby přinesl vodu ze [Studny], nebo můžete vedle vody postavit nového [dřevorubce], aby ji automaticky dodal.	Adesso la [Segheria] può produrre la [Carta]. Questo progetto richiede dell'[Acqua].\n\nPuoi ordinare ad un lavoratore di portare l'acqua o posizionare una [Segheria] vicino all'acqua per rifornirla automaticamente.
TutorialStateCompleteResearch_Desc	La scuola necessiterà di molta [Carta] e [Monete] per completare una ricerca	El colegio requerirá de mucho [Papel] y [Monedas] para completar la investigación	学校需要大量的[纸张]和[货币]来进行研究。	La recherche sur le [Traitement des céréales] débloque le bâtiment [Moulin à nourriture], qui peut transformer les céréales en une [Farine] plus précieuse ! 	Durch die Forschung [Getreideverarbeitung] wird die [Kornmühle] freigeschaltet, die das [Getreide] zu hochwertigerem [Mehl] verarbeiten kann	A pesquisa [Processamento de grãos] desbloqueará o prédio [Moinho de alimentos], que pode transformar grãos em [Farinha] mais valiosa! 	Для проведения Исследований, Школе понадобится большое количество [Бумаги] и [Монет] .	A pesquisa [Processamento de Grãos] desbloqueará o edifício [Moinho de Grãos], que pode transformar o grão em [Farinha], que é mais valioso! 	學校需要大量的[紙張]和[貨幣]來進行研究。	[穀物加工]の研究では、[食品工場]の建物がアンロックされ、小麦をより価値の高い[小麦粉]に変えることができます。	[Tahıl İşleme] Araştırması, Tahıl'ı daha değerli [Un]'a dönüştürebilecek [Yiyecek Değirmeni] binasının kilidini açacaktır! 	Výzkum [Zpracování obilí] odemkne budovu [Mlýn], která může z obilí udělat cennější [Mouku]!	La scuola necessiterà di molta [Carta] e [Monete] per completare una ricerca
TutorialStepCraftResearchMultipleTimes	Esegui abbastanza volte il progetto di [Ricerca] per completare la ricerca	Produce la receta de [Investigacion] suficientes veces para completar la investigación	当生产[研究]配方达到了一定的次数后就会完成研究	Produire la recette demandée par la [Recherche] suffisamment de fois pour la terminer.	Lasse der Forschung genug Zeit bis sie zum Abschluss gebracht wurde	Produza a receita [Pesquisa] vezes suficientes para completar a pesquisa	Дождитесь полного завершения Исследования	Produzir a receita [Pesquisa] vezes pode ser suficientes para concluir a pesquisa	當生產[研究]配方達到了一定的次數後就會完成研究	研究が完了するまで根気強く[研究]レシピの生産を続けてください	[Araştırma] tarifini araştırmayı tamamlamaya yetecek kadar üretin	Vytvořte recept [výzkumu] tolikrát, abyste dokončili výzkum	Esegui abbastanza volte il progetto di [Ricerca] per completare la ricerca
TutorialStepNoteHouseUpgradeRequirement	Si noti che la casa ha un misuratore [punti esperienza]. Questo contatore è pieno fornendo oggetti alla casa.	Tenga en cuenta que la Casa tiene un medidor [Puntos de experiencia]. Este medidor se llena proporcionando artículos a la casa.	提示：房屋有一个经验条。这个经验条是通过向房屋提供物品来提升的	Notez que la maison possède un compteur de [points d'expérience]. Ce compteur se rempli en fournissant des articles aux maisons.	Beachte, dass das Haus [Erfahrungspunkte] für seine nächste Stufe braucht. Liefere Gegenstände zum Haus, um Erfahrungspunkte zu gewinnen	Note que a casa tem um medidor [pontos de experiência]. Este medidor é preenchido fornecendo itens para a casa.	Примечание: Обратите внимание, что [Дом] требует [Доски] для следующего апгрейда	OBSERVAÇÃO: a Casa tem um medidor de [Pontos de Experiência]. Esse medidor é preenchido com o fornecimento de itens para a Casa.	注意：目前房屋需要[木板]來進行下次升級。	なお、住宅には「経験値」メーターがあります。このメーターは、住宅に商品を提供することで満たされます。	Hanenin bir [Deneyim Puanı] sayacına sahip olduğunu unutmayın. Bu sayaç Hane'ye eşya sağlanarak doldurulur.	Všimněte si, že dům má měřič [zkušenostních bodů]. Tento metr se plní zásobováním položek do domu.	Si noti che la casa ha un misuratore [punti esperienza]. Questo contatore è pieno fornendo oggetti alla casa.
TutorialStepDeliverPlanksToHouse	Consegna più beni a casa fino a ottenere un livello.	Entregue más productos a la Casa hasta que suba un nivel.	将更多的货物运输到房屋，直到它达到下一级。	Livrer plus de marchandises à la maison jusqu'à ce qu'elle gagne un niveau.	Liefere mehr Gegenstände zum Haus, um das nächste Häuserlevel zu erreichen	Entregar mais mercadorias para a casa até que ganhe um nível.	Доставить [Доски] к [Дому]	Entregue mais mercadorias à Casa até que ela ganhe um nível.	運送[木板]至房屋。	住宅のレベルが上がるまでもっと商品を届けてください	Bir seviye kazanana kadar Hane'ye daha fazla mal teslim edin.	Doručte do domu více zboží, dokud nezíská další úroveň.	Consegna più beni a casa fino a ottenere un livello.
TutorialStepNoteHouseAutomaticallyUpgrades	Fai doppio clic sulla casa per vedere tutti i diversi tipi di merci che può consumare.	Haga doble clic en la Casa para ver todos los diferentes tipos de productos que puede consumir.	双击房子，查看它可以消耗的所有不同类型的商品。	Double-cliquez sur la maison pour voir tous les différents types de biens qu'elle peut consommer.	Das Haus wird genau wie bei Nahrung die Waren kaufen und verbrauchen. Wenn genug Planken geliefert wurden, levelt es automatisch auf.	Clique duas vezes na casa para ver todos os diferentes tipos de mercadorias que ele pode consumir.	Дом будет покупать и потреблять товар, так же, как продукты питания. Когда достаточное количество [Досок] будет приобретено, дом модернизирует автоматически	Clique duas vezes na Casa para ver todos os diferentes tipos de produtos que ela pode consumir.	房屋將會購買和消耗物品，就像食物。當被提供足夠多的木板，房屋將自動升級。	住宅をダブルクリックすると、住宅が消費できるすべての種類の商品が表示されます	Tüketebileceği tüm farklı ürün türlerini görmek için Evin üzerine çift tıklayın.	Poklepáním na dům zobrazíte všechny různé druhy zboží, které dům spotřebovává.	Fai doppio clic sulla casa per vedere tutti i diversi tipi di merci che può consumare.
TutorialStateBuildMarket_Desc	I [Mercati] venderanno automaticamente gli oggetti alle case vicine, rendendoti molto più facile guadagnare [Monete].	El [Mercado] se puede cargar con artículos, y las Casas cercanas los comprarán automáticamente\n\nEs mucho más eficiente y conveniente que llevar los bienes a las casas individualmente.	[市场]可以存储物品，并且附近的住宅会自动来购买。这要比挨家挨户单独运送要有效率的多。	Les [Marchés] vendront automatiquement les biens aux maisons proches, rendant plus facile le gain de [Pièces].	[Märkte] sind ein weiterer Weg [Münzen] zu verdienen. Der [Markt] verkauft eine Reihe von essbaren Waren. Waren höherer Qualität sind wertvoller. 	[Mercados] venderão itens automaticamente para Casas próximas, tornando muito mais fácil ganhar [Moedas], [Pontos de Experiência] e [Felicidade].	[Рынки] - это еще один способ заработать [Монеты]. На продовольственном рынке будут продаваться различные съедобные продукты. Более высококачественные товары ценятся больше.	Os [Mercados] venderão itens automaticamente para as Casas próximas, facilitando muito a obtenção de [Moedas], [Pontos de experiência] e [Felicidade].	[食物市場]可以儲存物品，並且附近的房屋會自動來購買。\n\n這要比挨家挨戶單獨運送要有效率的多。	[市場]は近くの住宅にアイテムを自動的に販売するため、[コイン]や[経験値]、[幸福度]を得るのが簡単になります	[Pazarlar] öğeleri yakındaki Evlere otomatik olarak satacak ve böylece [Para], [Deneyim Puanı] ve [Mutluluk] kazanmayı çok daha kolay hale getirecek.	[Tržiště] bude automaticky prodávat předměty do blízkých domů, takže je mnohem snazší vydělávat [mince], [body zkušeností] a [štěstí].	I [Mercati] venderanno automaticamente gli oggetti alle case vicine, rendendoti molto più facile guadagnare [Monete].
TutorialStateSupplyMarket_Desc	Consegnando un oggetto al [Mercato] farà sì che possa essere venduto automaticamente alle case connesse.	Las Casas comprarán los artículos que más requieran automáticamente de los [Mercados] cercanos	房屋会从附近的[市场]中自动购买他们所最需要的物品。	Livrer un bien au [Marché] le vendra automatiquement aux maisons connectées.	[Märkte] verkaufen Gegenstände aus ihrem Inventar an nahe Häuser und generieren [Münzen] als auch [Zufriedenheit] abhängig von der Qualität und Vielfalt der verkauften Gegenstände.	Entregar um item em um [Mercado de Alimentos] irá vendê-lo automaticamente para Casas conectadas.	[Рынки] будут продавать в близлежащие дома предметы из своего инвентаря и генерировать [Монеты] и [Счастье], в зависимости от качества и разнообразия продаваемых товаров.	A entrega de um item no [Mercado de Alimentos] o venderá automaticamente para as Casas conectadas.	房屋會從附近的[食物市場]中自動購買他們所最需要的物品。	[食品市場]にアイテムを配送すると、接続されている住宅に自動的に販売されます	Bir öğeyi bir [Gıda Pazarı]'na teslim etmek, onu otomatik olarak bağlı Evlere satacaktır.	Doručením položky na [potravinový trh] se automaticky prodá do připojených domů.	Consegnando un oggetto al [Mercato] farà sì che possa essere venduto automaticamente alle case connesse.
TutorialStateSupplyGeneralGoods_Desc	Proprio come i mercati del cibo, qualsiasi articolo portato a un [General Store] sarà automaticamente venduto a case nella stessa città.	Al igual que los Mercados de Alimentos, cualquier artículo traído a una [Tienda General] se venderá automáticamente a las Casas en el mismo Centro Ciudad.	就像食品市场一样，向[普通商店]带来的任何物品将自动出售给同一个城镇的房屋。	Tout comme les marchés alimentaires, tous les articles apportés dans un [Magasin général] seront automatiquement vendus aux maisons de la même ville.	Genau wie bei Märkten werden alle Gegenstände, die zu einem [Gemischtwarenladen] gebracht werden, automatisch an alle Häuser in der gleichen Stadt verkauft .	Assim como os mercados de alimentos, quaisquer itens trazidos para uma [General Store] serão automaticamente vendidos para casas na mesma cidade.	Также как продовольственные рынки, любые предметы, привезенные в [General Store], будут автоматически проданы дома в том же городе.	Assim como os Mercados de Alimentos, todos os itens trazidos para uma [Suprimentos Gerais] serão automaticamente vendidos para Casas na mesma Cidade.	就像食物市場一樣，任何帶到[一般商店]的物品都會自動出售給同一城鎮的房屋。	食品市場と同様に、[雑貨店]に持ち込まれたアイテムは自動的に同じ町の住宅に販売されます。	Tıpkı Yiyecek Pazarlarında olduğu gibi, bir [Genel Mağazaya] getirilen tüm ürünler otomatik olarak aynı Kasabadaki Evlere satılacaktır.	Stejně jako na potravinových trzích budou všechny položky přinesené do [Obchodu] automaticky prodány domům ve stejném městě.	Proprio come i mercati del cibo, qualsiasi articolo portato a un [General Store] sarà automaticamente venduto a case nella stessa città.
TutorialStateUpgradeBase_Desc	Il tuo [Base] può essere aggiornato per aumentare la [House Limite] così come la capacità di storage.	Su [Centro Ciudad] se puede mejorar para incrementar el [Limite de casas] y tu capacidad de almacenamiento.	你可以升级[城镇中心]以提高[房屋数量上限]以及库存空间。	Votre [Centre-Ville] peut être amélioré pour augmenter la zone de la ville et pour accèder aux [spécialités de la ville] utiles.	Die [Basis] kann aufgerüstet werden um das [Hauslimit] sowie die Lagerkapazität zu erhöhen	Seu [Centro da Cidade] pode ser atualizado para aumentar a área da cidade e para acessar [Especialidades da Cidade] úteis.	Вы можете улучшить [Городской центр], чтобы увеличить [Лимит зданий], а также емкость хранилища.	Seu [Centro da Cidade] pode ser melhorado para aumentar a área da cidade e para acessar [Especialidades da Cidade] úteis.	你可以升級[城鎮中心]以提高[房屋數量上限]以及庫存空間。	[町の中心]をアップグレードすることで、街の面積を増やしたり、[町の特色]を入手することができます	[Şehir Merkeziniz], kasabanın alanını artırmak ve yararlı [Kasaba Özellikleri]'ne erişmek için yükseltilebilir.	Vaše [Centrum města] lze upgradovat, abyste zvětšili rozlohu města a zpřístupnili užitečné [Městské speciality].	Il tuo [Base] può essere aggiornato per aumentare la [House Limite] così come la capacità di storage.
TutorialStateUpgradeBaseAgain_Desc	Il tuo [Base] può essere aggiornato ulteriormente per aumentare la [House Limite]. Base Aggiornamenti spesso sbloccare nuove ricette di ricerca come bene.	Su [Centro Ciudad] se puede mejorar para incrementar el [Limite de casas]. Mejoras de Base tambien desbloquearan nuevas recetas	你可以升级[城镇中心]以提高[房屋数量上限]，同时还会解锁新的研究配方。	Votre [Centre-Ville] peut être amélioré pour augmenter la [Limite de maisons]. Les améliorations du centre-ville déverrouillent également de nouvelles recettes de recherche.	Deine [Basis] kann weiter verbessert werden um das [Hauslimit] zu erhöhen. Basisverbesserungen sorgen manchmal auch zur Freischaltung von Forschungsrezepten	Seu [Centro da Cidade] pode ser melhorado ainda mais para aumentar o [Limite de Casas]. As atualizações de base também desbloquearão frequentemente novas receitas de pesquisa.	Вы можете многократно улучшать свой [Городской центр], каждый раз увеличивая [Лимит зданий]. Улучшения Городского центра часто открывают новые рецепты исследований.	Seu [Centro da Cidade] pode ser melhorado ainda mais para aumentar o [Limite da casa]. Os melhoramentos do Centro geralmente também desbloqueiam novas receitas de pesquisa.	你可以升級[城鎮中心]以提高[房屋數量上限]，同時還會解鎖新的研究配方。	[町の中心]をさらにアップグレードして[住宅上限]を増やすことができます。\n\n町の中心のアップグレードは新しい研究レシピをアンロックします	[Şehir Merkeziniz], [Ev Limiti]'ni artırmak için daha da yükseltilebilir. Üs Yükseltmeleri sıklıkla yeni araştırma tariflerinin de kilidini açar.	Vaše [Centrum města] lze dále upgradovat a zvýšit tak [limit obyvatelstva domů]. Upgrady základny často také odemknou nové výzkumné recepty.	Il tuo [Base] può essere aggiornato ulteriormente per aumentare la [House Limite]. Base Aggiornamenti spesso sbloccare nuove ricette di ricerca come bene.
TutorialStateBuildGeneralGoods_Desc	Un [Emporio] può vendere automaticamente [Tavole], [Mattoni di pietra] ed altri oggetti di utilità, proprio come il mercato può vendere oggetti correlati al cibo.	La tienda de [Bienes Generales] puede vender automaticamente [Tablas], [Ladrillos de Piedra], y otros artículos de utilidad a Casas cercanas, al igual que el mercado de comida lo hace con artículos comestibles.	[日用商品]商店可以自动向周围住宅销售[木板]，[石块]等货物，就如同食物市场销售食物相关货物一样。	Un [Magasin général] peut automatiquement vendre des [Planches], des [Briques de pierre] et d'autres objets, tout comme le Marché alimentaire peut vendre des produits alimentaires.	Ein [Gemischtwarenladen] kann automatisch [Bretter], [Steinblöcke] und andere Gebrauchsgüter verkaufen, genauso wie der Lebensmittelladen essbare Gegenstände verkaufen kann.	Uma loja de [Bens Gerais] pode vender automaticamente [Tábuas], [Tijolos de Pedra] e outros itens utilitários, assim como o Mercado de Alimentos pode vender itens relacionados a alimentos.	[Магазин] автоматически продает [Доски], [Кирпичи] и другие предметы в близлежащие Дома, так же как Рынок продает продукты питания.	Uma loja de [Mercadorias Gerais.] pode vender automaticamente [Tábuas], [Tijolo de Pedra] e outros itens utilitários, assim como o Mercado de Alimentos pode vender itens relacionados a alimentos.	[一般]商店可以自動出售 [木板]、[石磚] 等實用物品，就像食物市場可以出售與食物相關的商品一樣。	食品市場で食品関連の商品を販売できるように、[雑貨店]では[木の板]、[石レンガ]などの日用品を自動的に販売できます	Bir [Genel Ürünler] mağazası, tıpkı Gıda Pazarı'nın gıdayla ilgili ürünleri satabildiği gibi, [Planks], [Taş Tuğlalar] ve diğer faydalı ürünleri otomatik olarak satabilir.	Obchod [se smíšeným zbožím] může automaticky prodávat [Prkna], [Cihly] a další užitečné předměty, stejně jako potravinový trh může prodávat předměty související s potravinami.	Un [Emporio] può vendere automaticamente [Tavole], [Mattoni di pietra] ed altri oggetti di utilità, proprio come il mercato può vendere oggetti correlati al cibo.
TutorialStateEarnRedCoin_Desc	Gli oggetti venduti all'emporio produrranno [Monete rosse], che sono una valuta speciale di cui avrai bisogno per aggiornamenti, ricerche e progetti specializzati.	Muchos artículos vendidos en la tienda general producirán [monedas rojas], que son una moneda especial utilizada para las actualizaciones, la investigación y las recetas avanzadas.	不同类型的货物可以赚取不同的货币，可用在研究以及建造特殊的建筑之中。	La plupart des objets vendus au [Magasin général] produiront des [Pièces rouges], qui est la monnaie spéciale utilisée pour faire des améliorations, de la recherche et pour les recettes avancées.	Gegenstände die im [Gemischtwarenladen] verkauft werden produzieren [Rote Münzen], welche eine spezielle Währung sind die du für Verbesserungen, Forschung, und spezielle Rezepte benötigst.	Muitos itens vendidos no General Store produzirão [Red Coins], que são uma moeda especial usada para atualizações, pesquisas e receitas avançadas.	Предметы, продаваемые в Магазине, будут приносить [Красные монеты], особую валюту, которая понадобится вам для улучшений, исследований и специализированных рецептов.	Muitos itens vendidos na Mercadorias Gerais produzirão [Moedas Vermelhas], que são uma moeda especial usada para Melhorias , pesquisas e receitas avançadas.	在一般商店出售的許多物品都可以獲得[紅幣]，這是用於升級，研究和高級配方的特殊貨幣。	雑貨店で販売されるアイテムの多くはアップグレードや\n研究、高度なレシピに使用される[赤コイン]を生み出します	Markette satılan birçok ürün, yükseltmeler, araştırmalar ve gelişmiş tarifler için kullanılan özel bir para birimi olan [Kırmızı Paralar] üretecektir.	Mnoho položek prodávaných ve smíšeném zboží bude produkovat [Červené mince], což je speciální měna používaná pro upgrady, výzkum a pokročilé recepty.	Gli oggetti venduti all'emporio produrranno [Monete rosse], che sono una valuta speciale di cui avrai bisogno per aggiornamenti, ricerche e progetti specializzati.
TutorialStateUpgradeHouse_Desc	Le case possono essere aggiornate per aumentare ulteriormente il [Limite di Popolazione]	Las casas pueden ser mejoradas para incrementar el [Limite de Poblacion]. n\nLas Casas mejoradas consumiran bienes más rápido, permitiéndote ganar más monedas.	可以升级房屋以增加[人口上限]。升级后的房屋消耗货物的速度也更快，可让你赚更多货币。	Les Maisons peuvent être améliorées pour augmenter la [Limite de population].	Häuser können verbessert werden um das [Bevölkerungslimit] zu erhöhen.	As casas podem ser melhoradas para aumentar ainda mais o [Limite de População].	Улучшайте Дома, чтобы увеличить [Лимит населения].	As casas podem ser Melhoradas para aumentar ainda mais o [Limite de População].	可以升級房屋以增加[人口上限]。\n\n升級后的房屋消耗貨物的速度也更快，可讓你賺更多貨幣。	住宅をアップグレードすることで、さらに[人口収容量]を増やすことができます	[Nüfus Limiti]'ni daha da artırmak için evler yükseltilebilir.	Domy lze upgradovat a dále zvýšit [populační limit obyvatel].	Le case possono essere aggiornate per aumentare ulteriormente il [Limite di Popolazione]
TutorialStateSupplyUpgradedHouse_Desc	Case possono accettare una vasta gamma di beni che possono guadagnare diversi tipi di monete. \ N \ Neach Beni forniti attivamente categoria che si guadagna anche Felicità supplementare, che aumenta bonus di base velocità di produzione della vostra città.	Las casas pueden aceptar una gran variedad de bienes que pueden ganar diferentes tipos de monedas. Cada categoría que esté suministrada activamente aumenta la Felicidad, lo que incrementa la base del bonus de velocidad de tu ciudad.	房屋会接受不同种类的货物，并产生不同种类的货币。货物的每种类型会提供额外的幸福度，幸福度决定你的基础生产速度加成。	Les Maisons acceptent une variété de produits pouvant générer différents types de pièces.\n\nChaque produit fourni vous rapporte aussi du Bonheur supplémentaire, ce qui augmente le bonus de vitesse de production de votre ville.	Häuser kaufen verschiedene Waren für verschiedene Münzen.\n\nJede Ware liefert auch eine gewisse Zufriedenheit, welche die Grundgeschwindigkeit der Produktionen in deiner Stadt beeinflusst	As casas podem aceitar uma grande variedade de produtos que podem render diferentes tipos de moedas.\n\nCada categoria de produtos fornecidos ativamente também rende Felicidade adicional, o que aumenta o bônus básico de velocidade de produção da sua cidade.	Дома потребляют разные категории товаров, которые оплачиваются разными типами Монет.\n\nКаждая активно продаваемая категория товаров увеличивает параметр [Счастье], которое влияет на базовую скорость производства в вашем городе.	As casas podem aceitar uma grande variedade de mercadorias que podem render diferentes tipos de moedas. Cada categoria de Mercadoria fornecida ativamente também lhe rende Felicidade adicional, que aumenta o bônus de velocidade de produção de base da sua cidade.	房屋可以接受各種各樣的商品，可以賺取不同的硬幣類型。\n\n每個積極提供的商品類別還會為您帶來額外的幸福度，這會增加您城鎮的基線生產速度加成。	住宅はさまざまな商品を購入します\n\n供給される商品の種類が多ければ多いほど幸福度が得られます	Evler, farklı para türleri kazanabilecek çok çeşitli malları kabul edebilir.\n\nAktif olarak tedarik edilen her Mal kategorisi ayrıca size kasabanızın temel üretim hızı bonusunu artıran ek Mutluluk kazandırır.	Domy mohou přijímat širokou škálu zboží, které může vydělávat různé typy mincí.\n\nKaždá kategorie aktivně dodávaného zboží vám také vydělává další Štěstí, což zvyšuje bonus k základní rychlosti produkce vašeho města.	Case possono accettare una vasta gamma di beni che possono guadagnare diversi tipi di monete. \ N \ Neach Beni forniti attivamente categoria che si guadagna anche Felicità supplementare, che aumenta bonus di base velocità di produzione della vostra città.
TutorialStateBuildWorkshop_Desc	L'[Officina] ti permette di creare [Ruote di legno], [Nastri trasportatori] e molti altri oggetti utili per automatizzare la tua città.	El [Taller] te permite construir [Ruedas de Madera], [Cintas transportadoras], y muchos otros artículos útiles y valiosos para ayudar a automatizar tu ciudad	[制造工坊]能够生产[木轮]，[传送带]等有价值的货物以帮助你建造自动化的城镇。	L'[Atelier] permet de fabriquer des [Roues en bois], des [Tapis roulants] et de nombreux autres objets utiles et précieux pour aider à automatiser votre ville.	In der [Werkstatt] kannst du [Holzräder], [Förderbänder] und viele andere Sachen für die Automatisierung deiner Stadt herstellen.	A [Oficina] permite criar [Rodas de Madeira], [Correias Transportadoras] e muitos outros itens úteis para ajudar a automatizar sua cidade.	[Мастерская] позволяет вам создавать [Деревянные колеса], [Конвейеры] и многие другие полезные предметы, которые помогут автоматизировать ваш город.	A [Oficina] permite que você crie [Rodas de Madeira], [Esteiras] e muitos outros itens úteis para ajudar a automatizar sua cidade.	[工坊]可讓您製作[木輪]、[輸送帶] 和許多其他有用的物品，以幫助您的城鎮實現自動化。	[工房]で[木の車輪]、[搬送ベルト]を作成しましょう\n町の自動化に役立つ便利なアイテムです	[Atölye], şehrinizi otomatikleştirmeye yardımcı olacak [Tahta Tekerlekler], [Taşıma Bantları] ve diğer birçok yararlı öğeyi üretmenizi sağlar.	[Dílna] vám umožní vyrobit [dřevěná kola], [dopravní pásy] a mnoho dalších užitečných předmětů, které vám pomohou automatizovat vaše město.	L'[Officina] ti permette di creare [Ruote di legno], [Nastri trasportatori] e molti altri oggetti utili per automatizzare la tua città.
TutorialStateBuildBarn_Desc	[Barns] sono strutture speciali storage condiviso. Qualsiasi elemento si posiziona non è utilizzabile quando si posiziona un nuovo edificio o l'acquisto di un aggiornamento.	El [Granero] es un edificio especial de almacenamiento. Cualquier artículo que coloques aquí es utilizable para colocar un nuevo edificio o al comprar una mejora	[仓库]是特殊的共享储存建筑，放入其中的任何物品都可用于建造新建筑或升级。	Les [Granges] sont des structures de [Stockage partagé]. Tout article que vous y mettez est utilisé lors du placement d'un nouveau bâtiment ou pour l'achat d'amélioration.	[Lager] sind spezielle Speichereinrichtungen deren Ressourcen überall zum Bau von Gebäuden zur Verfügung stehen	[Celeiros] são estruturas especiais de armazenamento compartilhado. Qualquer item que você colocar lá poderá ser usado ao construir um novo edifício ou comprar uma atualização.	[Амбары], это специальные структуры Общего инвентаря. Любой предмет, который вы поместите туда, можно использовать при строительстве нового здания или его улучшении.	Os [Celeiros] são estruturas especiais de armazenamento compartilhado. Qualquer item que você colocar ali poderá ser usado ao colocar um novo edifício ou comprar um Melhoramento.	[穀倉]是特殊的共享儲存建築，您放置在那裡的任何物品在建造新建築或升級時都可用。	[倉庫]は特別な共有ストレージ施設です\n倉庫に置かれたアイテムは共有ストレージとして扱われ、新しい建物の建設やアップグレードするときに使用されます	[Ahırlar] özel paylaşımlı depolama yapılarıdır. Oraya yerleştirdiğiniz herhangi bir öğe, yeni bir bina inşa ederken veya bir yükseltme satın alırken kullanılabilir.	[Stodoly] jsou speciální sdílené skladovací struktury. Jakýkoli předmět, který tam umístíte, je použitelný při umístění nové budovy nebo při nákupu vylepšení.	[Barns] sono strutture speciali storage condiviso. Qualsiasi elemento si posiziona non è utilizzabile quando si posiziona un nuovo edificio o l'acquisto di un aggiornamento.
TutorialStateCreateWagon_Desc	I [Carri] possono trasportare 4 oggetti alla volta, ma non possono raccogliere oggetti. Si muovono molto più velocemente su [Strade] di pietra.	Los [Vagones] pueden mover hasta 4 artículos a la vez, pero no pueden cosechar recursos. Tambien se mueven mucho más rápido en [Calles] de piedra.	[手推车]一次可以运送4个货物，但是不能采集资源。它们在[石路]上的移动速度更快。	Les [Chariots] peuvent déplacer 4 objets à la fois, mais ils ne peuvent pas les récolter. Ils se déplacent également beaucoup plus rapidement sur les [Routes] en pierre.	[Wagen] können vier Ressourcen auf einmal bewegen, können aber selbst nicht ernten oder abbauen. Dafür bewegen sie sich aber viel schneller auf [Straßen]	[Vagões] podem mover 4 itens por vez, mas não podem colher itens. Eles também se movem muito mais rápido em [estradas] de pedra.	[Тележки] могут перемещать 4 предмета за раз, но не могут добывать ресурсы. Они намного быстрее передвигаются по [Дорогам].	As [Carroças] podem mover 4 itens por vez, mas não podem colher itens. Elas também se movem muito mais rápido em estradas de pedra.	[手推車]一次可以運送4個物品，但不能採集資源。 他們在石頭[道路]上的移動速度也快得多。	[ワゴン]は一度に4つのアイテムを運搬できます\nまた[道路]の上ではより速く動きます\nただし、天然資源を収穫することができません	[Vagonlar] aynı anda 4 öğeyi taşıyabilir ancak öğeleri hasat edemezler. Ayrıca taş [Yollar] üzerinde çok daha hızlı hareket ederler.	[Vagóny] mohou převážet 4 předměty najednou, ale nemohou sklízet předměty. Pohybují se také mnohem rychleji na kamenných [silnicích].	I [Carri] possono trasportare 4 oggetti alla volta, ma non possono raccogliere oggetti. Si muovono molto più velocemente su [Strade] di pietra.
TutorialStateBuildChute_Desc	Gli [Scivoli] possono essere usati per far rotolare determinate risorse naturali direttamente dentro o fuori dagli edifici. Può accelerare notevolmente la produzione poiché i lavoratori non dovranno viaggiare lontano.	Las [Tolvas] pueden ser utilizadas para mover ciertos recursos naturales directamente dentro o fuera de edificios. Puede acelerar la producción ya que los trabajadores no tienen que viajar tan lejos.	[滑道]用于将部分自然资源滚入滚出建筑。因为工人无需来回运送货物，因此可以极大提高生产效率。	Les [Glissières] peuvent être utilisées pour faire glisser certaines ressources naturelles directement dans et hors des bâtiments. Cela pourrait accélérer la production car les travailleurs n'auront pas à voyager aussi loin. (Attention, les objets ne pourront monter une pente dans une glissière qu'avec suffisamment d'élan...)	[Rutschen] können bestimmte Ressourcen direkt zu den Gebäuden rollen lassen. Das kann die Produktion stark erhöhen, da Arbeiter nicht mehr so weit laufen müssen	[Chutes] podem ser usados ​​para transportar certos recursos naturais diretamente para dentro ou para fora dos edifícios. Pode acelerar bastante a produção porque os trabalhadores não terão que viajar tão longe.	[Желоба] используются для доставки определенных природных ресурсов непосредственно в здания. Это значительно ускоряет производство, т.к. рабочим не приходиться далеко относить предметы.	As [Calhas] podem ser usadas para rolar determinados recursos naturais diretamente para dentro ou para fora dos edifícios. Isso pode acelerar muito a produção porque os trabalhadores não precisarão se deslocar tanto.	[滑槽]可用於將某些自然資源直接滾入或滾出建築。 它可以大大加快生產速度，因為工人不必走那麼遠。	[シュート]を使って資源を直接建物に入力/出力することができます\nワーカーが遠くまで移動しなくて済むので、生産が大幅にスピードアップします	[Oluklar] belirli doğal kaynakları doğrudan binaların içine veya dışına taşımak için kullanılabilir. Üretimi büyük ölçüde hızlandırabilir çünkü işçiler o kadar uzağa gitmek zorunda kalmayacaktır.	[Skluzy] lze použít k vyvalení určitých přírodních zdrojů přímo do budov nebo z nich. Může výrazně urychlit výrobu, protože pracovníci nebudou muset cestovat tak daleko.	Gli [Scivoli] possono essere usati per far rotolare determinate risorse naturali direttamente dentro o fuori dagli edifici. Può accelerare notevolmente la produzione poiché i lavoratori non dovranno viaggiare lontano.
TutorialStateSupplyChute_Desc	I lavoratori possono depositare gli oggetti negli scivoli. Le risorse naturali come il grano, la legna e le pietre sono tutte compatibili con gli scivoli.	Los trabajadores pueden ser ordenados a depositar articulos en Tolvas. Recursos naturales como el Grano, Madera, y Piedra son compatibles con las Tolvas.	工人可以将物品直接放置于滑道上，这些物品包括谷物、木头以及石头等自然资源。	Les Travailleurs peuvent déposer des objets dans des Glissières. Les ressources naturelles telles que le Blé, le Bois et les Pierres sont compatibles avec les Glissières.	Arbeiter können angewiesen werden, natürliche Ressourcen direkt auf die Rutschen abzulegen. Getreide, Holz und Steine sind dafür zum Beispiel bestens geeignet.	Os trabalhadores podem ser direcionados para depositar itens em Chutes. Recursos naturais como grãos, madeira e pedras são compatíveis com rampas.	Рабочим можно отдать приказ складывать добытые ресурсы в Желоба. Такие природные ресурсы, как зерно, бревна и камни, подходят для транспортировки по желобам.	Os trabalhadores podem ser orientados a depositar itens nas calhas. Recursos naturais como grãos, madeira e pedras são todos compatíveis com as calhas.	可以指示工人將物品放入滑槽。 穀物、木頭和石頭等自然資源都與滑槽相容。	ワーカーにシュートへアイテムを投入するように指示できます	İşçiler eşyaları Oluklara yatırmaya yönlendirilebilir. Tahıl, Tahta ve Taşlar gibi doğal kaynakların tümü Kanallarla uyumludur.	Pracovníci mohou být nasměrováni, aby vložili předměty do skluzů. Přírodní zdroje jako obilí, dřevo a kameny jsou kompatibilní se skluzy.	I lavoratori possono depositare gli oggetti negli scivoli. Le risorse naturali come il grano, la legna e le pietre sono tutte compatibili con gli scivoli.
TutorialStateOpenVictoryConditions	#N/A	#N/A	#N/A	#N/A	#N/A	#N/A	#N/A	Abrir o Menu Objectivos	#N/A	#N/A	#N/A	#N/A	#N/A
TutorialStateOpenVictoryConditions_Desc	Ogni mappa della campagna ha obiettivi specifici. Completandoli sbloccherà la prossima mappa.	Cada mapa de campaña tiene objetivos específicos. Completarlos desbloqueará el siguiente mapa.	每个战役地图都有特定的目标。完成他们将解锁下一个地图。	Chaque carte de campagne possède ses objectifs spécifiques. En les complétant, vous débloquerez la prochaine carte.	Jede Kampagnenkarte hat bestimmte Ziele. Das Erfüllen dieser Ziele schaltet die nächste Karte frei	Cada mapa de campanha tem metas específicas. Completá-las vai desbloquear o próximo mapa.	У каждой кампании есть свои цели. Достигая их, вы сможете разблокировать следующую карту.	Cada Mapa de Campanha tem objetivos específicos. Ao concluí-los, o próximo mapa será desbloqueado.	每個戰役地圖都有特定的目標。 完成它們將解鎖下一張地圖。	それぞれのキャンペーンマップには特定の目標があります。目標を達成すると次のマップがアンロックされます。	Her Sefer haritasının belirli hedefleri vardır. Bunları tamamlamak bir sonraki haritanın kilidini açacaktır.	Každá mapa kampaně má specifické cíle. Jejich dokončením se odemkne další mapa.	Ogni mappa della campagna ha obiettivi specifici. Completandoli sbloccherà la prossima mappa.
TutorialStateOpenResearch Panel	Apri menu di ricerca	Abrir Menú de Investigación	打开研究菜单	Ouvrir le menu de recherche	Forschungsmenü öffnen	Menu de pesquisa aberta.	Открытое исследование меню	Abrir Menu de Pesquisa	打開研究選單	研究メニューを開く	Araştırma Menüsünü Aç	Otevřít menu pro výzkum	Apri menu di ricerca
TutorialStateOpenResearchPanel_Desc	Nuovi edifici, ricette e potenti tecnologie sono sbloccata completando [Ricerca].	Nuevos edificios, recetas y tecnologías poderosas se desbloquean al completar [Investigación].	通过完成[研究]来解锁新的建筑、配方和强大的科技。	De nouveaux bâtiments, de nouvelles recettes et de puissantes technologies sont débloqués en complétant de la [Recherche].	Neue Gebäude, Rezepte, und leistungsstarke Technologien werden freigeschaltet, indem Sie [Forschung] freischalten.	Novos edifícios, receitas e tecnologias poderosas são desbloqueados concluindo [Pesquisa].	Новые здания, рецепты и мощные технологии разблокированы путем завершения [исследования].	Novos edifícios, receitas e tecnologias poderosas são desbloqueados ao concluir a [Pesquisa].	完成[研究]可以解鎖新的建築、配方和強大的技術。	新しい建物やレシピ、強力な技術は[研究]を完了することでアンロックされます。	[Araştırma] tamamlandığında yeni binaların, tariflerin ve güçlü teknolojilerin kilidi açılır.	Nové budovy, recepty a výkonné technologie se odemykají dokončením [Výzkumu].	Nuovi edifici, ricette e potenti tecnologie sono sbloccata completando [Ricerca].
TutorialStateEarnResearchPoint	Guadagna punti ricerca	Obtener un Punto de Investigación	获取研究点	Gagner un point de recherche	Forschungspunkt verdienen	Ganhe ponto de pesquisa	Зарабатывайте исследовательскую точку	Ganhe Pontos de Pesquisa	賺取研究點	研究ポイントの獲得	Araştırma Puanı Kazanın	Získejte výzkumný bod	Guadagna punti ricerca
TutorialStateEarnResearchPoint_Desc	Acquista nuove ricerche spendendo monete e [punti di ricerca]. Questi sono guadagnati consegnando carta e libri alle case.	Compre una nueva investigación gastando monedas y [Puntos de investigación]. Estos se ganan al entregar papel y libros a las Casas.	通过花费硬币和[研究点]购买新的研究。这些是通过将纸张和书籍提供给房屋来获得的。	Achetez de nouvelles recherches en dépensant des pièces et des [Points de recherche]. Ces derniers sont gagnés en livrant du papier et des livres aux maisons.	Kaufen Sie neue Forschung mit Münzen und [Forschungspunkten]. Diese werden durch das Liefern von Papier und Büchern zu Häusern verdient.	Compre nova pesquisa por gastar moedas e [Pontos de pesquisa]. Estes são ganhos entregando papel e livros para casas.	Купите новые исследования, расходуя монеты и [точки исследования]. Они зарабатываются путем доставки бумаги и книги в дома.	Compre novas pesquisas gastando moedas e [Pontos de Pesquisa]. Esses pontos são obtidos ao entregar papel e livros nas casas.	通過花費硬幣和[研究點]購買新的研究。 這些是通過向房屋運送紙張和書籍而獲得的。	コインと「研究ポイント」を使って、新しい研究を購入することができます。研究ポイントは紙や本を住宅に届けることで得られます。	Jeton ve [Araştırma Puanı] harcayarak yeni Araştırma satın alın. Bunlar Evlere Kağıt ve Kitap teslim edilerek kazanılır.	Kupte si nový výzkum za pomoci mincí a [výzkumných bodů]. Ty se získávají doručením papíru a knih do domů.	Acquista nuove ricerche spendendo monete e [punti di ricerca]. Questi sono guadagnati consegnando carta e libri alle case.
TutorialStateFinishTutorial_Desc	Questa è la fine del tutorial! Continuare a crescere la tua città, completando la ricerca, l'ottimizzazione e l'automazione. \ N \ nControllare il [Menu Guida] in qualsiasi momento per ulteriori informazioni. \ N \ nProvare trovare Templi Quattro Elemental e sbloccare i loro segreti per ottenere la massima efficienza!	¡Este es el final del Tutorial! Sigue haciendo crecer tu ciudad, completando investigaciones, optimizando y automatizando \n\n Consulta el [Menú de Ayuda] en cualquier momento para obtener más información. \n\n ¡Prueba a encontrar los Cuatro Templos Elementales y desbloquea sus secretos para lograr la máxima eficiencia!	这就是教程的全部内容了！保持你的城镇发展，完成研究，自动化运输并持续优化。可以在[帮助菜单]中找到更多的信息。努力寻找四元素神殿，解开它们的秘密，以达到生产的最大效率！	C'est la fin du tutoriel ! Bientôt vous débloquerez de nouvelles technologies et gadjets pour automatiser et optimiser vos chaînes de production. Bonne chance !\n\nN'hésitez pas à vérifier le [Menu aide] à tout moment pour plus d'informations.	Dies ist das Ende des Tutorials. Behalte den Überblick über Wachstum,Forschung, Optimierung und Automatisierung.\n\nZur Not hilft dir immer noch die [Hilfe].\n\nVersuche die vier Elementarschreine zu entwickeln um die größte Effizienz zu erreichen.	Esse é o fim do Tutorial! Em breve você desbloqueará muitas novas tecnologias e gadgets para automatizar e otimizar suas cadeias de produção. Boa sorte!\n\nConfira o [Menu Ajuda] a qualquer momento para obter mais informações.	Это конец обучения! Продолжайте развивать ваш город, завершайте исследования, оптимизируйте и автоматизируйте транспортную сеть.\n\nОткрывайте меню «Помощь» в любое время, для получения дополнительной информации. \n\nПопробуйте найти четыре Храма стихии и раскрыть их секреты, чтобы достичь максимальной эффективности!	Esse é o fim do Tutorial! Em breve, você desbloqueará muitas novas tecnologias e dispositivos para automatizar e otimizar suas cadeias de produção. Boa sorte! Consulte o [Menu Ajuda] a qualquer momento para obter mais informações.	教程到此結束！ 很快，您將解鎖許多新技術和小工具，以自動化和優化您的生產鏈。 祝你好運！\n\n隨時查看 [幫助菜單] 以獲取更多信息。	チュートリアルが完了しました。 \n \n詳細についてはいつでも[ヘルプメニュー]を確認できます。\n\n最高の効率を目指すには、4つのエレメントを司る神殿を探し当てその秘密を解明してみてください。	Bu, Eğitimin sonu! Yakında üretim zincirlerinizi otomatikleştirmek ve optimize etmek için birçok yeni teknolojinin ve aygıtın kilidini açacaksınız. İyi Şanslar!\n\nDaha fazla bilgi için istediğiniz zaman [Yardım Menüsü]'ne göz atın.	To je konec tutoriálu! Brzy odemknete mnoho nových technologií a předmětů pro automatizaci a optimalizaci vašich výrobních řetězců. Hodně štěstí!\n\nPro více informací se kdykoli podívejte do [Nabídky nápovědy].	Questa è la fine del tutorial! Continuare a crescere la tua città, completando la ricerca, l'ottimizzazione e l'automazione. \ N \ nControllare il [Menu Guida] in qualsiasi momento per ulteriori informazioni. \ N \ nProvare trovare Templi Quattro Elemental e sbloccare i loro segreti per ottenere la massima efficienza!
TutorialStepPlaceMarketNearHouses	Costruisci un [Mercato] abbastanza vicino ad una [Casa] che crea una connessione.	Coloca el [Mercado] cerca de tus Casas para que pueda abastecerlas automáticamente.	在[步道]或[道路]旁边建造市场，以便它可以连接镇上所有的[房屋]。	Construisez un [Marché] suffisamment proche d'une [Maison] de manière à créer une connexion.	Hinweis: Das Platzieren von Märkten nahe Häusern (oder verbinden mit Straßen) erhöht die Nachfrage und erlaubt dir [Münzen] schneller zu verdienen.	Construa o mercado próximo a um [caminho] ou [estrada] para que ele possa se conectar a todas as [casas] da cidade.	Размещение Рынков возле Домов (или соединение их с дорогами) увеличит спрос и позволит вам быстрее зарабатывать монеты.	Construa o mercado próximo a um [Caminho de Terra] ou [Estrada de Pedra] para que ele possa se conectar a todas as [Casas] da cidade.	在[步道]或[道路]旁邊建造市場，以便它可以連接鎮上的所有 [房屋]。	市場を[歩道]や[道路]に隣接して建設することで、町のすべての[住宅]とリンクさせることができます	Pazarı bir [Yaya Yolu] veya [Yol] yanına inşa edin, böylece kasabadaki tüm [Evlere] bağlanabilsin.	Postavte trh vedle [pěšiny] nebo [silnice], aby se mohl napojit na všechny [domy] ve městě.	Costruisci un [Mercato] abbastanza vicino ad una [Casa] che crea una connessione.
TutorialStepConnectMarketsWithRoads	NOTA: Puoi anche usare i [Sentieri] e le [Strade] per connettere il mercato con le case più lontane.	NOTA: También puede utilizar [Caminos] y [Calles] para conectar Mercados a Casas que estén más lejos.	提示：您还可以使用[步道]和[道路]将市场连接到距离较远的房屋。	REMARQUE : Vous pouvez aussi utiliser les [Chemins] et les [Routes] pour connecter les Marchés aux Maisons plus lointaines.	HINWEIS: Du kannst auch [Fußwege] und [Straßen] nutzen um Märkte mit Häusern zu verbinden die weiter weg sind.	NOTA: Você também pode usar [caminhos pedonais] e [Estradas] para conectar mercados para casas que estão mais longe.	Примечание: Вы также можете использовать [Дорожки] и [Дороги], чтобы соединить Магазины с домами, которые находятся вдалеке.	OBSERVAÇÃO: você também pode usar [Caminhos de terra] e [Estradas] para conectar os mercados às casas que estão mais distantes.	注意：您還可以使用[步道]和[道路]將市場連接到較遠的房屋。	メモ：[歩道]と[道路]を使用して、市場をさらに離れた住宅に接続することもできます	NOT: Pazarları daha uzaktaki Evlere bağlamak için [Yaya Yolları] ve [Yollar]'ı da kullanabilirsiniz.	POZNÁMKA: Můžete také použít [Pěší stezky] a [Cesty] k propojení tržišť s domy, které jsou vzdálené.	NOTA: Puoi anche usare i [Sentieri] e le [Strade] per connettere il mercato con le case più lontane.
TutorialStepNoteMoveTool	NOTA: Puoi usare lo [Strumento Movimento] ({0}) per riposizionare un edificio che hai precedentemente costruito.	NOTA: Se puede utilizar la herramienta de [Mover] ({0}) para cambiar la posición de un edificio que ya se ha construido.	提示：您可以使用[移动工具]（{0}）重新定位你已经建立了一个建筑。	REMARQUE : Vous pouvez utiliser l'[Outil déplacement] ({0}) pour repositionner un bâtiment que vous avez déjà construit.	HINWEIS: Du kannst auch das [Bewegenwerkzeug] ({0}) nutzen um Gebäude die du bereits gebaut hast zu verschieben	NOTA: Você pode usar o [Move Tool] ({0}) para reposicionar um edifício que você já construiu.	Вы можете использовать инструмент [Перемещение] ({0}), чтобы изменить положение здания, которое вы уже построили.	OBSERVAÇÃO: Você pode usar a [Ferramenta Mover] ({0}) para reposicionar um edifício que já tenha sido construído.	注意：您可以使用 [移動工具]（{0}）重新定位您已經建造的建築。	メモ：[移動ツール]({0})を使用して、すでに建てられた建物の位置を変更できます	NOT: Halihazırda inşa etmiş olduğunuz bir binayı yeniden konumlandırmak için [Taşıma Aracını] ({0}) kullanabilirsiniz.	POZNÁMKA: K přemístění budovy, kterou jste již postavili, můžete použít [Nástroj pro přesun] ({0}).	NOTA: Puoi usare lo [Strumento Movimento] ({0}) per riposizionare un edificio che hai precedentemente costruito.
TutorialStepBringFoodMarketItem	Porta del [Grano], della [Frutta] o delle [Verdure] al [Mercato].	Trae un poco de [Grano] al [Mercado de Comida] y espera que una Casa lo compre	给[食物市场]运送一些[谷物]、[水果]或[蔬菜]，然后等待某个住宅购买。	Apportez du [Blé], des [Fruits] ou des [Légumes] au [Marché alimentaire].	Bringe etwas [Getreide], [Obst], oder [Gemüse] zum [Markt]	Leve alguns [Grãos], [Frutas] ou [Vegetais] para o [Mercado de Alimentos].	Принесите немного [Зерна], [Фруктов] или [Овощей] на [Рынок].	Traga alguns [Grãos], [Frutas] ou [Vegetais] para o [Mercado de Alimentos].	將一些[穀物] 、 [水果]或[蔬菜]帶到[食物市場]。	いくつかの[小麦]、[果物]、または[野菜]を[食品市場]に運びます	[Yiyecek Pazarı]'na biraz [Tahıl], [Meyve] veya [Sebze] getirin.	Přineste nějaké [obilí], [ovoce] nebo [zeleninu] do [Potravinového trhu].	Porta del [Grano], della [Frutta] o delle [Verdure] al [Mercato].
TutorialStepBringGeneralGoodsItem	Porta un [Plank] al [General Store] per venderlo.	Traiga un [tablón] a la [Tienda General] para venderlo.	将[木板]带到[杂货商店]进行出售。	Apportez une [Planche] au [Magasin général] pour la vendre.	Bringe ein [Brett] an den [Gemischtwarenladen], um es zu verkaufen.	Traga uma [prancha] para a [General Store] para vendê-lo.	Принесите [планку] в [General Store], чтобы продать его.	Traga uma [Tábua] para a [Suprimentos Gerais] para vendê-la.	將[木板]帶到[一般商店]出售。	[木の板]を[雑貨店]に届けると売ることができます。	Satmak için bir [Plank]'ı [Genel Mağazaya] getirin.	Přineste [Prkno] do [Obchodu] a prodejte ho.	Porta un [Plank] al [General Store] per venderlo.
TutorialStepNoteMarketDemand	I mercati vendono solo un elemento se non v'è una domanda sufficiente. Realizzazione e ristrutturazione di Case vicino al mercato aumenterà la domanda.	Los Mercados solo venderán productos si hay suficiente demanda. Construir y mejorar Casas cerca del mercado aumentará la demanda.	只有在有需求的情况下市场才会销售物品。在市场周围建造或升级房屋可以增加需求。	Les Marchés ne vendront un objet que si la demande est suffisante. Construire et améliorer les maisons autour du Marché augmenteront cette demande.	Märkte verkaufen nur Waren, für die genug Nachfrage besteht. Das Bauen und Aufwerten von Häusern in Reichweite des Marktes erhöht die Nachfrage.	Mercados só vai vender um item se houver demanda suficiente. Criar e atualizar Casas perto do Mercado vai aumentar a demanda.	Рынки будут продавать товары только при наличии спроса. Постройка новых и улучшение существующих домов возле рынка увеличит спрос.	Os mercados só venderão um item se houver demanda suficiente. A Construção e o Melhoramento de casas próximas ao mercado aumentarão a demanda.	只有在需求充足的情況下，市場才會出售商品。 在市場附近建造和升級房屋將增加需求。	市場は十分な需要がある場合にのみ商品を販売します\n市場の近くに住宅を建てたりグレードアップしたりすると、需要が増えます	Piyasalar yalnızca yeterli talep olması durumunda bir ürünü satacaktır. Pazarın yakınında Evler inşa etmek ve geliştirmek talebi artıracaktır.	Trhy prodají položku pouze v případě dostatečné poptávky. Budování a modernizace domů v blízkosti trhu zvýší poptávku.	I mercati vendono solo un elemento se non v'è una domanda sufficiente. Realizzazione e ristrutturazione di Case vicino al mercato aumenterà la domanda.
TutorialStepHitUpgradeButton	Spingi il pulsante [Aggiorna] (quando hai abbastanza risorse)	Pulsa el boton de [Mejora] (cuando tengas suficientes recursos)	点击[升级]按钮（当有足够的资源时）	Appuyez sur le bouton [Améliorer]	Drücke die Schaltfläche [Haus verbessern] (wenn genug Ressourcen vorhanden sind)	Clique no botão [Atualizar]	Нажмите кнопку [Улучшить] (когда у вас будет достаточно ресурсов)	Pressione o botão [Melhorar].	點擊[升級]按鈕	[アップグレード]ボタンを押す	[Yükselt] düğmesine basın	Stiskněte tlačítko [Upgrade]	Spingi il pulsante [Aggiorna] (quando hai abbastanza risorse)
TutorialStepNoteNotEnoughHappiness	NOTA: Se non si hanno abbastanza [Felicità], costruire più case e fornire loro il cibo.	NOTA: Si no tienes suficiente [Felicidad] contruye mas Casas y suminístralas con alimentos	提示：如果你的[幸福度]不足，请建造更多的住宅，并给它们提供食物。	REMARQUE : Si vous n'avez pas assez de [Bonheur], construisez plus de Maisons et fournissez-leur de la nourriture.	HINWEIS: Wenn die [Zufriedenheit] nicht ausreicht, baue mehr Häuser und versorge sie mit Nahrung	NOTA: Se você não tiver [Felicidade] suficiente, construa mais casas e forneça comida a elas.	Если у вас недостаточно [Счастья], то постройте больше [Домов] и постарайтесь снабжать их достаточным количеством продуктов.	OBSERVAÇÃO: Se você não tiver [Felicidade] suficiente, construa mais casas e abasteça-as com alimentos.	注意：如果您沒有足夠的[幸福]，請建造更多房屋並為其提供食物。	メモ：十分な[幸福度]がない場合は、より多くの住宅を建て、商品を供給してください	NOT: Yeterli [Mutluluğa] sahip değilseniz, daha fazla Ev inşa edin ve onlara yiyecek sağlayın.	POZNÁMKA: Pokud nemáte dostatek [Štěstí], postavte více domů a zásobte je jídlem.	NOTA: Se non si hanno abbastanza [Felicità], costruire più case e fornire loro il cibo.
TutorialStateBuildStoneMason	Costruire Scalpellino	Construir Mampostería de Piedra	建造凿石场	Construire un Tailleur de pierre	Baue einen Steinmetzbetrieb	Construir Pedreiro	Построить Дом каменщика	Construa uma Marmoraria	建造石坊	石工所を建てる	Taş Mason inşa et	Postavte Kameníka	Costruire Scalpellino
TutorialStateBuildStoneMason_Desc	Il [Scalpellino] si trasformerà in pietra in mattoni di pietra [] che possono essere utilizzati per le costruzioni avanzate e [strade], che permettono Carri di viaggiare molto più velocemente.	La [Mampostería de Piedra] convertirá piedra en [Ladrillos de Piedra] que pueden ser usados para construcciones avanzadas y [Calles], que les permiten a los [Vagones] ir más rápido.	[凿石场]会将石头转为[石块]，可用于建造更高级的建筑以及修[石路]，手推车在上面可以移动的更快。	Le [Tailleur de pierre] transformera la pierre en [Brique de pierre] qui peut être utilisée pour les bâtiments avancés et les [Routes], ce qui permet aux Chariots de voyager plus rapidement.	Der [Steinmetzbetrieb] fertigt aus rohen Steinen [Steinblöcke], welche für bessere Gebäude und [Straßen] verwendet werden. Wägen sind auf Straßen noch schneller unterwegs	O [Pedreiro] transformará a pedra em [Tijolos de Pedra] que podem ser usados ​​para edifícios avançados e [Estradas], que permitem que os Vagões viajem muito mais rápido.	В [Доме каменщика], из добытого Камня производятся [Каменные кирпичи] , которые используются в других зданиях и для постройки [Дорог], по которым Тележки перемещаются намного быстрее.	O [Marmoraria] transformará a pedra em [Tijolos de Pedra], que podem ser usados para construções avançadas e [Estradas de Pedra], que permitem que as carroças viajem muito mais rápido.	[石坊]將石頭變成[石磚]，可用於高級建築和[道路]，使大篷車行駛得更快。	[石工所]は石を高度な建物や[道路]に使用できる[石レンガ]に変えます\n道路の上ではワゴンはより速く移動できます	[Taş Mason], taşı gelişmiş binalar için kullanılabilecek [Taş Tuğlalara] ve Vagonların çok daha hızlı gitmesine olanak tanıyan [Yollar]'a dönüştürecek.	[Kameník] změní kámen na [cihly], které lze použít pro pokročilé budovy a [silnice], které umožňují vozům cestovat mnohem rychleji.	Il [Scalpellino] si trasformerà in pietra in mattoni di pietra [] che possono essere utilizzati per le costruzioni avanzate e [strade], che permettono Carri di viaggiare molto più velocemente.
TutorialStateRaiseHappiness	Aumentare la felicità	Elevar Felicidad	提高幸福度	Augmente le bonheur	Zufriedenheit erhöhen	Levante Felicidade	Счастье	Aumente a Felicidade	提升幸福度	幸福度の上昇	Mutluluğu Artırın	Zvyšte štěstí	Aumentare la felicità
TutorialStateRaiseHappiness_Desc	Le case generano [Felicità] per ogni diverso tipo di bene fornito. Man mano che la felicità aumenta, la tua città guadagna bonus di produzione.\n\nMantieni alti i livelli di felicità della tua città per avere risultati migliori!	Las Casas generan [Felicidad] por cada tipo diferente de bien que se les proporciona. A medida que crece la Felicidad, tu ciudad ganará bonificaciónes de producción. ¡Mantén el nivel de Felicidad de tu ciudad alto para mejores resultados!	房屋产生[幸福]为他们提供每个不同类型的加成。随着幸福度的提高，您的城市将获得生产奖金。保持你的城市的幸福度水平高的最好的结果！	Les Maisons générent du [Bonheur] pour chaque différent type de biens qui leur sont fournies. À mesure que le bonheur grandit, votre ville gagnera des bonus de production.\n\nConservez le bonheur de votre ville le plus haut possible pour de meilleurs résultats !	Häuser erzeugen [Zufriedenheit] je unterschiedlicher Warenart mit der sie versorgt sind. Durch steigene Zufriedenheit erhält deine Stadt Produktionsboni. Sorge für hohe Zufriedenheit um das beste Ergebnis zu erhalten.	Casas gerar [Felicidade] para cada tipo diferente de bom eles são fornecidos com. Como Felicidade sobe, sua cidade vai ganhar bônus de produção. \ N níveis de felicidade \ nmanter da sua cidade alta para melhores resultados!	Дома генерируют [Счастье], когда вы обеспечиваете их товарами. По мере роста Счастья, ваш город будет получать производственные бонусы.\n\nПоддерживайте высокий уровень Счастья для достижения наилучших результатов!	As casas geram [Felicidade] para cada tipo diferente de bem que lhes é fornecido. À medida que a Felicidade aumenta, sua cidade ganha bônus de produção. Mantenha os níveis de Felicidade de sua cidade altos para obter melhores resultados!	房屋為他們提供的每一種不同類型的商品產生[幸福]。 隨著幸福度的提高，您的城鎮將獲得生產獎金。\n\n保持您城鎮的高幸福度水平以獲得最佳效果！	住宅は供給されたあらゆる種類のグッズに対して[幸福度]を生成します\n\n 幸福度が上がると、町全体に生産ボーナスが付与されます\n\n最高の結果を得るには、町の幸福度を高く保つようにしてください！	Evler, kendilerine sunulan her türlü iyilik için [Mutluluk] üretirler. Mutluluk arttıkça kasabanız üretim bonusları kazanacak.\n\nEn iyi sonuçlar için kasabanızın Mutluluk seviyelerini yüksek tutun!	Domy vytvářejí [štěstí] pro každý jiný druh zboží, kterým jsou poskytovány. Jak Štěstí poroste, vaše město bude získávat produkční bonusy.\n\nAbyste dosáhli nejlepších výsledků, udržujte úroveň Štěstí ve svém městě na vysoké úrovni!	Le case generano [Felicità] per ogni diverso tipo di bene fornito. Man mano che la felicità aumenta, la tua città guadagna bonus di produzione.\n\nMantieni alti i livelli di felicità della tua città per avere risultati migliori!
TutorialStepProvideManyItemTypes	Fornisci una vasta gamma di beni a quante più case possibile.	Proporciona una amplia variedad de productos a tantas casas como sea posible.	为尽可能多的房屋提供各种各样的商品。	Fourni une large quantité de biens au plus grand nombre de maisons possible.	Versorge Häuser mit einer breiten Auswahl an Waren.	Fornecer uma ampla variedade de produtos para tantas casas quanto possível.	Обеспечьте как можно большее количество домов разнообразными товарами	Fornecer uma ampla variedade de produtos para o maior número possível de casas.	為盡可能多的房屋提供各種各樣的商品。	できるだけ多くの住宅に多種多様な商品を提供します	Mümkün olduğu kadar çok eve çok çeşitli ürünler sağlayın.	Poskytujte širokou škálu zboží co největšímu počtu domů.	Fornisci una vasta gamma di beni a quante più case possibile.
TutorialStepReachTargetHappiness	Prova a raggiungere un livello di felicità in città di {0}!	¡Trata de llegar a un nivel de Felicidad de {0}!	尝试使一个城镇的幸福度达到{0}！	Essayez d'atteindre un niveau de Bonheur de {0} !	Versuche eine Zufriedenheitsstufe von {0} zu erreichen	Tente alcançar um nível de cidade Felicidade de {0}!	Попробуйте достичь {0} уровня счастья в городе!	Tente alcançar um nível de Felicidade da cidade de {0}!	嘗試達到 {0} 的城鎮幸福！	幸福度レベル{0}を目指してください！	{0} kasabanın Mutluluk seviyesine ulaşmaya çalışın!	Pokuste se dosáhnout úrovně štěstí ve městě na {0}!	Prova a raggiungere un livello di felicità in città di {0}!
TutorialStepNoteRequestCategories	Fai doppio clic su un [Mercato] o su una [Casa] per vedere quali oggetti sono attualmente richiesti e forniti oppure consulta il menu di [Fornitura dei Beni] ({0})	Haga doble clic en un [Mercado] o [Casa] para ver los elementos que se solicitan y proveen actualmente, o vea el menú [Suministro de Bienes] ({0})	双击[市场]或[房屋]查看当前请求和履行的项目，或查看[商品供应]菜单（{0}）	Double-cliquez sur un [Marché] ou une [Maison] pour voir quels objets sont actuellement requis ou fournis, ou allez voir le menu [Approvisionnement] ({0})	Doppelklicke auf einen [Markt] oder [Haus] um zu sehen, welche Gegenstände momentan angefordert und erfüllt sind, oder um das [Warenversorgung] Menü zu sehen	Clique duas vezes um [de mercado] ou [Câmara] para ver quais itens estão atualmente solicitada e realizada, ou ver o menu [Mercadorias Abastecimento] ({0})	Дважды щёлкните на [Рынок] или [Дом], чтобы посмотреть, какие товары сейчас востребованы и поставлены, или для того, чтобы открыть [Меню Поставки Товаров] ({0})	Clique duas vezes em um [Mercado] ou [Casa] para ver quais itens estão sendo solicitados e atendidos no momento ou consulte o menu [Suprimento de mercadorias] ({0})	雙擊[市場]或[房屋]以查看當前請求和履行的項目，或查看[供應]選單 ({0})	[市場]または[住宅]をダブルクリックして、現在どのアイテムが求められ供給されているかを表示します\nまたは[商品供給]メニュー（{0}）を表示します	Şu anda hangi öğelerin talep edildiğini ve karşılandığını görmek için bir [Pazar] veya [Ev]'e çift tıklayın veya [Mal Tedarik] menüsüne ({0}) bakın	Poklepáním na [Tržiště] nebo [Dům] zobrazíte, které položky jsou aktuálně požadovány a splněny, nebo si tak prohlédnete nabídku [Zásoby zboží] ({0})	Fai doppio clic su un [Mercato] o su una [Casa] per vedere quali oggetti sono attualmente richiesti e forniti oppure consulta il menu di [Fornitura dei Beni] ({0})
TutorialStateAddWorkerToBuilding	Aggiungere Costruzione Worker	Añadir un trabajador al Edificio	增加建筑工人	Ajoutez un Travailleur au bâtiment.	Gebäudearbeiter hinzufügen	Adicionar edifício do trabalhador	Добавить строителя	Adicionar Trabalhador da Construção	增加建築工人	施設にワーカーを追加します	İnşaat İşçisi Ekle	Přidat stavebního dělníka	Aggiungere Costruzione Worker
TutorialStateAddWorkerToBuilding_Desc	È possibile assegnare i lavoratori di ricambio per gli edifici esistenti. Questo li renderà producono la loro produzione più veloce. È possibile aumentare o ridurre in qualsiasi momento.	Usted puede asignar trabajadores de repuesto a los edificios existentes. Esto los hará producir su salida más rápido. Puede aumentar o disminuir en cualquier momento.	您可以分配空闲工人到现有的建筑物。这会让他们产生它们的输出速度更快。您可以随时增加或减少。	Vous pouvez assigner des Travailleurs disponibles aux bâtiments existants. Cela leur permettra de produire plus rapidement. Vous pouvez augmenter ou diminuer la valeur à n'importe quel moment.	Du kannst bestehenden Gebäuden zusätzliche Arbeiter zuweisen. Dies beschleunigt dessen Produktion. Du kannst die Arbeiter jederzeit erhöhen und verringern.	Você pode alocar trabalhadores peças para edifícios existentes. Isso vai fazê-los produzir sua saída mais rápida. Você pode aumentar ou diminuir a qualquer momento.	Вы можете назначить лишних рабочих в существующие производственные здания. Это позволит производить продукцию быстрее. Их количество можно изменить в любое время.	Você pode alocar trabalhadores sobressalentes em edifícios existentes. Isso fará com que eles produzam sua produção mais rapidamente. Você pode aumentar ou diminuir a qualquer momento.	您可以將空閒工人分配到現有建築。 這將使他們更快地產生輸出。 您可以隨時增加或減少。	既存の建物に追加のワーカーを割り当てられます\n人員が増えると出力が速くなります\n人員はいつでも増減できます	Yedek işçileri mevcut binalara tahsis edebilirsiniz. Bu onların çıktılarını daha hızlı üretmelerini sağlayacaktır. İstediğiniz zaman artırabilir veya azaltabilirsiniz.	Do stávajících budov můžete přidělit náhradní pracovníky. Díky tomu budou produkovat svůj výstup rychleji. Můžete to kdykoli zvýšit nebo snížit.	È possibile assegnare i lavoratori di ricambio per gli edifici esistenti. Questo li renderà producono la loro produzione più veloce. È possibile aumentare o ridurre in qualsiasi momento.
TutorialStepSelectBuilding	Seleziona un edificio di produzione qualunque	Seleccione cualquier edificio de producción.	选择任何生产建筑。	Sélectionnez n'importe quel Bâtiment de production	Wähle ein beliebiges Produktionsgebäude.	Selecione qualquer edifício de Produção.	Выберете любое производственное здание.	Selecione qualquer Edifício de Produção.	選擇任何生產建築。	生産する建物を選択します	Herhangi bir Üretim binasını seçin.	Vyberte jakoukoli produkční budovu.	Seleziona un edificio di produzione qualunque
TutorialStepOpenVictoryConditions	Seguire le istruzioni per aprire il menu Condizioni Victory (o premere il tasto {0}) per visualizzare gli obiettivi per questa mappa.	Siga las instrucciones para abrir el menú Condiciones de Victoria (o pulse la tecla {0}) para ver los objetivos de este mapa.	按照提示打开“胜利条件菜单”（或按{0}键），查看此地图的目标。	Suivez les instructions pour ouvrir le menu des conditions de victoire (ou appuyez sur la touche {0}) afin de voir les objectifs de cette carte.	Folge den Anweisung das Siegbedingungenmenü zu öffnen (oder drücke {0}) und sehe dir die Ziele für diese Karte an.	Siga as instruções para abrir o menu de condições de vitória (ou pressione a tecla {0}) para visualizar as metas para este mapa.	Следуйте подсказкам, чтобы открыть меню Условий победы (клавиша {0}) и просмотреть цели для этой карты.	Siga as instruções para abrir o menu Condições de vitória (ou pressione a tecla {0}) para visualizar as metas desse mapa.	按照提示打開“勝利條件”選單（或按 {0} 鍵）以查看此地圖的目標。	画面の指示に従って勝利条件メニューを開き(または{0}キーを押して)、このマップの勝利条件を表示します。	Bu haritanın hedeflerini görüntülemek için Zafer Koşulları menüsünü açmak üzere talimatları izleyin (veya {0} tuşuna basın).	Podle pokynů otevřete nabídku Podmínky vítězství (nebo stiskněte klávesu {0}) a zobrazte cíle pro tuto mapu.	Seguire le istruzioni per aprire il menu Condizioni Victory (o premere il tasto {0}) per visualizzare gli obiettivi per questa mappa.
TutorialStepOpenResearchPanel	Seguire le istruzioni per aprire il menu di ricerca (o premere il tasto {0}) per visualizzare le opzioni di ricerca disponibili.	Siga las indicaciones para abrir el menú de investigación (o presione la tecla {0}) para ver las opciones de investigación disponibles.	按照提示打开研究菜单（或点击{0}键）来查看可用的研究选项。	Suivez les instructions pour ouvrir le menu Recherche (ou appuyez sur la touche {0}) afin de visualiser les options de recherche disponibles.	Folgen Sie den Anweisungen, um das Forschungsmenü zu öffnen (oder indem sie die {0} Taste drücken) um verfügbare Forschungoptionen anzuzeigen.	Siga os prompts para abrir o menu de pesquisa (ou aperte a tecla {0}) para visualizar as opções de pesquisa disponíveis.	Следуйте инструкциям, чтобы открыть меню исследования (или нажмите клавишу {0}) для просмотра доступных вариантов исследования.	Siga as instruções para abrir o menu Pesquisa (ou pressione a tecla {0}) para ver as opções de pesquisa disponíveis.	按照提示打開“研究”選單（或按 {0} 鍵）以查看可用的研究選項。	画面の指示に従って[研究]メニューを開くと(または{0}キーを押すと)、利用可能な研究を表示します。	Mevcut araştırma seçeneklerini görüntülemek için Araştırma menüsünü açmak için talimatları izleyin (veya {0} tuşuna basın).	Podle pokynů otevřete nabídku Výzkumu (nebo stiskněte klávesu {0}) a zobrazte dostupné možnosti výzkumu.	Seguire le istruzioni per aprire il menu di ricerca (o premere il tasto {0}) per visualizzare le opzioni di ricerca disponibili.
TutorialStepNoteSpecialtyResearch	Alcune tecnologie avanzate richiedono punti di ricerca specializzati come l'industria o la magia. Questi sono guadagnati facendo e vendono diversi tipi di libri!	Algunas tecnologías avanzadas requerirán puntos de investigación especializados como industria o magia. ¡Estos se obtienen fabricando y vendiendo varios tipos diferentes de libros!	一些先进的技术需要行业或魔术等专业研究点。这些是通过制造和销售几种不同类型的书籍来获得的！	Certaines technologies avancées nécessitent des points de recherche spécialisés, par exemple industriels ou magiques. Ces points sont obtenus en fabriquant et en vendant plusieurs types de livres différents ! 	Einige fortgeschrittene Forschungen brauchen spezielle Forschungspunkte wie Industriepunkte oder Magiepunkte. Diese können sie verdienen, indem sie bestimmte Arten von Büchern verkaufen.	Algumas tecnologias avançadas exigirão pontos de pesquisa especializados como a indústria ou magia. Estes são ganhos fazendo e vendendo vários tipos diferentes de livros!	Некоторые передовые технологии потребуют специализированных исследовательских точек, таких как промышленность или магия. Они заработаны путем создания и продажи нескольких различных типов книг!	Algumas tecnologias avançadas exigirão pontos de pesquisa especializados, como indústrial ou mágico. Esses pontos são obtidos com a criação e a venda de vários tipos diferentes de livros! 	一些先進的技術需要專門的研究點，如工業或魔法。 這些是通過製作和出售幾種不同類型的書籍而獲得的！	高度な技術には、工業や魔法などの専門的な研究ポイントが必要です。研究ポイントはさまざまな種類の本を作って売ることで得られます。	Bazı ileri teknolojiler, Endüstri veya Sihir gibi özel Araştırma Noktaları gerektirecektir. Bunlar, birkaç farklı türde Kitap yapıp satarak kazanılır! 	Některé pokročilé technologie budou vyžadovat specializované výzkumné body jako Průmysl nebo Magie. Ty se vydělávají výrobou a prodejem několika různých typů knih!	Alcune tecnologie avanzate richiedono punti di ricerca specializzati come l'industria o la magia. Questi sono guadagnati facendo e vendono diversi tipi di libri!
TutorialStepAddWorker	Premi il pulsante '+' nella sezione [Lavoratori] per aggiungere un lavoratore libero per l'edificio.	Presione el botón '+' en la sección [Trabajadores] para agregar un trabajador de repuesto al edificio.	单击[工人]部分中的“+”按钮，向建筑添加一名空闲工人。	Cliquez sur le bouton « + » dans la section [Travailleurs] pour rajouter un Travailleur disponible au bâtiment.	Drücken die Taste ‚+‘ auf dem [Arbeiter] -Abschnitt um einen Ersatz-Arbeiter zum Gebäude hinzuzufügen.	Aperte o botão '+' na seção [trabalhadores] para adicionar um trabalhador livre para o edifício.	Нажмите кнопку '+' в разделе [Рабочие], чтобы добавить в здание лишнего рабочего.	"Aperte o botão ""+"" na seção [Trabalhadores] para adicionar um trabalhador sobressalente ao edifício."	點擊[工人]部分的“+”按鈕，向建築添加一名閒置工人。	[ワーカー]欄の[+]ボタンを押して、追加のワーカーを建物に配置します	Binaya yedek işçi eklemek için [İşçiler] bölümündeki '+' düğmesine basın.	Kliknutím na tlačítko '+' v sekci [Pracovníci] přidáte do budovy náhradního pracovníka.	Premi il pulsante '+' nella sezione [Lavoratori] per aggiungere un lavoratore libero per l'edificio.
TutorialStepNoteZeroWorkers	NOTA: Impostare il numero di lavoratori corrente a 0 di fermare la costruzione di produzione del tutto.	NOTA: Establezca el conteo de trabajadores actuales hasta 0 para dejar de construir la producción por completo.	提示：设置当前工人数为0来完全停止建筑生产。	REMARQUE : Règler le compteur actuel de Travailleurs à 0 arrêtera entièrement la production.	HINWEIS: Stelle die aktuelle Arbeiterzahl auf 0 um die Gebäudeproduktion vollkommen zu stoppen.	NOTA: Defina a contagem Trabalhador atual para 0 a parar de construir produção inteiramente.	Примечание: Установите текущее количество рабочих на 0, чтобы полностью прекратить производство..	OBSERVAÇÃO: Defina a contagem atual de trabalhadores como 0 para interromper totalmente a produção de edifícios.	注意：將當前 工人 數設置為 0 以完全停止建築生產。	メモ：生産を停止するには、現在のワーカー数を0にします	NOT: Bina üretimini tamamen durdurmak için mevcut İşçi sayısını 0'a ayarlayın.	POZNÁMKA: Nastavením aktuálního počtu pracovníků na 0 zcela zastavíte výrobu v budově.	NOTA: Impostare il numero di lavoratori corrente a 0 di fermare la costruzione di produzione del tutto.
TutorialStepNoteMarketItems	NOTA: Selezionare qualsiasi mercato e passa il mouse sopra le voci di categoria per vedere quali elementi specifici si può accettare.	NOTA: Selecciona cualquier mercado para ver que artículos específicos puede aceptar. Selecciona cualquier Casa para ver qué tipo de artículos requiere	提示：选择任意市场并将鼠标悬停在项目类别上以查看它可以接受哪些特定物品。	REMARQUE : Sélectionnez un Marché et passez le curseur sur chaque catégorie d'objets pour voir quels objets spécifiques il peut accepter.	HINWEIS: Wähle einen Markt und Hover über die Kategoriesymbole um zu sehen welche spezifischen Gegenstände er akzeptiert.	NOTA: Selecione qualquer mercado e passe o mouse sobre os itens da categoria para ver quais itens específicos ele pode aceitar.	Выберите любой Рынок и наведите курсор на категории предметов, чтобы увидеть, какие из них он может принять.	OBSERVAÇÃO: Selecione qualquer mercado e passe o mouse sobre os itens da categoria para ver quais itens específicos ele pode aceitar.	注意：選擇任何市場並將鼠標懸停在類別項目上以查看它可以接受哪些特定物品。	メモ：任意の市場を選択し、カテゴリアイテムの上にマウスを移動すると、市場が受け入れられるアイテムを確認できます	NOT: Herhangi bir Pazarı seçin ve hangi belirli öğeleri kabul edebileceğini görmek için kategori öğelerinin üzerine gelin.	POZNÁMKA: Vyberte libovolný trh a umístěte ukazatel myši na položky kategorie, abyste viděli, které konkrétní položky může přijmout.	NOTA: Selezionare qualsiasi mercato e passa il mouse sopra le voci di categoria per vedere quali elementi specifici si può accettare.
TutorialStepOpenEconomyTab	Clicca sulla scheda [Beni] nella barra degli strumenti in basso per vedere il valore monetario di tutti i beni vendibili	NOTA: Haz click derecho o expande el boton de [Menu] en la barra inferior. y luego haz clic en la pestaña de [Bienes] para ver el valor monetario de todos los bienes vendibles.	提示：右键点击或展开底部工具栏中的[菜单]按钮，然后选择[商品]可查看所有可出售商品的价值	REMARQUE : Cliquez avec le bouton droit de la souris ou agrandissez le bouton [Menu] dans la barre d'outils en bas (en cliquant sur la petite flèche au dessus du bouton principal), puis sélectionnez [Biens] pour connaître la valeur monétaire de tous les biens vendables.	Klicke unten in der Leiste auf die [Warenübersicht] um den Wert aller verkaufbaren Waren zu sehen.	NOTA: Clique com o botão direito ou expanda o botão [Menu] na barra de ferramentas inferior e selecione [Mercadorias] para ver o valor monetário de todos os produtos vendáveis	Нажмите на вкладку [Экономика] в нижней панели инструментов, чтобы увидеть стоимость всех товаров в Монетах	OBSERVAÇÃO: Clique com o botão direito do mouse ou expanda o botão [Menu] na barra de ferramentas inferior e selecione [Mercadorias] para ver o valor da moeda de todos os produtos vendáveis	注意：右擊或展開底部工具欄中的【選單】按鈕，然後選擇【商品】可查看所有可售商品的幣值	注：右クリックするか、下部ツールバーの[メニュー]を展開後、[商品]を選択して、販売可能なすべての商品の通貨価値を表示します。	NOT: Alt araç çubuğundaki [Menü] düğmesine sağ tıklayın veya genişletin, ardından tüm satılabilir malların para birimi değerini görmek için [Mallar]'ı seçin	POZNÁMKA: Klikněte pravým tlačítkem nebo rozbalte tlačítko [Nabídka] ve spodním panelu nástrojů a poté vyberte [Zboží], abyste viděli hodnotu měny veškerého prodávaného zboží.	Clicca sulla scheda [Beni] nella barra degli strumenti in basso per vedere il valore monetario di tutti i beni vendibili
TutorialStepDeliverRedCoinItem	Consegna una [Tavola] o qualunque altro bene che ti fa ottenere [Monete rosse] all'emporio	Entrega un [Tablon], o otro item que produzca [Monedas Rojas] a una [Casa]. Tambien puedes entregar artículos especificos a la Tienda General, que los venderá automáticamente a Casas conectadas.	将[木板]或任意其他生产[红币]的物品交给[房屋]。您还可以将一些特定的物品运输到杂货商店，杂货商店会自动出售给附近连接的房屋。	Livrez une [Planche] ou n'importe quel autre objet produisant des [Pièces rouges] à une [Maison]. Vous pouvez également livrer des objets spécifiques au Magasin général qui les vendra automatiquement aux Maisons proches connectées.	Liefere ein [Brett], oder einen anderen [Rote Münzen] produzierenden Gegenstand zum Gemischtwarenladen	Entregue uma [Prancha] ou qualquer outro item que produza [Moedas Vermelhas] em uma [Casa]. Você também pode entregar alguns itens específicos na Loja Geral, que serão vendidos automaticamente para Casas conectadas próximas.	Доставьте [Доски] в Магазин (или любой другой предмет, который можно продать за Красные монеты)	Entregue uma [Tábua] ou qualquer outro item que produza [Moedas VErmelhas] a uma [Casa]. Você também pode entregar alguns itens específicos para a Armazém Geral, que venderá automaticamente para as Casas conectadas próximas.	將[木板]或任何其他生產[紅幣]的物品交給[房屋]。 您還可以將一些特定的物品運送到一般商店，雜貨商店會自動出售給附近連接的房屋。	[木の板]もしくはその他の[赤コイン]を生み出す商品を住宅に配達してください\nまたは雑貨店に特定のアイテムを配達すると、雑貨店に接続された住宅へ自動的に販売することができます	Bir [Eve]'ye bir [Plank] veya başka herhangi bir [Kırmızı Para] üreten öğeyi teslim edin. Ayrıca yakındaki bağlantılı Evlere otomatik olarak satılacak olan bazı belirli öğeleri Genel Mağazaya da teslim edebilirsiniz.	Doručte [Prkno] nebo jakýkoli jiný předmět produkující [Červené mince] do [Domu]. Můžete také doručit některé konkrétní položky do obchodu se smíšeným zbožím, které se automaticky prodají do blízkých připojených domů.	Consegna una [Tavola] o qualunque altro bene che ti fa ottenere [Monete rosse] all'emporio
TutorialStepSelectHouse	Seleziona una [Casa]	Seleccionar una [Casa]	选择一个[房屋]	Sélectionnez une [Maison].	Wähle ein [Haus] aus	Selecione uma [Casa].	Выберите [Дом].	Selecione uma [Casa].	選擇[房屋]	[住宅]を選択してください	Bir [Ev] seçin.	Vyberte [Dům].	Seleziona una [Casa]
TutorialStepNoteUpgradeUsesSharedInventory	NOTA: Le azioni di aggiornamento consumano oggetti dall'[Inventario Condiviso] del giocatore (Gli oggetti depositati all'interno della [Base] e dei [Granai]).	NOTA: Acciones de mejora consumen artículos del [Inventario Compartido] del jugador (Articulos almacenados en el [Centro Ciudad] y en los [Graneros])	提示：升级操作会使用玩家的[共享库存]（即存储于[城镇中心]和[仓库]中的物品）	REMARQUE : Les améliorations consomment des objets du [Stockage partagé] (objets stockés dans le [Centre-Ville] et dans les [Granges]).	HINWEIS: Verbesserungen benötigen Ressourcen aus dem gemeinsamen Speicher (Ressourcen aus [Basis] und [Speicher])	NOTA: As ações de atualização consomem itens do [Inventário Compartilhado] do jogador (Itens armazenados no [Centro da Cidade] e [Celeiros]).	Примечание: ресурсы на улучшения берутся из [Общего инвентаря] (предметы, хранящиеся в [Городском центре] и в [Амбарах]).	OBSERVAÇÃO: As ações de Atualizar consomem itens do [Inventário compartilhado] do jogador (itens armazenados no [Centro da cidade] e nos [Celeiros]).	注意：升級操作會消耗玩家[共享庫存]中的物品（存儲在[城鎮中心]和[穀倉]中的物品）。	メモ：アップグレードアクションは[共有インベントリ]（[町の中心]と[倉庫]内に保管されているアイテム）からアイテムを消費します	NOT: Yükseltme eylemleri, oyuncunun [Paylaşılan Envanterindeki] öğeleri tüketir ([Şehir Merkezi] ve [Ahırlarda] depolanan öğeler).	POZNÁMKA: Akce upgradu spotřebují položky ze [sdíleného inventáře] hráče (položky uložené v [Centru města] a ve [Stodolách]).	NOTA: Le azioni di aggiornamento consumano oggetti dall'[Inventario Condiviso] del giocatore (Gli oggetti depositati all'interno della [Base] e dei [Granai]).
TutorialStepProduceWoodWheels	Produci 4 [Ruote di legno] nell'[Officina]	Produce 4 [Ruedas de Madera] en tu [Taller]	使用[制造工坊]生产4个[木轮]	Produisez [4] [Roues en bois] à votre [Atelier]	Produziere vier [Holzräder] in deiner [Werkstatt]	Produza 4 [Rodas de Madeira] em sua [Oficina]	Произведите 4 [Деревянных колеса] в вашей [Мастерской]	Produza 4 [Rodas de Madeira] em sua [Oficina]	在你的[工坊]生產 4 個[木輪]	[工房]で4つの[木の車輪]を製作してください	[Atölyenizde] 4 adet [Tahta Çarkı] üretin	Vyrobte 4 [dřevěná kola] ve své [dílně]	Produci 4 [Ruote di legno] nell'[Officina]
TutorialStepDeliverWoodWheels	Consegna le [Ruote di legno] alla tua Base, in modo da averle nell'[Inventario Condiviso].	Lleva las [Ruedas de Madera] a tu base o granero, para que estén en tu [Inventario Compartido]	将[木轮]送到[城镇中心]或者谷仓，使其存入你的[共享库存]中。	Apportez les [Roues en bois] à votre centre-ville, afin qu'elles soient dans votre [Stockage partagé].	Bringe die [Holzräder] zu deiner Basis, so dass sie in deinem [Gemeinschafts-Inventar] sind.	Leve as [Rodas de Madeira] para o seu [Centro da Cidade], para que elas fiquem no seu [Inventário Compartilhado].	Доставьте [Деревянные колеса] в Городской центр или в Амбар, чтобы они появились в вашем [Общем инвентаре].	Leve as [Rodas de Madeira] para o seu [Centro da Cidade], para que elas fiquem no seu [Inventário Compartilhado].	將[木輪]帶到您的[城鎮中心]，使其在您的[共享庫存] 中。	[木の車輪]を町の中心に運んでください\n町の中心に保管されたアイテムは、[共有インベントリ]に保管されます	[Tahta Çarklarını] [Şehir Merkezinize] getirin, böylece [Paylaşılan Envanterinizde] yer alırlar.	Přineste [dřevěná kola] do svého [Centra města], aby byla ve vašem [sdíleném inventáři].	Consegna le [Ruote di legno] alla tua Base, in modo da averle nell'[Inventario Condiviso].
TutorialStepPlaceWagon	Fai {0} per posizionare il [Carro].	Presione {0} para colocar el [vagón].	使用 {0} 放置[手推车]。	Appuyez sur [{0}] pour placer le [Chariot].	Drücke mit {0} und platziere den [Wagen]	Pressione {0} para posicionar o [Vagão].	Нажмите {0}, чтобы разместить [Тележку].	Pressione {0} para colocar o [Carroças].	按 {0} 放置[手推車]。	{0}を押して[ワゴン]を配置します	[Vagon]'u yerleştirmek için {0} tuşuna basın.	Stisknutím tlačítka {0} umístěte [vůz].	Fai {0} per posizionare il [Carro].
TutorialStepPlaceChute	Fai {0} e trascina per disegnare un percorso per uno [Scivolo] per la tua [Segheria] o il tuo [Frantoio].	Pulse {0} y arrastre para dibujar un camino de [Tolvas] hacia tu [Aserradero] o [Molino].	使用 {0} 并拖拽，连接一条[滑道]到你的锯木厂或磨坊中。	Appuyez sur [{0}] et faites glisser pour tracer un chemin de la [Glissière] vers votre [Scierie] ou votre [Moulin].	Ziehe mit {0} eine [Rutschenbahn] zum [Sägewerk] oder zur [Mühle]	Pressione {0} e arraste para desenhar um caminho de [Chute] até sua [Serragem] ou [Moagem de grãos].	Нажмите {0} и протяните [Желоб] к вашей [Лесопилке] или [Мельнице].	Pressione {0} e arraste para desenhar um caminho [Calhas] em sua [Serralheria] ou [Moinho de Grãos].	按 {0} 並拖動以在[木材坊]或[食材坊]中繪製 [滑槽] 路徑。	[シュート]を選択し、{0}を押しながらドラッグして[製材所]または[製粉所]に接続してください。	[Kereste Fabrikası] veya [Tahıl Fabrikası]'na bir [Oluk] yolu çizmek için {0} tuşuna basın ve sürükleyin.	Stiskněte {0} a tažením nakreslete cestu [Skluzu] k vašemu [Dřevorubci] nebo [Mlýnu].	Fai {0} e trascina per disegnare un percorso per uno [Scivolo] per la tua [Segheria] o il tuo [Frantoio].
TutorialStepNoteChuteRotate	NOTA: Premi [Ruota] ({0}) per puntare lo scivolo in una direzione o ad un angolo specifici.	NOTA: Presione [ROTAR] ({0}) para apuntar al conducto en una dirección o ángulo de esquina específico.	提示：使用 {0} 旋转滑道到指定的方向。	REMARQUE : Appuyez sur [{0}] pour faire pivoter la Glissière dans un sens spécifique.	HINWEIS: Drücke {0}, um die Rutsche in eine bestimmte Richtung zu drehen	NOTA: Pressione [Rodar] ({0}) para apontar a calha em uma direção ou ângulo de canto específico.	Примечание: нажмите [{0}], чтобы повернуть Желоб в нужном направлении.	OBSERVAÇÃO: Pressione [Rodar] ({0}) para apontar o Calha em uma direção ou ângulo de canto específico.	注意：按[旋轉]({0}) 將滑槽指向特定方向或角落。	メモ：{0}を押してシュートの向きを回転できます	NOT: Kanalı belirli bir yöne veya köşe açısına yönlendirmek için [Döndür] ({0}) tuşuna basın.	POZNÁMKA: Stisknutím [Otočit] ({0}) nasměrujte skluz v určitém směru nebo úhlu.	NOTA: Premi [Ruota] ({0}) per puntare lo scivolo in una direzione o ad un angolo specifici.
TutorialStepNoteChuteScaffold	NOTA: Posiziona dei blocchi [Impalcatura] e delle rampe per aiutarti a posizionare gli scivoli su terreni irregolari.	NOTA: Coloca bloques de [Andamio] y rampas para ayudar a colocar tolvas en terreno desigual	提示：借助于放置[支架]或斜坡让滑道通过不平的地表。	REMARQUE : Placez des [Blocs structure] (accessibles depuis le Menu construction) pour vous permettre de placer les Glissières sur un terrain accidenté.	HINWEIS: Platziere [Gerüste] und [Rampen], um über unebenes Gelände zu gelangen	NOTA: Coloque blocos e rampas [andaime] para ajudar a colocar rampas em terrenos irregulares.	Примечание: стройте вспомогательные конструкции из меню [Мосты и Рампы], чтобы разместить Желоб на неровных поверхностях.	OBSERVAÇÃO: Coloque blocos e rampas [de andaimes] para ajudar a colocar os Calhas em terrenos irregulares.	注意：放置[鷹架]塊和坡道以幫助將滑槽放置在不平坦的地面上。	メモ：不規則な地形の上にシュートを配置する場合は[足場]ブロックと足場(斜面)を置いてください	NOT: Olukların engebeli araziye yerleştirilmesine yardımcı olmak için [İskele] blokları ve rampaları yerleştirin.	POZNÁMKA: Umístěte bloky [lešení] a rampy, abyste pomohli umístit skluzy přes nerovný terén.	NOTA: Posiziona dei blocchi [Impalcatura] e delle rampe per aiutarti a posizionare gli scivoli su terreni irregolari.
TutorialStepDragItemToChute	Fai [{0}] su un albero o una casella di grano e poi fai [{0}] (o trascina) alla fine del tuo [Scivolo]	{0} en un bloque de Árbol o Grano y arrastra el icono hasta el 	在树木或者谷物格上使用 {0} 并拖拽到你的[滑道]末端	[{0}] sur une tuile d'Arbre ou de Blé et [{0}] (ou faites glisser l'icône en maintenant {0}) sur l'extrêmité de votre [Glissière]	{0} auf einen Baum oder ein Feld und ziehe den Cursor auf einen Endpunkt deiner Rutsche	[{0}] em um bloco de Árvore ou Grão e depois [{0}] (ou arraste) para o final do seu [Chute]	[{0}] на Дереве или Зерне и вторично (или перетащите, зажав кнопку) на конечном участке вашего [Желоба]]	[{0}] em um bloco de Árvore ou Grão e, em seguida, [{0}] (ou arraste) para a extremidade da sua [Calha]	[{0}]在樹木或穀物上，然後[{0}]（或拖動）到[滑槽]的末端	木または小麦タイルの上で{0}し、[シュート]の端までカーソルをドラッグします	Bir Ağaç veya Tahıl döşemesinde [{0}] ve ardından [Oluk]'unuzun sonuna [{0}] (veya sürükleyin)	[{0}] na pole Strom nebo Obilí a poté [{0}] (nebo přetažením) na konec vaší [Skluzavky]	Fai [{0}] su un albero o una casella di grano e poi fai [{0}] (o trascina) alla fine del tuo [Scivolo]
TutorialStepNoteChuteDirection	Se gli oggetti si muovono in modo errato in corrispondenza di un incrocio dello scivolo, prova ad eliminarlo e a [Ruotare] ({0}) i nuovi scivoli nella direzione di marcia desiderata.	Si los artículos se mueven incorrectamente en una intersección de tolva intenta borrarla y usa {0} para rotar tolvas en la dirección deseada	如果物品在滑道交叉处运输的方向不对，可以将其删除并使用 {0} 旋转滑道至理想的方向。	Si des objets se déplacent dans le mauvais sens à une intersection de Glissière, essayez de la supprimer et d'utiliser [{0}] pour faire pivoter les Glissières dans le sens de la destination souhaitée.	Wenn Ressourcen auf deiner Rutsche den falschen Weg einschlagen, versuche die Richtung mit {0} zu ändern	Se os itens estiverem se movendo na direção errada em uma interseção de rampa, tente excluí-la e [Rodar] ({0}) novas rampas na direção de deslocamento desejada.	Если предметы застревают на пересечении желоба, попробуйте удалить его и используйте при постройке клавишу ({0}), для поворота Желоба в нужном направлении.	Se os itens estiverem se movendo para o lado errado em uma interseção de calha, tente excluí-la e [Girar] ({0}) novas calhas na direção de deslocamento desejada.	如果物品在滑槽交叉點以錯誤的方式移動，請嘗試將其刪除並[旋轉]({0}) 新滑槽在所需的行進方向。	シュートの交差点でアイテムが意図しない方向に動いている場合は、一旦削除して{0}を押して目的の方向にシュートを[回転]させてみてください	Bir Kanal kavşağında öğeler yanlış yönde hareket ediyorsa, onu silmeyi ve yeni kanalları istenen seyahat yönünde [Döndürmeyi] ({0}) deneyin.	Pokud se položky na křižovatce skluzů pohybují špatným směrem, zkuste je smazat a [Otočit] ({0}) nové skluzy v požadovaném směru jízdy.	Se gli oggetti si muovono in modo errato in corrispondenza di un incrocio dello scivolo, prova ad eliminarlo e a [Ruotare] ({0}) i nuovi scivoli nella direzione di marcia desiderata.
TutorialStepNoteChuteRemove	Usa lo [Strumento Movimento] ({0}) per rimuovere eventuali oggetti bloccati sullo scivolo	Utiliza la herramienta de [Recoger Artículo] ({0}) para remover cualquier artículo atascado en una tolva	使用[移动工具] ({0}) 移除卡在滑道上的物品	Utilisez le raccourci [Ramasser un objet] ([{0}]) pour supprimer les objets bloqués dans une Glissière.	Nutze das [Verschieben] Tool ({0}) um feststeckende Ressourcen auf der Rutsche zu entfernen	Use a ferramenta [Pegar Item] ({0}) para remover quaisquer itens presos em uma rampa	Используйте инструмента [Перемещение] ({0}), чтобы удалить застрявшие на желобе предметы	Use a ferramenta [Retirar Item]. ({0}) para remover qualquer item preso em uma Calha	使用[拿起物品]工具 ({0}) 移除滑槽上的任何卡住的物品”，	[アイテムを拾うツール]（{0}）を使用して、シュートに詰まったアイテムをすべて取り除きます	Bir Kanalda sıkışmış öğeleri kaldırmak için [Öğe Al] aracını ({0}) kullanın	Pomocí nástroje [Vyzvednout položku] ({0}) odstraňte všechny zaseknuté předměty na skluzu	Usa lo [Strumento Movimento] ({0}) per rimuovere eventuali oggetti bloccati sullo scivolo
TutorialStepSelectLumberMill	Seleziona la [Segheria]	Seleccione el [Molino de madera]	选择[锯木厂]	Sélectionnez la [Scierie]	Wähle das [Sägewerk]	Selecione [Serraria]	Выберите [Лесопилку]	Selecione [Serralheria]	選擇 [木材坊]	[製材所]を選択してください	[Kereste Fabrikası] öğesini seçin	Vyberte [Dřevorubce]	Seleziona la [Segheria]
TutorialStepSelectGrainMill	Selezionare il [Grano Mulino]	Seleccione el [Molino de alimentos]	选择[磨坊]	Sélectionnez le [Moulin à nourriture]	Wähle die [Mühle]	Selecione [Moinho de Alimentos]	Выберите [Мельницу]	Selecione [Moinho de Alimentos]	選擇 [食材坊]	[製粉所]を選択してください	[Gıda Değirmeni]'ni seçin	Vyberte [Mlýn]	Selezionare il [Grano Mulino]
TutorialStepSelectBase	Seleziona la [Base]	Seleccione el [Centro de la ciudad]	选择[城镇中心]	Sélectionnez le [Centre-Ville]	Wähle die [Basis]	Selecione o [Centro da Cidade]	Выберите [Базу]	Selecione [Centro da Cidade]	選擇[城鎮中心]	[町の中心]を選択してください	[Şehir Merkezi]'ni seçin	Vyberte [Centrum města]	Seleziona la [Base]
TutorialStepSelectSchool	Seleziona la [Scuola]	Seleccione la [Escuela]	选择[学校]	Sélectionnez l'[École]	Wähle die [Schule]	Selecione a [Escola]	Выберите [Школу]	Selecione [Escola]	選擇[學校]	[学校]を選択してください	[Okul]'u seçin	Vyberte [Školu]	Seleziona la [Scuola]
TutorialStepGatherResource	Raccogli {0} unità di [{1}]	Reúne {0} {1}	采集{0}个{1}	Rassemblez [{0}] [{1}][s]	Sammle {0} {1}	Reúna {0} [{1}]	Собрать {0} [{1}]	Reunir {0} [{1}]	採集 {0} [{1}]	[{1}]を{0}個集めてください	{0} [{1}] topla	Shromáždit {0} [{1}]	Raccogli {0} unità di [{1}]
TutorialStepEarnResearchPoint	Consegna [carta] alla [scuola], o direttamente a qualsiasi casa, per guadagnare un [punto di ricerca].	Entregue [Papel] a la [Escuela], o directamente a cualquier casa, para obtener un [Punto de Investigación].	向[学校]提供[纸张]，或直接运输到任何房屋，来获得[研究点]。	Livrez du [Papier] à l'[école] ou directement à n'importe quelle Maison pour gagner un [Point de recherche].	Bringe [Papier] zu irgendeinem Haus, um einen [Forschungspunkt] zu verdienen.	Entregar [papel] para a [escola], ou diretamente a qualquer casa, para ganhar um [Ponto de pesquisa].	Доставить [Бумага] в [Школу] или непосредственно в любой дом, чтобы заработать [Исследовательскую точку].	Entregue o [Papel] na [Escola], ou diretamente em qualquer Casa, para ganhar um [Ponto de Pesquisa].	將[白紙]運送到[學校]，或直接運送到任何房屋，以獲得[研究點]。	[紙]を[学校]または[住宅]に直接届けると、[研究ポイント]を獲得できます	Bir [Araştırma Puanı] kazanmak için [Kağıt]'ı [Okula] veya doğrudan herhangi bir Haneye teslim edin.	Doručte [Papír] do [Školy] nebo přímo do kteréhokoli domu, abyste získali [Výzkumný bod].	Consegna [carta] alla [scuola], o direttamente a qualsiasi casa, per guadagnare un [punto di ricerca].
TutorialStepCollectResearchItems	Raccogli abbastanza [monete] e [punti di ricerca] per acquistare la ricerca [elaborazione del grano].	Recoge las suficientes [Monedas] y [Puntos de investigación] para comprar la investigación [Procesamiento de grano].	收集足够的[硬币]和[研究点]购买[粮食处理]研究。	Collectez suffisamment de [Pièces] et de [Points de recherche] pour acheter la recherche sur le [Traitement des céréales].	Sammeln sie genug [Münzen] und [Forschungspunkte] um die [Getreideverarbeitung]-Forschung freizuschalten.	Coletar o suficiente [moedas] e [Pontos de pesquisa] para comprar a pesquisa [processamento de grãos].	Соберите достаточно [монеты] и [точки исследования] для покупки исследования [обработки зерна].	Colete [Moedas] e [Pontos de Pesquisa] suficientes para comprar a pesquisa [Processamento de Grãos].	收集足夠的[硬幣]和[研究點]來購買[穀物加工]研究。 	[紙]を住宅に届けると、[研究ポイント]を得られます。	[Tahıl İşleme] araştırmasını satın almak için yeterli miktarda [Para] ve [Araştırma Puanı] toplayın.	Nasbírejte dostatek [mincí] a [Výzkumných bodů] k nákupu výzkumu [Zpracování obilí].	Raccogli abbastanza [monete] e [punti di ricerca] per acquistare la ricerca [elaborazione del grano].
TutorialStepPurchaseResearch	Apri il [Pannello di ricerca] ({0}) e seleziona la ricerca [elaborazione del grano] per sbloccarlo.	Abra el [Panel de Investigación] ({0}) y seleccione la investigación [Procesamiento de grano] para desbloquearlo.	打开[研究面板]（{0}），然后选择[粮食处理]研究以解锁它。	Ouvrez le [Panneau de recherche] ({0}) et sélectionnez la recherche [Traitement des céréales] pour la débloquer.	Öffnen sie das [Forschungspanel] ({0}) und wählen sie [Getreideverarbeitung] aus um es freizuschalten.	Abra o [Panel de pesquisa] ({0}) e selecione a pesquisa [Processamento de grãos] para desbloqueá-la.	Откройте [Исследовательную панель] ({0}) и выберите исследование [Обработка зерна], чтобы разблокировать его.	Abra o [Painel de Pesquisa] ({0}) e selecione a pesquisa [Processamento de Grãos] para desbloqueá-la.	打開【研究面板】（{0}），選擇【穀物加工】研究來解鎖。	[コイン]と[研究ポイント]を集めて[穀物加工]の研究を購入してください。	[Araştırma Paneli]'ni ({0}) açın ve kilidini açmak için [Tahıl İşleme] araştırmasını seçin.	Otevřete [Panel výzkumu] ({0}) a vyberte výzkum [Zpracování obilí], abyste jej odemkli.	Apri il [Pannello di ricerca] ({0}) e seleziona la ricerca [elaborazione del grano] per sbloccarlo.
TutorialStateUpgradeTechLevel	Aggiorna il livello tecnologico	Actualizar Nivel de Tecnología	升级科技等级	Améliorer le niveau de technologie	Technologiestufe steigern	Atualize o nível de tecnologia.	Обновить технологический уровень	Melhorar o Nível Técnico	提升技術水平	技術レベルのアップグレード	Teknoloji Seviyesini Yükselt	Vylepšit technickou úroveň	Aggiorna il livello tecnologico
TutorialStateUpgradeTechLevel_Desc	La produzione di articoli specifici aumenterà il tuo [livello tecnico]. Questo sbloccherà  nuovi edifici e nuove ricerche.	Producir artículos específicos elevará su [nivel de tecnología]. Esto desbloqueará todo tipo de nuevos edificios e investigaciones.	生产特定物品将提高您的[科技等级]。这将解锁各种新建筑和研究。	La production d'objets spécifiques augmentera votre [Niveau Technologique]. Cela débloquera toutes sortes de nouveaux bâtiments et nouvelles recherches.	Die Produktion bestimmter Gegenstände erhöht deine [Technologiestufe]. Dadurch werden alle möglichen neuen Gebäude und Forschungen freigeschalten.	Produzir itens específicos aumentará seu [nível de tecnologia]. Isso desbloqueará todos os tipos de novos edifícios e pesquisas.	Производство определенных предметов повысит ваш [технологический уровень]. Это откроет все виды новых зданий и исследований.	A produção de itens específicos aumentará seu [Nível Técnico]. Isso desbloqueará todos os tipos de novos edifícios e pesquisas.	生產特定物品會提高您的[技術水平]。 這將解鎖各種新建築和研究。	特定のアイテムを生産すると、[技術レベル]が上がります。これにより、あらゆる種類の新しい建物や研究がアンロックされます。	Belirli öğeleri üretmek [Teknoloji Seviyenizi] yükseltecektir. Bu, her türlü yeni binanın ve araştırmanın kilidini açacaktır.	Výroba konkrétních předmětů zvýší vaši [Technickou úroveň]. Tím se odemknou všechny druhy nových budov a výzkumu.	La produzione di articoli specifici aumenterà il tuo [livello tecnico]. Questo sbloccherà  nuovi edifici e nuove ricerche.
TutorialStepProvideTechLevelItems	Produrre abbastanza [assi] per sbloccare il livello tecnologico successivo	Producir suficientes [tablones] para desbloquear el siguiente nivel de tecnología	产生足够的[木板]来解锁下一个科技水平	Produire suffisamment de [Planches] pour déverouiller le prochain niveau technologique	Produzieren Sie genug [Planken], um die nächste Tech-Ebene freizuschalten	Produzir bastante [pranchas] para desbloquear o próximo nível de tecnologia	Производить достаточно [планки], чтобы разблокировать следующий технический уровень	Produza [Tábuas] suficientes para desbloquear o próximo nível de tecnologia	生產足夠的[木板]來解鎖下一個技術水平	次の技術レベルをアンロックするのに必要な数の[木の板]を生産してください	Bir sonraki Teknoloji Seviyesinin kilidini açmak için yeterli miktarda [Plank] üretin	Vyrobte dostatek [prken] k odemknutí další technické úrovně	Produrre abbastanza [assi] per sbloccare il livello tecnologico successivo
TutorialStepHitTechUpgradeButton	Quando l'aggiornamento è pronto, fare clic sul pulsante [Aggiorna livello Tech] sul lato sinistro.	Cuando la mejora esté lista, haga clic en el botón [Actualizar nivel de tecnología] en el lado izquierdo.	升级准备就绪后，单击左侧的[升级技术级别]按钮。	Lorsque l'amélioration est prête, cliquez sur le bouton [Améliorer le niveau de technologie] situé sur le côté gauche.	Wenn das Upgrade bereit ist, klicken Sie auf der linken Seite auf die Schaltfläche [TECH TECH-TECH-Ebene].	Quando a atualização estiver pronta, clique no botão [Atualizar nível de tecnologia] no lado esquerdo.	Когда обновление готово, щелкните кнопку [Обновить технологический уровень] на левой стороне.	Quando a Melhoria estiver pronta, clique no botão [Melhorar o Nível Técnico] no lado esquerdo.	升級準備就緒後，點擊左側的[提升技術水平]按鈕。	アップグレードの準備ができたら、左側にある[技術レベルのアップグレード]ボタンをクリックします	Yükseltme hazır olduğunda sol taraftaki [Teknoloji Seviyesini Yükselt] düğmesine tıklayın.	Když je aktualizace připravena, klikněte na tlačítko [Vylepšit technickou úroveň] na levé straně.	Quando l'aggiornamento è pronto, fare clic sul pulsante [Aggiorna livello Tech] sul lato sinistro.
TutorialStateUpgradePopulationLevel	Aggiorna il livello della popolazione	Mejorar Nivel de Población	升级人口等级	Améliorer le niveau de population	Bevölkerungsstufe steigern	Atualize o nível populacional	Обновление уровня населения	Melhorar o Nível da População	提升人口水平	人口レベルのアップグレード	Nüfus Seviyesini Yükselt	Vylepšit úroveň populace	Aggiorna il livello della popolazione
TutorialStateUpgradePopulationLevel_Desc	Ogni articolo diverso che una casa consuma produrrà felicità. La felicità è temporanea, ma dura per un po' dopo che la casa consuma l'oggetto.	Por cada artículo diferente que consume una Casa ganará Felicidad. La Felicidad es temporal, pero dura un tiempo después de que la Casa consume el artículo.	房屋消费的每件不同的物品都会获得幸福度。幸福度是暂时的，不过会在房子消耗物品后持续一段时间。	Chaque produit différent consommé par une maison fera gagner du bonheur. Le bonheur est temporaire mais dure un certain temps après que la maison ait consommé le produit.	Jeder unterschiedliche Produkt, welches von einem Haushalt verbraucht wird, erzeugt Zufriedenheit. Zufriedenheit ist vergänglich, aber hält eine Weile an nachdem ein Haushalt das Produkt verbraucht hat.	Cada item diferente uma casa consome ganhará felicidade. A felicidade é temporária, mas dura por um tempo depois que a casa consome o item.	Каждый другой предмет, который домашний потребляет, потребляет счастье. Счастье временно, но длится некоторое время после того, как дом потребляет товар.	Cada item diferente que uma Casa consome gera Felicidade. A Felicidade é temporária, mas dura algum tempo depois que a Casa consome o item.	房屋消費的每件不同的物品都會獲得幸福。幸福是暫時的，但會在房屋消耗該物品後持續一段時間。	住宅がさまざまなアイテムを消費するたびに、幸福度が得られます。幸福度は一時的なものですが、住宅がアイテムを消費した後もしばらく持続します	Bir Hanenin tükettiği her farklı öğe Mutluluk kazandıracaktır. Mutluluk geçicidir ancak Hane eşyayı tükettikten sonra bir süre daha devam eder.	Každou položku, kterou dům spotřebuje, získá štěstí. Štěstí je dočasné, ale chvíli po spotřebování produktů ještě trvá.	Ogni articolo diverso che una casa consuma produrrà felicità. La felicità è temporanea, ma dura per un po' dopo che la casa consuma l'oggetto.
TutorialStepProvidePopulationLevelHappiness	Raggiungere elevati valori di felicità sbloccherà nuovi livelli di popolazione. Questo ti consente di costruire più case e lavoratori.	Alcanzar valores altos de Felicidad desbloqueará nuevos niveles de población. Esto te permite construir más casas y trabajadores.	达到高幸福度将解锁新的人口等级。这让您建造更多的房屋和生产更多的工人。	Atteindre des valeurs de bonheur élevées débloquera de nouveaux niveaux de population. Cela vous permettra de construire de nouvelles maisons et de travailleurs.	Das erreichen von hohen Zufriedenheitsstufen schaltet neue Bevölkerungsstufen frei. Dadurch kannst du mehr Häuser und Arbeiter bauen.	Alcançar valores de alta felicidade irá desbloquear novos níveis populacionais. Isso permite que você construa mais casas e trabalhadores.	Достижение высоких ценностей счастья откроет новые уровни населения. Это позволяет строить больше домов и работников.	Ao atingir valores altos de Felicidade, você desbloqueará novos níveis de população. Isso permite que você construa mais casas e trabalhadores.	達到高幸福值將解鎖新的人口水平。 這讓您可以建造更多的房屋和工人。	幸福度が高くなると、新しい人口レベルがアンロックされます。これにより、より多くの住宅や労働者を作ることができます	Yüksek Mutluluk değerlerine ulaşmak yeni Nüfus Seviyelerinin kilidini açacaktır. Bu, daha fazla Ev ve İşçi inşa etmenizi sağlar.	Dosažení vysokých hodnot Štěstí odemkne nové úrovně populace. To vám umožní postavit více domů a pracovníků.	Raggiungere elevati valori di felicità sbloccherà nuovi livelli di popolazione. Questo ti consente di costruire più case e lavoratori.
TutorialStepUpgradePopulationLevel	Quando viene raggiunta la felicità del bersaglio, premere il pulsante [Aggiornamento del livello di popolazione] sul lato sinistro.	Cuando se llega a la Felicidad objetivo, presione el botón [Mejorar Nivel de Población] en el lado izquierdo.	当达到目标幸福度时，单击左侧的[升级人口等级]按钮。	Lorsque la valeur cible du bonheur est atteinte, appuyez sur le bouton [Améliorer le niveau de population] situé à gauche.	Wenn die erzielte Zufriedenheit erreicht ist drücke den [Bevölkerungsstufe steigern] Knopf auf der linken Seite.	Quando a felicidade do alvo é atingida, pressione o botão [Atualizar nível de população] no lado esquerdo.	Когда достигается целевое счастье, нажмите кнопку [Улучшить уровень популяции] на левой стороне.	Quando a Felicidade alvo for atingida, pressione o botão [Melhorar o Nível da População] no lado esquerdo.	達到目標幸福度後，點擊左側的【提升人口水平】按鈕。	目標の幸福度に到達したら、左側の[人口レベルのアップグレード]ボタンを押してください	Hedef Mutluluğa ulaşıldığında sol taraftaki [Nüfus Seviyesini Yükselt] düğmesine basın.	Když dosáhnete cílového štěstí, stiskněte tlačítko [Vylepšit úroveň populace] na levé straně.	Quando viene raggiunta la felicità del bersaglio, premere il pulsante [Aggiornamento del livello di popolazione] sul lato sinistro.
TutorialStepIncreaseHappiness	Fornire una varietà di oggetti alle tue case per aumentare la loro [felicità]	Proporcione una variedad de artículos a sus casas para aumentar su [Felicidad]	为您的房屋提供各种商品以增加他们的[幸福度]	Fournir une variété de produits à vos maisons pour augmenter leur [Bonheur]	Versorgt Häuser mit einer Vielzahl an Waren um die [Zufriedenheit] zu erhöhen	Forneça uma variedade de itens para suas casas para aumentar sua [felicidade]	Предоставить различные предметы для ваших домов, чтобы увеличить свое [счастье]	Forneça uma variedade de itens às suas Casas para aumentar a [Felicidade] delas	為您的房屋提供各種物品以增加他們的[幸福] 	住宅に様々なアイテムを提供し、住宅の[幸福度]を高めてください	[Mutluluk]'larını artırmak için Hanelerinize çeşitli öğeler sağlayın	Poskytněte svým domům různé předměty, abyste zvýšili jejich [štěstí]	Fornire una varietà di oggetti alle tue case per aumentare la loro [felicità]
TutorialStepHitPopulationUpgradeButton	Quando l'aggiornamento è pronto, premere il pulsante [Aggiorna livello di popolazione]	Cuando la mejora esté lista, presione el botón [Mejorar Nivel de Población]	当升级准备就绪时，单击[升级人口级别]按钮	Lorsque l'amélioration est prête, cliquez sur le bouton [Améliorer le niveau de population]	Wenn die Verbesserung fertig ist, drücke den Knopf [Bevölkerungsstufe steigern]	Quando o Ugprade estiver pronto, pressione o botão [Atualizar nível de população]	Когда UGPRADE готов, нажмите кнопку [Улучшение уровня популяции]	Quando a atualização estiver pronta, pressione o botão [Melhorar o Nível da População]	當升級準備就緒時，點擊【提升人口水平】按鈕	準備ができたら、[人口レベルのアップグレード]ボタンを押してください	Yükseltme hazır olduğunda [Nüfus Düzeyini Yükselt] düğmesine basın	Když je aktualizace připravena, stiskněte tlačítko [Vylepšit úroveň populace]	Quando l'aggiornamento è pronto, premere il pulsante [Aggiorna livello di popolazione]
TutorialStepNoteHappinessBonus	La felicità fornisce anche un [boost veloce] a tutti gli edifici di produzione, purché siano collegati a una città!	¡La felicidad también proporciona un [aumento de velocidad] a todos los edificios de producción, siempre y cuando estén conectados a una ciudad!	幸福度也为所有生产建筑提供了[速度提升]，只要它们与城镇相连！	Le bonheur fournit également un [boost de vitesse] à tous les bâtiments de production, à condition qu'ils soient connectés à une ville!	Zufriedenheit stellt Produktionsgebäuden auch einen [Geschwindigkeitsbonus] zur Verfügung, sofern sie einer Stadt angeschlossen sind!	A felicidade também fornece um [Boost Speed] para todos os edifícios de produção, desde que sejam conectados a uma cidade!	Счастье также обеспечивает [повышение скорости] для всех производственных зданий, пока они связаны с городом!	A Felicidade também proporciona um [Aumento de Velocidade] a todos os edifícios de produção, desde que estejam conectados a uma cidade!	幸福還為所有生產建築提供[速度提升]，只要它們與城鎮相連！	幸福度は、町に接続されているすべての生産施設に[スピードブースト]を与えます	Mutluluk ayrıca bir Kasabaya bağlı oldukları sürece tüm üretim binalarına [Hız Artışı] sağlar!	Štěstí také poskytuje [Rychlostní ​​Boost] všem produkčním budovám, pokud jsou propojeny s městem!	La felicità fornisce anche un [boost veloce] a tutti gli edifici di produzione, purché siano collegati a una città!
TutorialStateWelcomeMessage_Desc	Benvenuti a Factory Town! Questo tutorial ti guiderà attraverso le fasi iniziali del gioco. (Può essere disattivato in opzioni / interfaccia)	¡Bienvenido a Factory Town! Este tutorial lo guiará a través de las partes básicas del juego (se puede desactivar en opciones / interfaz).	欢迎来到工业小镇！本教程将指导您通过游戏的基本部分。 （可以在选项/界面中关闭）	Bienvenue dans Factory Town ! Ce didactitiel vous guidera à travers les parties de base du jeu. (Il peut être désactivé dans Options / Interface)	Willkommen in Factory Town! Dieses Tutorial wird Sie durch die Grundlagen des Spiels begleiten. (Kann in Optionen / Benutzeroberfläche deaktiviert werden)	Bem-vindo à Cidade Fábrica! Este tutorial irá guiá-lo pelas partes básicas do jogo. (Pode ser desligado em Opções/Interface)	Добро пожаловать в фабричный город! Этот учебник проведет вас через основные части игры. (Его можно отключить в опциях / интерфейсе)	"Bem-vindo ao Factory Town! Este tutorial o guiará pelas partes básicas do jogo. (Ele pode ser desativado em ""Opções / Interface"")"	歡迎來到 Factory Town！本教程將指導您通過遊戲的基本部分。（它可以在選項/界面中關閉）	ファクトリータウンへようこそ! このチュートリアルでは、ゲームの基本的な部分を説明します。(オプション：インターフェースでオフにすることもできます。)	Factory Town'a hoş geldiniz! Bu Eğitim size oyunun temel kısımlarında rehberlik edecektir. (Seçenekler / Arayüz'den kapatılabilir)	Vítejte ve Factory Town! Tento návod vás provede základními částmi hry. (Lze vypnout v Možnosti / Rozhraní)	Benvenuti a Factory Town! Questo tutorial ti guiderà attraverso le fasi iniziali del gioco. (Può essere disattivato in opzioni / interfaccia)
TutorialStepClickNextButton	Fare clic sul pulsante qui sotto per passare al passaggio successivo.	Haga clic en el botón de abajo para avanzar al siguiente paso.	单击下面的按钮进入下一步。	Cliquez sur le bouton ci-dessous pour passer à l'étape suivante.	Klicken Sie auf die Schaltfläche unten, um zum nächsten Schritt voranzukommen.	Clique no botão abaixo para avançar para a próxima etapa.	Нажмите кнопку ниже, чтобы перейти к следующему шагу.	Clique no botão abaixo para avançar para a próxima etapa.	單擊下面的按鈕進入下一步。	下のボタンをクリックすると、次のステップに進みます。	Bir sonraki adıma geçmek için aşağıdaki butona tıklayın.	Klepnutím na tlačítko níže přejděte k dalšímu kroku.	Fare clic sul pulsante qui sotto per passare al passaggio successivo.
TutorialStateMoveCamera_Desc	Puoi spostare la fotocamera per visualizzare più parti della mappa.	Puede mover la cámara para ver más partes del mapa.	您可以移动镜头来查看地图的更多部分。	Vous pouvez déplacer la caméra pour voir plus de parties de la carte.	Sie können die Kamera bewegen, um mehr Bereiche der Karte zu sehen.	Você pode mover a câmera para visualizar mais partes do mapa.	Вы можете переместить камеру, чтобы просмотреть больше частей карты.	Você pode mover a câmera para visualizar mais partes do mapa.	您可以四處移動鏡頭以查看地圖的更多部分。	カメラを動かして、地図の他の部分を見ることができます。	Haritanın daha fazla bölümünü görüntülemek için Kamerayı hareket ettirebilirsiniz.	Pohybem kamery můžete zobrazit další části mapy.	Puoi spostare la fotocamera per visualizzare più parti della mappa.
TutorialStateViewPipes	Visualizza tubi sotto terra	Ver tubos subterráneos	查看地下管道	Voir les tuyaux souterrains	Sehen Sie sich unterirdische Rohre an	Ver tubos subterrâneos	Посмотреть подземные трубы	Exibir Tubulações Subterrâneas	查看地下管道	地下のパイプを見る	Yeraltı Borularını Görüntüle	Prohlédnout si podzemní potrubí	Visualizza tubi sotto terra
TutorialStateViewPipes_Desc	Ci sono diversi strati sotterranei dove è possibile costruire tubi per spostare il vapore, l'acqua e altri oggetti tra i tuoi edifici.	Hay varias capas subterráneas donde puede construir tuberías para mover vapor, agua y otros elementos entre sus edificios.	有几个地下层，您可以在建筑物之间构建管道传输蒸汽、水和其他物品。	Il existe plusieurs couches souterraines où vous pouvez construire des tuyaux permettant le déplacement de la vapeur, des liquides, ou d'autres objets entre vos bâtiments.	Es gibt mehrere unterirdische Schichten, wo Sie Rohre bauen können um Dampf, Wasser sowie Gegenstände zwischen den Gebäuden zu transportieren.	Existem várias camadas subterrâneas onde você pode construir canos para transportar vapor, água e outros itens entre seus edifícios.	Есть несколько подземных слоев, где вы можете строить трубы для перемещения пар, воды и других предметов между вашими зданиями.	Há várias camadas subterrâneas onde você pode construir tubulações para transportar vapor, água e outros itens entre seus edifícios.	有幾個地下層，您可以在其中建造管道以在建築之間輸送蒸汽、水和其他物品。	地下にはいくつかの層があり、蒸気や液体などを移動させるパイプを作ることができます。	Buharı, suyu ve diğer maddeleri binalarınız arasında taşımak için borular inşa edebileceğiniz çeşitli yer altı katmanları vardır.	Existuje několik podzemních vrstev, kde můžete postavit potrubí pro přesun páry, vody a dalších předmětů mezi vašimi budovami.	Ci sono diversi strati sotterranei dove è possibile costruire tubi per spostare il vapore, l'acqua e altri oggetti tra i tuoi edifici.
TutorialStepHitPipeViewButton	Utilizzare il pulsante [{0}] ({1}) per visualizzare i livelli di tubi sotterranei	Utilice el botón [{0}] ({1}) para ver las capas de tuberías subterráneas	使用[{0}]按钮（{1}）查看地下管道层	Utilisez la touche ({1}) [{0}] pour afficher les couches de tuyaux souterrains	Verwenden Sie die [{0}] Taste ({1}), um die unterirdischen Schichten anzuzeigen.	Use o botão [{0}] ({1}) para visualizar camadas de tubos subterrâneos	Используйте кнопку [{0}] ({1}) для просмотра слоев подземных труб	Use o botão [{0}] ({1}) para visualizar as camadas de tubulação subterrânea	使用[{0}]按鈕（{1}）查看地下管道層	[{0}]ボタン({1})で地下のパイプ層を表示します	Yeraltı boru katmanlarını görüntülemek için [{0}] düğmesini ({1}) kullanın	Pomocí tlačítka [{0}] ({1}) zobrazíte vrstvy podzemního potrubí	Utilizzare il pulsante [{0}] ({1}) per visualizzare i livelli di tubi sotterranei
TutorialStepExitPipeView	Utilizzare i pulsanti in basso a destra per visualizzare gli strati sotterranei. Utilizzare di nuovo {0} o [{1}] per tornare alla vista normale.	Use los botones en la parte inferior derecha para cambiar entre capas. Use {0} o [{1}] cuando haya terminado para volver a la vista normal.	使用右下方的按钮在层之间切换。完成后再次使用{0}或[{1}]返回正常视图。	Utilisez les boutons situés en bas à droite pour basculer entre les couches. Utilisez à nouveau [{1}] ou {0} quand vous avez terminé pour retourner à la vue normale.	Verwenden Sie die Schaltflächen unten rechts, um zwischen den Schichten zu wechseln. Verwenden Sie {0} oder {1} erneut, um zurück zur normalen Ansicht zu wechseln.	Use os botões no canto inferior direito para alternar entre as camadas. Use {0} ou [{1}] novamente quando terminar para retornar à visualização normal.	Используйте кнопки в правом нижнем направлении, чтобы переключаться между слоями. Используйте {0} или [{1}] снова, когда закончите, чтобы вернуться к нормальному представлению.	Use os botões no canto inferior direito para alternar entre as camadas. Use {0} ou [{1}] novamente quando terminar para voltar à visualização normal.	使用右下方的按鈕在圖層之間切換。完成後再次使用{0}或[{1}]返回正常視圖。	右下のボタンでレイヤーの種類を切り替えます。通常の表示に戻るには{0}または{1}を再度使用してください。	Katmanlar arasında geçiş yapmak için sağ alttaki düğmeleri kullanın. İşiniz bittiğinde normal görünüme dönmek için tekrar {0} veya [{1}] kullanın.	K přepínání mezi vrstvami použijte tlačítka vpravo dole. Po dokončení znovu použijte {0} nebo [{1}] pro návrat do normálního zobrazení.	Utilizzare i pulsanti in basso a destra per visualizzare gli strati sotterranei. Utilizzare di nuovo {0} o [{1}] per tornare alla vista normale.
TutorialStatePauseGame_Desc	Puoi mettere il gioco in pausa quando vuoi. Questo ti renderà più facile costruire o selezionare i lavoratori in attività. 	Puedes pausar el juego en cualquier momento. Esto puede hacer que sea más fácil construir, o para seleccionar unidades de trabajadores que se están moviendo alrededor.	您可以随时暂停游戏。这可能使建造，或选择正在移动的工人单位更容易。	Vous pouvez mettre en pause le jeu à tout moment. Cela peut vous faciliter la construction ou vous permettre de sélectionner plus facilement les unités de travailleurs en mouvement.	Sie können das Spiel jederzeit pausieren. Dies vereinfacht das Bauen oder das Auswählen von Arbeitern, die sich bewegen.	Você pode pausar o jogo a qualquer momento. Isso pode facilitar a construção ou a seleção de unidades de trabalho que estão se movimentando.	Вы можете приостановить игру в любое время. Это может облегчить построение или выбрать рабочие подразделения, которые движутся.	Você pode pausar o jogo a qualquer momento. Isso pode facilitar a construção ou a seleção de unidades de trabalho que estão se movendo.	你可以隨時暫停遊戲。這可能會使建築或選擇四處移動的工人單位更容易。	ゲームはいつでも一時停止することができます。建設や移動中のワーカーの選択が簡単になるでしょう。	Oyunu istediğiniz zaman duraklatabilirsiniz. Bu, etrafta dolaşan İşçi birimlerinin inşa edilmesini veya seçilmesini kolaylaştırabilir.	Hru můžete kdykoli pozastavit. To může usnadnit sestavení nebo výběr pracovních jednotek, které se pohybují.	Puoi mettere il gioco in pausa quando vuoi. Questo ti renderà più facile costruire o selezionare i lavoratori in attività. 
TutorialStepUsePauseButton	Utilizzare il pulsante [{0}] per mettere in Pausa.	Use el botón [{0}] para alternar entre el juego pausado ​​o quitar la pausa.	使用[{0}]按钮在暂停和运行之间切换。	Utilisez la touche [{0}] pour basculer entre la pause et la reprise.	Drücken Sie die [{0}] Taste, um zu pausieren oder fortzusetzen.	Use o botão [{0}] para alternar entre Pausado e Não pausado.	Используйте кнопку [{0}], чтобы переключиться между приостановкой и неопубликованной.	Use o botão [{0}] para alternar entre Pausado e Despausado.	使用[{0}]按鈕在暫停和取消暫停之間切換。	[{0}]ボタンで一時停止と解除ができます。	Duraklatıldı ve Duraklatılmadı arasında geçiş yapmak için [{0}] düğmesini kullanın.	Pomocí tlačítka [{0}] můžete přepínat mezi pozastavením a spuštěním.	Utilizzare il pulsante [{0}] per mettere in Pausa.
TutorialStateBuildConveyorBelt	Costruisci la cintura del trasportatore	Construir cinta transportadora	建造传送带	Construire un tapis roulant	Bauen Sie Förderband	Construir correia transportadora	Построить конвейерную ленту	Construir Esteira	建造輸送帶	木のベルトコンベアを作る	Konveyör Bant Oluşturun	Sestavte dopravníkový pás	Costruisci la cintura del trasportatore
TutorialStateBuildConveyorBelt_Desc	I lavoratori sono utili, ma Factory Town riguarda l'automazione! Usa le cinture del trasporto per spostare gli articoli automaticamente senza un lavoratore.	Construir cinta transportadora	工人们很实用，但是工业小镇的目标是自动化！尝试使用传送带来自动移动物品而不使用工人。	Les travailleurs sont utiles, mais Factory Town intègre aussi de l'automatisation! Utilisez des tapis roulants pour déplacer les objets aux alentours automatiquement sans l'aide des travailleurs.	Arbeiter sind praktisch, aber in Factory Town geht es um Automatisierung! Verwende Förderbänder, um Gegenstände automatisch und ohne Arbeiter zu befördern.	Os trabalhadores são úteis, mas Factory Town é uma questão de automação! Use correias transportadoras para mover itens automaticamente sem um trabalhador.	Рабочие полезны, но заводский город - это автоматизация! Используйте конвейерные ремни, чтобы автоматически перемещать предметы без работника.	Os trabalhadores são úteis, mas a Factory Town é sobre automação! Use as esteiras para movimentar itens automaticamente sem a necessidade de um trabalhador.	工人是有用，但 Factory Town 是關於自動化的！使用輸送帶在沒有工人的情況下自動移動物品。	ワーカーは役に立ちますが、 Factory Town では様々な作業を自動化できます。まずはワーカーの代わりにベルトコンベアでアイテムを輸送しましょう。	İşçiler faydalıdır, ancak Fabrika Şehri otomasyonla ilgilidir! Öğeleri işçi olmadan otomatik olarak taşımak için Konveyör Bantları kullanın.	Dělníci jsou užiteční, ale Factory Town je o automatizaci! Použijte dopravníkové pásy k automatickému přesunu položek bez pracovníka.	I lavoratori sono utili, ma Factory Town riguarda l'automazione! Usa le cinture del trasporto per spostare gli articoli automaticamente senza un lavoratore.
TutorialStepDrawBeltPath	Fare clic o trascinare per creare un percorso di più cinture. Dirigere una cintura in un edificio per depositare automaticamente gli articoli.	Los trabajadores son útiles, ¡pero Factory Town se trata de la automatización! Use cintas transportadoras para mover objetos automáticamente sin trabajadores.	单击或拖动来创建传送带的路径，将传送带连接到建筑上来自动存放物品。	Cliquez ou faites glisser pour créer un chemin de plusieurs tapis.	Klicken oder Ziehen, um mehrere Förderbänder als Pfad zu platzieren. Richte ein Förderband an ein Gebäude aus, um Gegenstände automatisch abzuladen.	Clique ou arraste para criar um caminho de várias correias. Direcione um cinto para um prédio para depositar itens automaticamente.	Нажмите или перетащите, чтобы создать путь нескольких ремней. Направьте ремень в здание, чтобы автоматически вносить предметы.	Clique ou arraste para criar um caminho de várias esteiras. Direcione uma esteira para um edifício para depositar itens automaticamente.	點擊或拖動以創建多條輸送帶。將輸送帶直接插入建築以自動存放物品。	クリック、またはドラッグでベルトコンベアを設置できます。	Birkaç kuşaktan oluşan bir yol oluşturmak için tıklayın veya Sürükleyin. Öğeleri otomatik olarak bırakmak için kemeri bir binaya yönlendirin.	Kliknutím nebo přetažením vytvoříte dráhu několika pásů. Nasměrujte pás do budovy, aby do ní automaticky směřovali přepravované předměty.	Fare clic o trascinare per creare un percorso di più cinture. Dirigere una cintura in un edificio per depositare automaticamente gli articoli.
TutorialStepNoteGrabber	Nota: una cintura collocata rivolta da un edificio creerà automaticamente un [Grabber]. Questo tira oggetti dall'edificio alla cintura.	Haga clic o arrastre para crear una ruta de varias secciones de cintas transportadoras. Dirija una cinta a un edificio para depositar automáticamente los artículos.	提示：从建筑引出传送带时会自动创建一个[抓取器]，它会把物品从建筑中移动到传送带上。	REMARQUE : Un tapis roulant placé en opposition contre un bâtiment créera automatiquement une [Pince]. Elle placera les objets contenus dans le bâtiment sur le tapis.	HINWEIS: Wird ein Förderband vom Gebäude weg ausgerichtet, wird automatisch ein [Greifer] platziert. Dieser holt Gegenstände aus dem Gebäude und legt sie auf das Förderband.	NOTA: Um cinto colocado de costas para um edifício criará automaticamente um [Grabber]. Isso puxa os itens do prédio para o cinto.	ПРИМЕЧАНИЕ. Пояс, расположенный в сторону от здания, автоматически создаст [Grabber]. Это тянет предметы из здания на ремень.	OBSERVAÇÃO: Uma esteira colocada na direção oposta à de um edifício criará automaticamente um [Pegador]. Isso puxa os itens do edifício para a esteira.	注意：背對建築放置的輸送帶將自動創建一個[抓取器]。這會將建築中的的物品拉到輸送帶上。	メモ：建物に隣接し離れる方向に設置したベルトコンベアには、同時にアイテムを搬出する[グラバー]も配置されます	NOT: Binaya dönük olmayan bir kemer otomatik olarak bir [Kapıcı] oluşturacaktır. Bu, eşyaları binadan kemere doğru çeker.	POZNÁMKA: Pás umístěný směrem od budovy automaticky vytvoří [Vykladač]. To vytahuje předměty z budovy na pás.	Nota: una cintura collocata rivolta da un edificio creerà automaticamente un [Grabber]. Questo tira oggetti dall'edificio alla cintura.
ProTipTerrainTools	Utilizzare gli strumenti di costruzione / Terreno ad appiattirsi a terra, se avete bisogno di più spazio per costruire.	Usa las herramientas de Construcción / Terreno para aplanar terreno si necesitas más espacio para construir	使用建造/地表工具来铲平地面，可获得更多的建造空间。	Utilisez les outils de Construction ou de Terrain pour aplanir le terrain si vous avez besoin d'espace pour construire.	Verwende die Geländetools um den Boden abzuflachen, falls du mehr Bauplatz brauchst	Use as ferramentas Construir/Terreno para nivelar o terreno se precisar de mais espaço para construir.	Используйте инструменты меню «Ландшафт» если вам, к примеру, нужно выровнять землю под постройку здания.	Use as ferramentas Construir/ Terreno para aplainar o terreno se precisar de mais espaço para construir.	如果您需要更多空間來建造，請使用建造 / 地形工具來整平地面。	建設場所に多くのスペースを必要とする場合は、\n地面を平らにするために建築 / 地形ツールを使ってください	İnşaat için daha fazla alana ihtiyacınız varsa zemini düzleştirmek için İnşa / Arazi araçlarını kullanın.	Pokud potřebujete více místa pro stavbu, použijte nástroje Stavět / Terén k vyrovnání země.	Utilizzare gli strumenti di costruzione / Terreno ad appiattirsi a terra, se avete bisogno di più spazio per costruire.
ProTipMoveTool	È possibile trascinare qualsiasi unità lavoratore o Costruire la mappa, utilizzando lo strumento Sposta.	Puede arrastrar cualquier unidad o edificio trabajador o construir alrededor del mapa usando la herramienta Mover.	可以使用移动工具拖拽来移动地图上的任何工人或单位。	Vous pouvez déplacer n'importe quel Travailleur ou bâtiment sur la carte à l'aide de l'Outil déplacement.	Mit dem Verschiebewerkzeug kannst du Arbeiter oder Gebäude auf der Karte hin und her bewegen	Você pode arrastar qualquer unidade de trabalho ou edifício pelo mapa usando a ferramenta Mover.	Вы можете переместить любую рабочую единицу или здание в нужное место с помощью инструмента «Перемещение».	Você pode arrastar qualquer unidade de trabalho ou edifício pelo mapa usando a ferramenta Mover.	您可以使用移動工具在地圖周圍拖動任何工人單位或建築。	移動ツールを使用すると、マップ上の任意のワーカー、\nユニットや建物をドラッグして移動できます	Taşıma aracını kullanarak herhangi bir çalışan birimini veya Binayı haritanın etrafında sürükleyebilirsiniz.	Jakoukoli pracovní jednotku nebo budovu můžete přetáhnout po mapě pomocí nástroje Přesunout.	È possibile trascinare qualsiasi unità lavoratore o Costruire la mappa, utilizzando lo strumento Sposta.
ProTipRailStops	Ferroviario fermate sono strutture che raccontano carri ferroviari in cui a scendere e prendere le merci. Essi vengono creati automaticamente quando disegnate delle linee ferroviarie vicino edifici, ma può anche essere posizionato manualmente. Possono essere impostati come ingresso o uscita fermate.	Usa Paradas de carril para desencadenar una acción automática de recogida o entrega	使用轨道站点来让矿车自动进行拾取或卸载操作，他们是在建筑附近建造轨道时自动放置的，但也可以手动放置，它们可以设置为输入或输出。。	Les Butées de rails sont des structures qui indiquent aux Wagonnets où déposer et ramasser des marchandises. Elles sont automatiquement créés lorsque le traçage des rails passe près des bâtiments, mais peuvent également être placées manuellement. Elles peuvent être définies comme des arrêts d'Entrée ou de Sortie.	Bahnhaltestellen dienen den Loren als Haltepunkte zum Be- und Entladen. Sie werden automatisch in der Nähe von Gebäuden erstellt, können aber auch manuell platziert werden. z.B. als manuellen Be- und Entladepunkt	Rail Stops são estruturas que informam aos carrinhos onde deixar e retirar mercadorias. Eles são criados automaticamente ao desenhar linhas ferroviárias perto de edifícios, mas também podem ser colocados manualmente. Eles podem ser definidos como paradas de entrada ou saída.	Ж/д Остановки используются Вагонетками как точки погрузки / разгрузки предметов. Если вы прокладываете рельсы возле здания, то Остановка создается автоматически, но вы можете разместить её и вручную. Есть настройка режима работы остановки	As paradas de trem são estruturas que indicam aos vagões de trem onde deixar e pegar mercadorias. Elas são criadas automaticamente ao desenhar linhas de trem próximas a edifícios, mas também podem ser colocadas manualmente. Elas podem ser definidas como paradas de entrada ou saída.	鐵路停靠站是一種結構，它告訴軌道車輛在哪裡卸貨和裝貨。 它們是在建築附近建造軌道時自動放置的，但也可以手動放置。 它們可以設置為輸入或輸出。	レールストップは、レールカートに商品の受け取り場所を指示するブロックです\n建物の近くに線路を引くと自動的に作成されますが、手動で配置することもできます\nレールストップは入力か出力の２タイプを選択できます	Demiryolu Durakları, demiryolu arabalarına malları nereye bırakacaklarını ve alacaklarını söyleyen yapılardır. Binaların yakınına demiryolu hatları çizilirken otomatik olarak oluşturulurlar ancak manuel olarak da yerleştirilebilirler. Giriş veya Çıkış durakları olarak ayarlanabilirler.	Železniční zastávky jsou konstrukce, které železničním vozům říkají, kde mají vysadit a vyzvednout zboží. Vytvářejí se automaticky při kreslení železničních tratí v blízkosti budov, ale lze je umístit i ručně. Mohou být nastaveny jako vstupní nebo výstupní zastávky	Ferroviario fermate sono strutture che raccontano carri ferroviari in cui a scendere e prendere le merci. Essi vengono creati automaticamente quando disegnate delle linee ferroviarie vicino edifici, ma può anche essere posizionato manualmente. Possono essere impostati come ingresso o uscita fermate.
ProTipRotateTool	È possibile ruotare qualsiasi edificio, in qualsiasi momento - basta selezionarlo e premere {0}. Questo cambierà piastrelle uscita principale di un edificio.	Puede girar cualquier edificio en cualquier momento - sólo tiene que seleccionarlo y pulsar {0}	你随时可通过选定建筑并使用{0}键将其进行旋转，这将更改建筑物的主要输出口。	Vous pouvez faire pivoter n’importe quel bâtiment à tout moment. Il vous suffit de le sélectionner et de cliquer sur [{0}]. Cela modifiera la tuile de sortie principale du bâtiment.	Du kannst Gebäude jederzeit drehen. Einfach anklicken und {0} drücken.	Você pode girar qualquer construção a qualquer momento - basta selecioná-la e pressionar {0}. Isso mudará o bloco de saída principal de um edifício.	Вы можете в любое время вращать уже построенное здание. Просто выберите его и нажмите клавишу «{0}».	Você pode girar qualquer edifício a qualquer momento - basta selecioná-lo e pressionar {0}. Isso mudará a grade de saída principal de um edifício.	您可以隨時旋轉任何建築 - 只需選擇它並點擊 {0}。 這將更改建築物的主要輸出口。	建物はいつでも回転させることができます\n選択して{0}を押すだけです\n建物の出力タイルも変更できます	Herhangi bir binayı istediğiniz zaman döndürebilirsiniz; sadece onu seçin ve {0} tuşuna basın. Bu, bir binanın birincil çıktı döşemesini değiştirecektir.	Jakoukoli budovu můžete kdykoli otočit – stačí ji vybrat a stisknout {0}. Tím se změní i primární výstup budovy.	È possibile ruotare qualsiasi edificio, in qualsiasi momento - basta selezionarlo e premere {0}. Questo cambierà piastrelle uscita principale di un edificio.
ProTipItemFilter	edifici di stoccaggio come Barns e Silos, e alcuni lavoratori Unità, hanno slot di inventario flessibili che possono contenere qualsiasi elemento. È possibile selezionare questi slot voce da impostare un filtro Articolo per consentire solo alcuni tipi di merci da memorizzare.	Los edificios de almacenamiento como graneros y silos, y algunas unidades obreras, tienen ranuras de inventario flexibles que pueden contener cualquier artículo. Puede seleccionar estas ranuras de elementos para configurar un filtro de elemento para permitir que solo se almacene ciertos tipos de productos.	部分存储型建筑如仓库或者筒仓，以及一些工作单位，有可以容纳任何物品的灵活库存栏位，您可以选择这些物品栏位来设置物品过滤器，来允许储存某些特定类型的物品。	Les bâtiments de stockage tels que les Granges, les Silos et certaines Unités de travail ont des emplacements de stockage flexibles qui peuvent contenir n'importe quel objet. Vous pouvez sélectionner ces emplacements et définir un filtre d'objet pour autoriser uniquement certains types de marchandises à entreposer.	Lagergebäude wie Lager und Silos und auch die Arbeiter haben flexible Lager. Soll etwas nicht eingelagert werden, muss es mittels Filter aus der erlaubten Reihe der Gegenstände entfernt werden.	Prédios de armazenamento, como celeiros e silos, e algumas unidades de trabalho, possuem espaços de inventário flexíveis que podem conter qualquer item. Você pode selecionar esses slots de itens para definir um Filtro de Itens para permitir que apenas determinados tipos de mercadorias sejam armazenados.	Складские здания (Амбары, Хранилища) и некоторые Рабочие юниты имеют настраиваемые ячейки инвентаря. Вы можете выставить для этих ячеек фильтр, чтобы разрешить хранение только определенных типов предметов.	Os edifícios de armazenamento, como Celeiros e Silos, e algumas unidades de trabalho, têm espaços de inventário flexíveis que podem conter qualquer item. Você pode selecionar esses espaços de itens para definir um Filtro de iIens para permitir que apenas determinados tipos de mercadorias sejam armazenados.	像倉庫和筒倉這樣的儲存建築，以及一些工人單位，有可以容納任何物品的靈活庫存欄位。 您可以選擇這些物品欄位來設置物品過濾器，以僅允許儲存某些類型的物品。	倉庫やサイロのようなストレージやいくつかの作業ユニットには、\nあらゆる品目を収容できるインベントリがあります\nこれらのアイテムスロットを選択して、特定の商品だけを\n保存するようにアイテムフィルターを設定できます	Ahırlar ve Silolar gibi depolama binaları ve bazı İşçi Birimleri, her türlü öğeyi tutabilecek esnek envanter yuvalarına sahiptir. Yalnızca belirli türdeki malların depolanmasına izin verecek bir Öğe Filtresi ayarlamak için bu öğe yuvalarını seçebilirsiniz.	Skladovací budovy, jako jsou stodoly a sila, a některé pracovní jednotky mají flexibilní skladové sloty, do kterých se vejde jakýkoli předmět. Tyto pozice pro položky můžete vybrat, chcete-li nastavit Filtr položek tak, aby umožňoval uložení pouze určitých typů zboží.	edifici di stoccaggio come Barns e Silos, e alcuni lavoratori Unità, hanno slot di inventario flessibili che possono contenere qualsiasi elemento. È possibile selezionare questi slot voce da impostare un filtro Articolo per consentire solo alcuni tipi di merci da memorizzare.
ProTipHouseCapacity	Ogni volta che si inserisce un'Unità operaio, o creare un edificio di produzione, si richiede popolazione Capacità. Ogni Casa aggiunge 2 al limite di popolazione, e ogni aggiornamento estende da 2 più.	Cada casa aumenta el límite de población en 2, y cada mejora lo aumenta en 2 otra vez	每次放置工人单位或建造生产建筑时，都会消耗人口容量。每个房屋可增加2个人口上限，每次升级又可以增加2个。	Chaque fois que vous placez une Unité de travail ou construisez un Bâtiment de production, vous avez besoin d'augmenter votre Capacité de population. Chaque Maison ajoute 2 à la Limite de population, et chaque amélioration l'augmente de 2 de plus.	Für jeden Arbeiter und jedes Produktionsgebäude brauchst du Bevölkerung. Jedes Haus fügt 2 dieser Kapazität hinzu. Ebenso wie bei jedem Ausbau	Cada vez que você coloca uma Unidade de Trabalho ou cria um Edifício de Produção, você precisa de Capacidade Populacional. Cada Casa adiciona 2 ao Limite Populacional, e cada atualização o estende em mais 2.	Каждый раз, когда вы размещаете Рабчего или создаёте производственное здание, вы тем самым увеличиваете Численность населения. Каждый построенный дом добавляет +2 к Лимиту населения, и каждое его улучшение добавляет ещё +2.	Toda vez que coloca uma unidade de trabalho ou cria um edifício de produção, você precisa de capacidade populacional. Cada casa adiciona 2 ao limite de população, e cada melhoria aumenta esse limite em mais 2.	每次放置工人單位或建造生產建築時，都需要人口容量。 每個房屋的人口容量增加 2，每次升級都會將其擴大 1~2。	ワーカーユニットの配置や、生産施設の作成には人口収容量が必要です\n住宅の追加やアップグレードは人口収容量を2つ拡張します	Her İşçi Birimi yerleştirdiğinizde veya bir Üretim Binası oluşturduğunuzda Nüfus Kapasitesine ihtiyaç duyarsınız. Her Hane, Nüfus Sınırına 2 ekler ve her yükseltme, Nüfus Sınırını 2 birim daha artırır.	Pokaždé, když umístíte pracovní jednotku nebo vytvoříte produkční budovu, potřebujete kapacitu populace. Každý dům přidá +2 k limitu populace a každé vylepšení jej prodlouží o další 2.	Ogni volta che si inserisce un'Unità operaio, o creare un edificio di produzione, si richiede popolazione Capacità. Ogni Casa aggiunge 2 al limite di popolazione, e ogni aggiornamento estende da 2 più.
ProTipClearChutes	Se si dispone di tutti gli elementi bloccato su uno scivolo che non si desidera, è possibile cancellare utilizzando lo strumento Sposta ({0}). I prodotti che saranno rimborsati al vostro inventario condiviso.	Si tienes artículos que no quieres atascados en una tolva, puedes limpiarlos usando la herramienta [Recoger Artículo] ({0}). Los artículos serán reembolsados a tu Inventario.	如果您有任何不想要的物品卡在滑槽上，您可以使用 [拾取物品] 工具 ({0}) 将它们清空。 物品将储存到您的共享库存。	Si vous avez des objets bloqués sur une Glissière que vous ne voulez plus, vous pouvez les supprimer en utilisant le raccourci [Ramasser un objet] [{0}]. Ces objets seront remis dans votre stockage partagé.	Wenn Gegenstände auf einer Rutsche festsitzen, können sie diese mit dem Verschiebe-Werkzeug aus dem Weg räumen ({0}). Die Materialien werden wieder gutgeschrieben.	Se você tiver algum item indesejado preso em uma calha, poderá retirá-lo usando a ferramenta [Pegar Item] ({0}). Os itens serão reembolsados ​​para seu inventário compartilhado.	Если в желобе есть какой-то предмет, который застрял или не нужен вам в этом месте, вы можете удалить его с помощью инструмента «Перемещение» ({0}). Предмет будут возвращены в ваш Общий инвентарь.	Se houver algum item preso em uma rampa que você não queira, poderá retirá-lo usando a ferramenta [Retirar Item] ({0}). Os itens serão devolvidos ao seu inventário compartilhado.	如果您有任何不想要的物品卡在滑槽上，您可以使用[拿起物品]工具 ({0}) 將它們清空。 物品將儲存到您的共享庫存。	シュートにアイテムが詰まっている場合は、\nアイテムを拾うツール（{0}）を使用して取り除くことができます\n取り除いたアイテムは共有インベントリに払い戻されます	Kanalda istemediğiniz herhangi bir öğe sıkışmışsa, [Öğe Al] aracını ({0}) kullanarak bunları temizleyebilirsiniz. Öğeler paylaşılan envanterinize iade edilecektir.	Pokud máte na skluzu nějaké předměty, které nechcete, můžete je odstranit pomocí nástroje [Vyzvednout položku] ({0}). Položky budou vráceny do vašeho sdíleného inventáře.	Se si dispone di tutti gli elementi bloccato su uno scivolo che non si desidera, è possibile cancellare utilizzando lo strumento Sposta ({0}). I prodotti che saranno rimborsati al vostro inventario condiviso.
ProTipAddItemToHotbar	Il Hotbar nella parte inferiore dello schermo può essere Customzied. Premere Maiusc + un tasto numerico desiderato per memorizzare il vostro articolo build attuale in quello slot Hotbar.	La barra de acceso rápido en la parte inferior de la pantalla se puede personalizar. Presione SHIFT + una tecla número deseada para almacenar su elemento de compilación actual en esa ranura de la barra.	屏幕底部的快捷栏可进行自定义。按 Shift+数字键 可以将你当前正在建造的物品放入相应的热键栏。	La Barre de raccourcis en bas de l'écran peut être personnalisée. Appuyez sur Maj + une touche numérique pour stocker votre élément de construction actuel dans cet emplacement de la Barre de raccourcis.	Die Leiste am unteren Bildschirmrand kann verändert werden. Drücke Umschalt + Zifferntaste um das aktuell ausgewählte Gebäude einen Slot zu vergeben	A Hotbar na parte inferior da tela pode ser personalizada. Pressione Shift + uma tecla numérica desejada para armazenar seu item de construção atual nesse slot do Hotbar.	Панель быстрого доступа внизу экрана можно настраивать. Выберите в меню «Строительство» здание или конструкцию, которую вы хотите добавить в нижнюю панель и нажмите Shift + нужную цифровую клавишу, чтобы сохранить текущий элемент в этот слот панели.	A Barra de Atalhos na parte inferior da tela pode ser personalizada. Pressione Shift + uma tecla numérica desejada para armazenar o item de compilação atual no espaço da Barra de Atalhos.	螢幕底部的快捷欄可以自定。 按 Shift + 所需的數字鍵將您當前的建造項目儲存到該快捷欄位中。	画面下部のホットバーはカスタマイズできます\n建設アイテムを選択した状態でShift+目的の数字キーを押すと、\nホットバースロットに登録することができます。	Ekranın altındaki Hotbar özelleştirilebilir. Mevcut yapı öğenizi söz konusu Hotbar yuvasına depolamak için Shift + istediğiniz sayı tuşuna basın.	Hotbar ve spodní části obrazovky lze přizpůsobit. Stisknutím Shift + požadované číselné klávesy uložíte aktuální položku sestavy do slotu Hotbar.	Il Hotbar nella parte inferiore dello schermo può essere Customzied. Premere Maiusc + un tasto numerico desiderato per memorizzare il vostro articolo build attuale in quello slot Hotbar.
ProTipSelectHotbarPresets	È possibile passare tra diversi preset Hotbar con {0}, {1}, {2} e {3}	Puedes cambiar de barras personalizables de acceso rápido preestablecidad con {0}, {1}, {2}. y {3}	你可以通过使用{0}、{1}、{2}以及{3}来切换不同的热键配置。	Vous pouvez basculer entre les différents préréglages des barres de raccourcis avec {0}, {1}, {2} et {3}.	Du kannst zwischen verschiedenen Hotbar-Vorgaben wählen {0}, {1}, {2} und {3}	Você pode alternar entre diferentes predefinições de hotbar com {0}, {1}, {2} e {3}	Вы можете быстро переключаться между четырьмя различными панелями быстрого доступа с помощью клавиш {0}, {1}, {2} и {3}	Você pode alternar entre diferentes predefinições de barra de atalho com {0}, {1}, {2} e {3}	您可以使用 {0}、{1}、{2} 和 {3} 在不同的預設快捷欄之間切換。	{0}、{1}、{2}、{3}で異なるホットバープリセットを切り替えることができます	{0}, {1}, {2} ve {3} ile farklı kısayol çubuğu ön ayarları arasında geçiş yapabilirsiniz	Mezi různými předvolbami aktivní lišty můžete přepínat pomocí {0}, {1}, {2} a {3}	È possibile passare tra diversi preset Hotbar con {0}, {1}, {2} e {3}
ProTipMultipleActiveRecipes	E 'possibile per molti edifici di produrre molteplici ricette allo stesso tempo. È possibile selezionare più ricette di produzione attivi con shift-click, o verificando le caselle ricetta ginocchiera. Velocità di produzione saranno distribuiti tra tutte le ricette attivi.	Puedes seleccionar múltiples recetas de producción activas con shift+clic, o marcando las casillas en la receta	你可以通过Shift+鼠标点击选择多个同时启用的生产配方，也可以使用配方前的复选框来进行设置，生产速度将分布在所有的有效配方中。	Certains bâtiments peuvent produire plusieurs recettes en même temps. Vous pouvez sélectionner plusieurs recettes avec Maj + Clic ou en cochant les cases des recettes. La vitesse de production sera distribuée parmi toutes les recettes (actives).	Viele Gebäude können gemeinsam an Rezepten arbeiten. Wähle die Rezepte mit Shift-Klick aus und kontrolliere die Produktionskette. Die Produktionsgeschwindigkeit wird unter alles Gebäuden aufgeteilt	É possível que muitos edifícios produzam múltiplas receitas ao mesmo tempo. Você pode selecionar várias receitas de produção ativas clicando com a tecla Shift pressionada ou marcando as caixas de alternância de receitas. A velocidade de produção será distribuída entre todas as receitas ativas.	Многие здания могут производить несколько предметов одновременно. Вы можете выбрать несколько активных рецептов производства зажав Shift и нажимая на рецепты или установив галочки напротив рецептов. Скорость производства будет распределена среди всех активных рецептов.	É possível que muitos edifícios produzam várias receitas ao mesmo tempo. Você pode selecionar várias receitas de produção ativas com shift-clique ou marcando as caixas de alternância de receitas. A velocidade de produção será distribuída entre todas as receitas ativas.	許多建築可以同時生產多種配方。 您可以通過按住 Shift 鍵單擊或選中配方切換框來選擇多個啟動的生產配方。 生產速度將分佈在所有有效配方中。	多くの建物で同時に複数のレシピを作成することが可能です\nShiftキーを押しながらクリックするか、レシピの切り替えボックスをオンにして、\n複数のアクティブな製造レシピを選択できます\n生産速度はすべてのアクティブレシピに分配されます	Birçok binanın aynı anda birden fazla reçete üretmesi mümkündür. Shift tuşuna basarak veya tarif geçiş kutularını işaretleyerek birden fazla aktif üretim tarifini seçebilirsiniz. Üretim hızı tüm aktif tarifler arasında dağıtılacaktır.	V mnoha budovách je možné vyrábět více receptů současně. Více aktivních výrobních receptur můžete vybrat kliknutím se stisknutou klávesou Shift nebo zaškrtnutím políček přepínače receptury. Rychlost výroby bude rozdělena mezi všechny aktivní receptury.	E 'possibile per molti edifici di produrre molteplici ricette allo stesso tempo. È possibile selezionare più ricette di produzione attivi con shift-click, o verificando le caselle ricetta ginocchiera. Velocità di produzione saranno distribuiti tra tutte le ricette attivi.
ProTipCostRefund	Sentitevi liberi di eliminare gli edifici, i percorsi e le unità in qualsiasi momento - le risorse saranno rimborsati al vostro inventario condiviso.	Siéntase libre de eliminar edificios, rutas y unidades en cualquier momento: los recursos se reembolsarán a su inventario compartido.	可以随时删除建筑、道路或者单位，建造花费的资源会退回到你的共享库存中。	N'hésitez pas à supprimer les bâtiments, les chemins et les unités à tout moment - les ressources seront remboursées dans votre stockage partagé.	Fühle dich wie Gott und Lösche alles und jeden zu jeder Zeit. Es wird alles wieder gutgeschrieben.	Sinta-se à vontade para excluir edifícios, caminhos e unidades a qualquer momento – os recursos serão devolvidos ao seu inventário compartilhado.	Не бойтесь удалять здания, дороги и объекты в любое время - ресурсы, потраченные на строительство, будут возвращены в ваш Общий инвентарь.	Sinta-se à vontade para excluir edifícios, caminhos e unidades a qualquer momento - os recursos serão devolvidos ao seu inventário compartilhado.	隨時刪除建築、道路和單位 - 資源將退還到您的共享庫存中。	建物、通路、ユニットはいつでも削除できます\n削除した資源は共有インベントリに返還されます	Binaları, yolları ve birimleri istediğiniz zaman silmekten çekinmeyin; kaynaklar, paylaşılan envanterinize iade edilecektir.	Budovy, cesty a jednotky můžete kdykoli smazat – dříve vynaložené prostředky budou vráceny do vašeho sdíleného inventáře.	Sentitevi liberi di eliminare gli edifici, i percorsi e le unità in qualsiasi momento - le risorse saranno rimborsati al vostro inventario condiviso.
ProTipCopyCursor	È possibile copiare qualsiasi elemento esistente sul vostro cursore accumulo colpendo {0}. Questo rende molto più veloce per passare tra gli elementi da costruzione.	Puedes copiar cualquier artículo existente a tu cursor de construcción apretando {0}	你可以通过使用{0}键来复制建造已经存在的任何物品。这会比在建造项目之间切换的速度快得多。	Vous pouvez copier n'importe quel élément existant sur votre curseur de construction en appuyant sur [{0}]. Cela rend beaucoup plus rapide le changement entre les éléments de construction.	Du kannst zwischen einzelnen Gebäuden hin und her blättern mit {0}	Você pode copiar qualquer item existente no cursor de construção pressionando {0}. Isso torna muito mais rápido alternar entre itens de construção.	Вы можете скопировать любой уже существующий предмет или здание под курсором, нажав клавишу «{0}». Это позволяет намного быстрее переключаться между нужными элементами при строительстве.	Você pode copiar qualquer item existente para o cursor de construção pressionando {0}. Isso torna muito mais rápida a troca de itens de construção.	您可以通過點擊 {0} 將任何現有項目複製到您的光標上。 這使得在建造項目之間切換的速度要快得多。	{0}を押すと、選択しているアイテムをビルドカーソルにコピーできます\n建設項目の切り替えがはるかに速くなります	{0} tuşuna basarak mevcut herhangi bir öğeyi yapı imlecinize kopyalayabilirsiniz. Bu, bina öğeleri arasında geçiş yapmayı çok daha hızlı hale getirir.	Jakoukoli existující položku můžete zkopírovat do kliknutím na {0}. Díky tomu je přepínání mezi budovami mnohem rychlejší.	È possibile copiare qualsiasi elemento esistente sul vostro cursore accumulo colpendo {0}. Questo rende molto più veloce per passare tra gli elementi da costruzione.
ProTipSharedInventory	Ogni cosa che costruisci e aggiorni ridurrà le risorse presenti nel tuo inventario. Tutto ciò che è presente nella tua Base, così come tutti gli oggetti depositati nei Granai, sono inclusi in questo inventario condiviso.	Todo lo que construir y mejorar costará recursos de su inventario principal. Todo en su Centro Ciudad, así como los elementos almacenados en graneros, están incluidos en este inventario compartido.	建造与升级所需资源都来自于你的主库存，这包含你城镇中心中所存放的物品，以及所有仓库中存放的物品。因为它们共用，所以叫共享库存。	Tout ce que vous construisez et améliorez coûtera des ressources de votre stockage principal. Tout ce qui se trouve dans votre Centre-Ville, ainsi que tous les objets stockés dans les Granges, sont inclus dans ce stockage partagé.	Alles was gebaut oder verbessert wird, verbraucht Ressourcen aus den gemeinsamen Lagern. Diese sind überall verfügbar.	Tudo o que você construir e atualizar custará recursos do seu inventário principal do jogador. Tudo em seu centro urbano, bem como quaisquer itens armazenados em celeiros, estão incluídos neste inventário compartilhado.	Постройка любого здания или его улучшение, имеет свою стоимость и ресурсы на это берутся из вашего Общего инвентаря. Общий инвентарь, это совокупность всех предметов, хранящихся на вашей Базе и в Амбарах.	Tudo o que você Construir e Melhora custará recursos do inventário principal do jogador. Tudo em seu Centro da Cidade, bem como todos os itens armazenados em Celeiros, estão incluídos nesse inventário compartilhado.	你建造和升級的一切都會消耗你的主要玩家庫存中的資源。 您城鎮中心的所有物品以及儲存在倉庫中的任何物品都包含在此共享庫存中。	建設やアップグレードはすべて共有インベントリからコストが支払われます。\n町の中心や、倉庫に保管されているものが共有インベントリに含まれます	Oluşturduğunuz ve yükselttiğiniz her şey, ana oyuncu envanterinizdeki kaynaklara mal olacaktır. Şehir Merkezinizdeki her şeyin yanı sıra Ahırlarda depolanan tüm öğeler bu paylaşılan envantere dahildir.	Vše, co postavíte a upgradujete, bude stát zdroje z inventáře hlavního hráče. V tomto sdíleném inventáři je zahrnuto vše ve vašem centru města, stejně jako všechny položky uložené ve stodolách.	Ogni cosa che costruisci e aggiorni ridurrà le risorse presenti nel tuo inventario. Tutto ciò che è presente nella tua Base, così come tutti gli oggetti depositati nei Granai, sono inclusi in questo inventario condiviso.
ProTipHappiness	La felicità si basa sulla varietà e la qualità di categorie di beni che sono attualmente soddisfatto Markets. Felicità fornirà un grande bonus velocità moltiplicativo a tutti gli edifici di produzione della vostra città, e in particolare alle scuole.	La Felicidad esta basada en la variedad y calidad de las categorías de los bienes que están siendo entregados al Mercado. La Felicidad otorgará un beneficio multiplicativo a todos tus edificios de producción de tu ciudad.	维持你城镇的幸福度是件很重要的事，因为其关系到你所有建筑生产速度的基础值。幸福度的高低取决于你给多少住宅提供了多少不同种类的货物。	Le Bonheur est basé sur la variété et la qualité des catégories de biens qui sont actuellement fournies aux Marchés. Le Bonheur fournira un bonus de vitesse multipliée à tous les bâtiments de production de la ville.	Zufriedenheit basiert auf der Vielfalt und Qualität der Warenkategorien, die momentan in den Märkten zur Verfügung stehen. Zufriedenheit verschafft allen produzierenden Gebäuden deiner Stadt einen erhöhten Geschwindigkeitsbonus.	A felicidade baseia-se na variedade e qualidade das categorias de produtos que atualmente são satisfeitas nos Mercados. A felicidade proporcionará um grande bônus de velocidade multiplicativa a todos os edifícios de produção da sua cidade, e especialmente às escolas.	«Счастье» дает бонус к скорости производства в зданиях. Этот параметр основан на количестве и качестве различных типов товаров, которые в настоящее время поставляются во все ваши Дома.	A Felicidade é baseada na variedade e na qualidade das categorias de mercadorias que estão sendo supridas nos Mercados. A Felicidade fornecerá um grande bônus multiplicativo de velocidade a todos os edifícios de produção da sua cidade e, especialmente, às Escolas.	幸福度基於目前市場上滿意的商品種類和品質。 幸福度將為您城鎮的所有生產建築，尤其是學校，提供巨大的倍增速度加成。	幸福度は、現在市場で満足している商品の多様性と品質に基づいています\n\n幸福度はすべての生産施設、特に学校に大きな速度ボーナスをもたらします	Mutluluk, şu anda Marketlerde karşılanan ürün kategorilerinin çeşitliliğine ve kalitesine dayanmaktadır. Mutluluk, şehrinizin tüm üretim binalarına ve özellikle de Okullara büyük bir çarpansal hız bonusu sağlayacaktır.	Štěstí je založeno na rozmanitosti a kvalitě zboží, které jsou aktuálně nabízené na tržištích. Štěstí poskytne velký rychlostní bonus všem produkčním budovám vašeho města a zejména školám.	La felicità si basa sulla varietà e la qualità di categorie di beni che sono attualmente soddisfatto Markets. Felicità fornirà un grande bonus velocità moltiplicativo a tutti gli edifici di produzione della vostra città, e in particolare alle scuole.
ProTipScaffolds	Se avete bisogno di percorsi per attraversare gli uni sugli altri, è possibile utilizzare i blocchi impalcatura per costruire rampe e ponti. Si noti che non tutti i percorsi di lavoro e in salita.	Si necesita que los caminos se crucen entre sí, puede utilizar bloques de andamios para construir rampas y puentes. Tenga en cuenta que los caminos no funcionan igual bien cuesta arriba	你如果需要路径能够彼此穿过，可以利用支架类型的建筑如坡道或者桥来实现。不过要注意的是不是所有的路径类型都支持爬坡。	Si vous avez besoin de construire des chemins qui se chevauchent, vous pouvez utiliser des blocs d’Échafaudage pour construire des rampes et des ponts. Notez que certains chemins ne fonctionnent pas correctement avec les pentes.	Wenn Pfade einander kreuzen kannst du Gerüste bauen. Beachte allerdings, das nicht alle Wege auch bergauf nutzbar oder begehbar sind	Se precisar que caminhos se cruzem, você pode usar blocos de andaime para construir rampas e pontes. Observe que nem todos os caminhos funcionam tão bem em subidas.	Если вам нужно, чтоб какие-то дороги, рельсы не пересекались друг с другом или наоборот, вам нужно их соединить, то вы можете использовать блоки конструкций из меню «Мосты и Рампы». Обратите внимание, что при подъеме в гору, скорость передвижения рабочих едениц заметно падает.	Se precisar que os caminhos se cruzem, você pode usar blocos de andaime para construir rampas e pontes. Observe que nem todos os caminhos funcionam tão bem em subidas.	如果您需要道路相互交叉，您可以使用鷹架塊來建造坡道和橋樑。 請注意，並非所有道路都適合上坡。	交差する通路が必要な場合は、足場ブロックを使用して斜面と橋を構築できます\nすべて上り坂ブロックではうまくいかないので工夫してみてください	Yolların birbirinin üzerinden geçmesine ihtiyacınız varsa iskele bloklarını rampa ve köprü inşa etmek için kullanabilirsiniz. Tüm yolların yokuş yukarı gitmek kadar işe yaramadığını unutmayın.	Pokud potřebujete, aby se cesty křížily jedna přes druhou, můžete pomocí kostek lešení postavit rampy a mosty. Všimněte si ale, že ne všechny cesty fungují tak dobře, pokud vedou do kopce.	Se avete bisogno di percorsi per attraversare gli uni sugli altri, è possibile utilizzare i blocchi impalcatura per costruire rampe e ponti. Si noti che non tutti i percorsi di lavoro e in salita.
ProTipWorkerAllocation	È possibile assegnare i lavoratori in più per edifici di produzione se si dispone di un eccesso di capacità della popolazione. lavoratori extra forniranno un bonus di velocità di produzione a quell'edificio.	Puede asignar a los trabajadores adicionales para edificios de producción si tiene exceso de capacidad de la población. Trabajadores adicionales proporcionarán una bonificación de velocidad de producción de ese edificio.	如果你的人口上限过剩，那么可以给生产建筑安排额外的工人避免浪费。额外的工人会给该建筑带来生产速度加成。	Vous pouvez affecter des Travailleurs supplémentaires aux Bâtiments de production. Les Travailleurs supplémentaires fourniront un bonus de vitesse de production à ce bâtiment.	Wenn viel freie Bevölkerung vorhanden ist, kannst du mit ihr die Produktionen in Betrieben enorm verbessern, indem du dort mehr Arbeiter einstellst	Você pode designar trabalhadores extras para edifícios de produção se tiver capacidade populacional excedente. Trabalhadores extras fornecerão um bônus de velocidade de produção para esse edifício. 	Если у вас избыток населения, то вы можете назначить дополнительных рабочих в производственные здания, тем самым повысив в них скорость производства.	Você pode atribuir trabalhadores extras a edifícios de produção se tiver excesso de capacidade populacional. Os trabalhadores extras fornecerão um bônus de velocidade de produção a esse edifício. 	如果您有多餘的人口容量，您可以為生產建築分配額外的工人。 額外的工人將為該建築提供生產速度獎勵。	人口収容量に余裕がある場合は、生産施設に追加のワーカーを割り当てることができます\n追加のワーカーはその建物の生産スピードを向上させます	Nüfus Kapasiteniz fazla ise üretim binalarına ekstra işçi atayabilirsiniz. Ekstra işçiler o binaya üretim hızı bonusu sağlayacak. 	Pokud máte nadbytečnou kapacitu populace, můžete do výrobních budov přidělit další pracovníky. Další pracovníci poskytnou této budově bonus za rychlost výroby.	È possibile assegnare i lavoratori in più per edifici di produzione se si dispone di un eccesso di capacità della popolazione. lavoratori extra forniranno un bonus di velocità di produzione a quell'edificio.
ProTipOmnistones	In una fase molto avanzata, si sarà in grado di sfruttare la potenza dei Templi Elemental forgiare Omnistones, che sono potenti aritifacts che possono essere utilizzati per aumentare drasticamente la velocità di produzione per tutta la città!	¡En una fase muy avanzada, usted será capaz de aprovechar el poder Elemental de los Templos de forjar OmniPiedras, que son artefactos potentes que se pueden utilizar para aumentar drásticamente la velocidad de producción en toda la ciudad!	在游戏的后期，你将有机会操控元素神殿的力量来打造神石。这是一种极具威力的神器，可以极大地增加你整个城镇的生产速度！	À un stade très avancé, vous serez en mesure de tirer parti du pouvoir des Temples élémentaires pour forger des OmniGemmes, de puissants artefacts qui peuvent être utilisés pour augmenter considérablement les vitesses de production dans votre ville !	Im sehr fortgeschrittenem Spielstadium wirst du die Möglichkeit haben Omni-Steine herzustellen um die Macht der vier Energietempel zu nutzen. damit bringst du deine Stadt wirklich an das Maximum seiner Belastungsgrenze und Effektivität	Em um estágio muito avançado, você será capaz de aproveitar o poder dos Templos Elementais para forjar Omnistones, que são artefatos poderosos que podem ser usados ​​para aumentar drasticamente a velocidade de produção em toda a sua cidade!	На более поздней стадии игры, вы сможете использовать всю мощь Храмов Стихий для создания Омни-кристаллов. Эти артефакты используются для рекордного повышения скорости производства в вашем городе!	Em um estágio muito avançado, você poderá aproveitar o poder dos Templos Elementais para forjar Pedra Omni, que são artefatos poderosos que podem ser usados para aumentar drasticamente a velocidade de produção em toda a cidade!	在非常高級的階段，您將能夠利用元素的力量來鍛造神石，這是一種強大的神器，可用於顯著提高整個城鎮的生產速度！	町の発展が進むと、元素の神殿でオムニストーンを精錬することができます\nオムニストーンは町の生産速度を劇的に高める強力なアーティファクトです！	Çok ileri bir aşamada, Elemental Tapınakların gücünden yararlanarak, şehrinizdeki üretim hızlarını önemli ölçüde artırmak için kullanılabilecek güçlü eserler olan Omnistones'u dövebileceksiniz!	Ve velmi pokročilé fázi budete moci využít sílu chrámů živlů k vytvoření Omnistonů, což jsou mocné artefakty, které lze použít k dramatickému zvýšení rychlosti výroby ve vašem městě!	In una fase molto avanzata, si sarà in grado di sfruttare la potenza dei Templi Elemental forgiare Omnistones, che sono potenti aritifacts che possono essere utilizzati per aumentare drasticamente la velocità di produzione per tutta la città!
ProTipHeaderWorkerDrag	worker Targeting	Objetivo de los trabajadores	指定工人目的地	Destination des Travailleurs	Arbeiter finden	Segmentação por Trabalhador	Отдача приказов рабочим	Direcionamento de Trabalhadores	工人定位	ワーカーのターゲット	Çalışan Hedefleme	Cílení na pracovníky	worker Targeting
ProTipHeaderClearChutes	Scivoli di compensazione	Tolvas	清理滑道	Nettoyage des Glissières	Rutsche leeren	Limpando calhas	Удаление предметов с желоба	Limpeza de Calhas	清空滑槽	シュートの詰まり	Kanalları Temizleme	Čištění skluzů	Scivoli di compensazione
ProTipHeaderBelts	Nastri trasportatori	Cintas transportadoras	传送带	Tapis roulants	Förderbänder	Correias transportadoras	Конвейеры	Esteiras	輸送帶	搬送ベルト	Konveyör Bantları	Dopravní pásy	Nastri trasportatori
ProTipHeaderTerrainTools	terraforming	Terraformación	修改地形	Terraformation	Terraforming	Terraformação	Терраформинг	Terraformação	地形改造	地形の改良	Dünyalaştırma	Terraforming.	terraforming
ProTipHeaderAddItemToHotbar	Personalizzazione Hotbar	Personalización de la barra personalizable inferior	自定义热键栏	Personnalisation de la Barre de raccourcis	Hotbar verändern	Personalizando a barra de atalho	Настройка панели быстрого доступа	Personalização da Barra de Atalhos	自訂快捷欄	ホットバーのカスタマイズ	Hotbar'ı Özelleştirme	Přizpůsobení hotbar.	Personalizzazione Hotbar
ProTipHeaderSelectHotbarPresets	hotbar Presets	Predeterminados de la barra personalizable inferior	热键组配置	Préréglages de la Barre de raccourcis	Hotbar Vorgaben	Predefinições da barra de atalho	Панели быстрого доступа	Predefinições da Barra de Atalhos	預設快捷欄	ホットバーのプリセット	Hotbar Ön Ayarları	Předvolby Hotbaru	hotbar Presets
ProTipHeaderCostRefund	rimborsi	Reembolsos	退款	Remboursements	Rückerstattungen	Reembolsos	Возврат ресурсов при демонтаже	Reembolsos	退款	コストの返還	Geri ödemeler	Náhrady	rimborsi
ProTipHeaderSharedInventory	Inventario condiviso	Inventario compartido	共享库存	Stockage partagé	Gemeinschafts-Inventar	Inventário Compartilhado	Общий инвентарь	Inventário Compartilhado	共享庫存	共有インベントリ	Paylaşılan Envanter	Sdílený inventář	Inventario condiviso
ProTipHeaderHappiness	Felicità	Felicidad	幸福度	Bonheur	Zufriedenheit	Felicidade	Счастье	Felicidade	幸福	幸福度	Mutluluk	Štěstí	Felicità
ProTipHeaderScaffolds	ponteggi	Andamios	支架	Échafaudages	Gerüst	Andaimes	Блоки	Andaimes	鷹架	足場	İskeleler	Lešení	ponteggi
ProTipHeaderWorkerAllocation	worker Allocation	Asignación de trabajadores	工人的分配	Répartition des Travailleurs	Arbeiter Zuweisung	Alocação de Trabalhador	Распределение Рабочих	Alocação de Trabalhadores	工人分配	ワーカーの追加配置	İşçi Tahsisi	Přidělení pracovníků	worker Allocation
ProTipHeaderOmnistones	Omnistones	OmniPiedras	神石	OmniGemmes	Omni-Steine	Omnistones	Омни-кристаллы	Pedra Omni	神石	オムニストーン	Omnistones	Omnistones.	Omnistones
ProTipHeaderMultipleActiveRecipes	Progetti multipli	Recetas múltiples	多个启用配方	Recettes multiples	Mehrere Rezepte	Várias receitas	Очередь производства	Várias receitas	多個配方	生産施設の複数レシピ指定	Çoklu Tarifler	Vícenásobný recept	Progetti multipli
ProTipHeaderMarketRoadNetwork	Mercato e collegamenti domestici	Conexiones de Casas y Mercados	市场与房屋的连接	Connexions entre Marchés et Maisons	Markt- und Hausverbindungen	Mercado e ligações domésticas	Подключения магазинов и домов	Conexões entre mercado e casa	市場與房屋的連接	市場と住宅とのリンク	Market ve Ev Bağlantıları	Propojení trhu a domu	Mercato e collegamenti domestici
ProTipMarketRoadNetwork	I mercati si collegherà con case che sono, o che sono collegati tramite una rete di percorsi pedonali o strade. Queste case collegate forniranno bonus ai mercati che li aiutano a vendere le merci più velocemente.	Los mercados se conectarán con Casas cercanas, o que están conectadas por una red de caminos o calles. Estas proveeran un beneficio al mercado que ayudará a vender productos más rápido	市场会与周围的房屋或者有道路与其相连的房屋进行连接，所连接的房屋会对市场的销售额提供加成。	Les Marchés se connecteront aux Maisons les plus proches ou celles qui lui sont connectées grâce aux Chemins et aux Routes. Ces Maisons liées leur fourniront des bonus qui les aideront à vendre les produits plus rapidement.	Märkte verbinden sich nur mit nahegelegenen oder via Pfaden oder Strassen verbundenen Häusern. Diese verbundenen Häuser geben dem Markt Boni, die helfen, Waren schneller zu verkaufen.	Mercados ligará com as casas que estão nas proximidades, ou que estão ligados através de uma rede de Pé caminhos ou estradas. Estas casas ligadas irá fornecer bônus para mercados que ajudá-los a vender produtos mais rapidamente.	Магазины подключаются к домам, которые находятся поблизости, или которые объединены с магазином сетью дорог. Подключенные дома дают магазинам бонусы, которые помогают им быстрее продавать товары.	Quando os mercados são colocados em uma trilha ou estrada, eles entregarão automaticamente os itens para as casas na mesma estrada.	當市場放置在步道或道路上時，它們會自動將商品運送到同一條道路上的房屋。	歩道や道路に市場を設置すると、同じ道路上の住宅へ自動的に商品を届けるようになります	Marketler bir Yaya Yolu veya Yol üzerine yerleştirildiğinde, ürünleri aynı yol üzerindeki evlere otomatik olarak teslim edeceklerdir.	Když jsou trhy umístěny na pěší stezku nebo silnici, automaticky doručí předměty do domů na stejné cestě.	I mercati si collegherà con case che sono, o che sono collegati tramite una rete di percorsi pedonali o strade. Queste case collegate forniranno bonus ai mercati che li aiutano a vendere le merci più velocemente.
ProTipHeaderMarketLinkClosest	Mercato Linking Dettagli	Detalles de conexión del Mercado	关于市场的连接	Détails de raccordement du Marché	Marktverlinkungsdetails	Mercado Detalhes Linking	Подключения магазинов	Detalhes da Ligação do Mercado	市場連接詳情	市場リンクの詳細	Pazar Bağlantı Ayrıntıları	Podrobnosti o propojení trhu	Mercato Linking Dettagli
ProTipMarketLinkClosest	Ciascuna Camera può collegare solo (e di fornire bonus a) 1 Market di ogni tipo. Se si dispone di due dello stesso tipo di mercato nel raggio di una casa, la casa si collegherà solo con il mercato più vicino - così si dovrebbe diffondere i vostri mercati.	Cada Casa se puede conectar (y otorgar una bonificación) a un Mercado de cada tipo. Si tienes dos mercados del mismo tipo dentro del rango de una Casa, ésta solo se conectará con el Mercado mas cercano - así que deberías repartir tus Mercados.	每个房屋对于每种类型的市场只能提供1点加成。如果房屋范围内有两个同类型的市场，只有最近的那个会获得加成，因此你应该分散设置你的市场。	Chaque Maison peut seulement être reliée à 1 Marché de chaque type (et lui fournir des bonus). Si vous possédez deux types de Marchés identiques autour d'une Maison, elle ne se liera qu'au Marché le plus proche - donc, pensez à éloigner vos Marchés.	Jedes Haus kann nur mit einem Markt jeden Typs verbunden sein. Sollten zwei Märkte des selben Typs in Reichweite eines Hauses sein, so wird nur der nächstgelegene Markt verbunden - du solltest Märkte also verteilen.	Cada casa só pode vincular com (e fornecer bônus para) 1 Mercado de cada tipo. Se você tiver dois do mesmo tipo de mercado dentro do alcance de uma casa, a casa só vai ligação com o mercado mais próximo - assim que você deve espalhar seus mercados.	Дом может быть подключен только к одному магазину каждого типа (и соответственно давать бонус). Если в пределах досягаемости Дома есть два магазина одного и того же типа, то он будет подключен к ближайшему. Не стройте одинаковые магазины рядом!	Cada casa só pode se vincular a (e fornecer bônus a) 1 mercado de cada tipo. Se houver dois mercados do mesmo tipo ao alcance de uma casa, a casa só se vinculará ao mercado mais próximo, portanto, você deve distribuir seus mercados.	每個房屋只能連接（並提供獎勵）每種類型的 1 個市場。 如果您在房屋範圍內有兩個相同類型的市場，則房屋只會與最近的市場連接 - 因此您應該分散您的市場。	それぞれの住宅は、各種それぞれの1つずつの市場のみリンクできます\n（そしてボーナスを提供します）\n住宅の範囲内に同じ種類の市場が2つある場合、その住宅は最も近い市場\nとのみリンクすることになるため、市場を拡大する必要があります	Her Hane, her türden yalnızca 1 Pazara bağlanabilir (ve bonus sağlayabilir). Bir Hanenin menzilinde aynı türde iki Pazarınız varsa, Hane yalnızca en yakın Pazara bağlanacaktır; bu nedenle Pazarlarınızı dağıtmalısınız.	Každý dům se může propojit pouze s 1 trhem každého typu (a poskytnout mu bonus). Pokud máte dva trhy stejného typu v dosahu domu, dům se spojí pouze s nejbližším trhem – takže byste měli své trhy lépe rozvrhnout.	Ciascuna Camera può collegare solo (e di fornire bonus a) 1 Market di ogni tipo. Se si dispone di due dello stesso tipo di mercato nel raggio di una casa, la casa si collegherà solo con il mercato più vicino - così si dovrebbe diffondere i vostri mercati.
ProTipHeaderItemQualityTiers	Oggetto di qualità Tiers	Grado de calidad de Artículo	物品质量等级	Niveaux de qualité des objets	Gegenstandsqualitätsstufen	Item Tiers Qualidade	Уровень качества товара	Níveis de Qualidade do Itens	商品品質層級	アイテムの品質ランク	Öğe Kalitesi Kademeleri	Úroveň kvality položky	Oggetto di qualità Tiers
ProTipItemQualityTiers	Ogni elemento vendibile ha un Livello di qualità (I, II, III, IV, V) che è determinato dal livello di requisiti tecnologici e di produzione utilizzato per creare. articoli di alta Tier sono di solito vale la pena più monete.	Todos los objetos vendibles tienen un Grado de Calidad (I, II, III, IV, V) el cual es determinado por el nivel requerido de tecnología y producción usados para crearlo. Objetos de alto rango usualmente cuestan más monedas.	每个可出售的物品都有质量等级（I、II、III、IV、V），是由创造该物品所需的科技水平以及原材料所决定的。高等级的物品可以卖得更多货币。	Chaque objet vendable possède un Niveau de qualité (I, II, III, IV, V) qui est déterminé par le niveau de technologie et les exigences de production pour le créer. Les objets de hauts niveaux sont généralement ceux qui rapportent de plus de pièces.	Jeder verkäufliche Gegenstand hat eine Qualitätsstufe (I, II, III, IV, V) welche durch die benötigte Technologiestufe und Produktionsanforderungen der Herstellung bestimmt wird. Hochstufige Gegenstände sind in der Regel mehr Münzen wert.	Cada produto vendável tem um nível de qualidade (I, II, III, IV, V), o qual é determinado pelo nível de exigências tecnológicas e de produção utilizados para criá-la. itens de alta camada são geralmente vale mais moedas.	Каждый продаваемый предмет имеет уровень качества (I, II, III, IV, V), который определяется уровнем технологий и производственными требованиями, используемыми для его создания. Товары высокого уровня стоят дороже.	Todo item vendável tem um nível de qualidade (I, II, III, IV, V) que é determinado pelo nível de tecnologia e pelos requisitos de produção usados para criá-lo. Os itens de alto nível geralmente valem mais moedas.	每個可銷售的商品都有一個品質層級（I、II、III、IV、V），這取決於用於製造它的技術水平和生產要求。 高級商品通常更值錢。	すべての販売可能なアイテムには、それを作成するために使用されるテクノロジー\nのレベルと生産要件によって決定される品質ランク（I、II、III、IV、V）があります\n高いランクのアイテムは、低いランクよりコインの価値が高くなります	Satılabilir her ürünün, onu oluşturmak için kullanılan teknoloji düzeyi ve üretim gereksinimlerine göre belirlenen bir Kalite Kademesi (I, II, III, IV, V) vardır. Yüksek Seviye öğeler genellikle daha fazla para değerindedir.	Každá prodejná položka má úroveň kvality (I, II, III, IV, V), která je určena úrovní technologie a výrobními požadavky použitými k jejímu vytvoření. Položky vyšší úrovně mají obvykle větší hodnotu.	Ogni elemento vendibile ha un Livello di qualità (I, II, III, IV, V) che è determinato dal livello di requisiti tecnologici e di produzione utilizzato per creare. articoli di alta Tier sono di solito vale la pena più monete.
ProTipHeaderMarketUpgrades	Mercato Tiers qualità	Grado de calidad de Mercado	市场质量等级	Niveaux de qualité du Marché	Marktqualitätsstufen	Níveis de qualidade do mercado	Уровень качества магазина	Níveis de Qualidade de Mercado	市場品質層級	市場の品質ランク	Pazar Kalitesi Katmanları	Úrovně kvality trhu	Mercato Tiers qualità
ProTipMarketUpgrades	Costruire e aggiornare Case vicino i vostri mercati. Questi mercati guadagneranno domanda aggiuntiva di oggetti di alta qualità, permettendo che i mercati di guadagnare monete più velocemente.	Construye y mejora Casas cerca de tus mercados. Esos mercados ganaran demanda adicional para productos de alta calidad, permitiendo a los mercados ganar monedas rápidamente.	在市场附近建造和升级房屋，这样市场就会产生对更高质量物品的需求，使你可以更快地赚取货币。	Construisez et améliorez les Maisons autour de vos Marchés. Ces Marchés obtiendront des demandes additionnelles pour des produits de haute qualité, permettant ainsi aux Marchés de gagner des pièces plus rapidement.	Baue und verbessere Häuser in der Nähe deiner Märkte. Diese Märkte werden zusätzlichen Bedarf an hochqualitativen Gegenständen erhalten, was die Märkte erlaubt schneller Münzen zu erhalten	Construir e atualizar casas perto de seus mercados. Esses mercados vão ganhar uma demanda adicional para os itens de alta qualidade, permitindo que os mercados para ganhar moedas mais rápido.	Стройте и улучшайте дома рядом с вашими магазинами. В результате, в магазинах повысится спрос на высококачественные товары, что позволит им быстрее зарабатывать монеты.	Construa e Melhore as Casas perto de seus mercados. Esses mercados ganharão demanda adicional por itens de alta qualidade, permitindo que os mercados ganhem moedas mais rapidamente.	在您的市場附近建造和升級房屋。 這些市場將獲得對高品質物品的額外需求，從而使市場能夠更快地賺取金幣。	市場の近くに住宅を建ててグレードアップすると、これらの市場は高品質の商品\nに対する追加の需要を獲得し、市場がより早くコインを稼ぐことを可能にします	Pazarlarınızın yakınında Evler inşa edin ve yükseltin. Bu Pazarlar, yüksek kaliteli öğelere yönelik ek talep kazanarak Pazarların daha hızlı para kazanmasına olanak tanıyacak.	Stavějte a upgradujte domy poblíž vašich trhů. Tyto trhy získají další poptávku po vysoce kvalitních položkách, což trhům umožní rychleji vydělávat mince.	Costruire e aggiornare Case vicino i vostri mercati. Questi mercati guadagneranno domanda aggiuntiva di oggetti di alta qualità, permettendo che i mercati di guadagnare monete più velocemente.
ProTipHeaderMarketCenters	Più centri di mercato	Multiples centros de Mercados	多个中心市场	Centres de Marchés multiples	Mehrere Marktzentren	Centros de Mercado múltiplas	Центры торговли	Vários Centros de Mercado	多個市場中心	複数の市場建設	Çoklu Pazar Merkezleri	Více tržních center	Più centri di mercato
ProTipMarketCenters	Come aggiornare la vostra base, si sarà in grado di costruire mercati multipli dello stesso tipo. Spesso è possibile ottenere più felicità con la costruzione di ulteriori gruppi di case e mercati.	A medida de que mejores tu Centro Ciudad, podrás construir múltiples mercados del mismo tipo. Usualmente puedes obtener más Felicidad construyendo grupos adicionales de Casas y Mercados.	随着城镇中心的升级，你可以建造更多同类型的市场。市场和房屋的群落越多，幸福度指数就可能变得越高。	À mesure que vous améliorerez votre Centre-Ville, vous serez capable de construire plusieurs Marchés du même type. Vous pourrez ainsi obtenir plus de bonheur en construisant plus de groupes de Maisons et de Marchés.	Wenn du deine Basis verbesserst wirst du in der Lage sein mehrere Märkte des selben Types zu bauen. Du kannst oft mehr Zufriedenheit erhalten, wenn du zusätzliche Gruppen von Häusern und Märkten baust.	Como você atualizar sua base de dados, você será capaz de construir vários mercados do mesmo tipo. Muitas vezes você pode conseguir mais felicidade através da construção de conjuntos adicionais de casas e mercados.	Улучшение вашего Городского центра позволит вам строить несколько магазинов одного и того же типа. Вы сможете добиться больших показателей Счастья, строя дома и магазины отдельными кварталами.	Ao Melhorar sua base, você poderá construir vários mercados do mesmo tipo. Muitas vezes, você pode obter mais Felicidade construindo grupos adicionais de Casas e Mercados.	當您升級您的城鎮中心時，您將能夠建立多個相同類型的市場。 你通常可以通過建造更多的房屋和市場來獲得更多的幸福。	町の中心のアップグレードにより、同じタイプの複数の市場を建設することができる\nようになります\n住宅や市場をさらに増やすことで、より多くの幸福度を手に入れることができます	Üssünüzü yükselttikçe aynı türde birden fazla Pazar oluşturabileceksiniz. Ek Ev ve Pazar kümeleri inşa ederek genellikle daha fazla Mutluluğa ulaşabilirsiniz.	Jak upgradujete svou základnu, budete moci postavit několik trhů stejného typu. Často můžete dosáhnout většího štěstí tím, že postavíte další shluky domů a tržišť.	Come aggiornare la vostra base, si sarà in grado di costruire mercati multipli dello stesso tipo. Spesso è possibile ottenere più felicità con la costruzione di ulteriori gruppi di case e mercati.
ProTipHeaderMineShafts	Alberi miniera	Minas	矿井	Puits de mine	Minenschächte	poços de minas	Шахты	Túneis de Mineração	礦井	坑道	Maden Şaftları	Důlní šachty	Alberi miniera
ProTipMineShafts	I miei alberi possono essere costruiti sottoterra per estendere la gamma di miniere. Le risorse sotterranee nelle vicinanze sono accessibili e raccolte infinitamente. La fornitura di pickax accelererà il processo minerario sotterraneo.	Los túneles de mina pueden ser construidos bajo tierra para extender el rango de las Minas. Recursos bajo tierra cercanos pueden ser accedidos y cosechados infinitamente. Suministrar Picos acelerara el proceso de minería bajo tierra.	矿井地下可建以延长矿山的范围。附近的地下资源可以访问和无限收获。供应鹤嘴镐将加快地下采矿过程。	Les Puits de mine peuvent être construits sous terre pour étendre la portée des Mines. Les ressources souterraines peuvent être atteintes et extraites indéfiniment. Fournir des pioches accélèra le minage souterrain.	Minenschächte können unterirdisch gebaut werden, um Minen zu erweitern. Nahegelegene unterirdische Ressourcen können unendlich abgebaut werden. Versorgung mit Spitzhacken beschleunigt Erzregeneration.	Poços de minas pode ser construída no subsolo para alargar a gama de minas. recursos subterrâneos próximas podem ser acessados ​​e colhidas infinitamente. Fornecimento Picaretas irá acelerar o processo de mineração subterrânea.	Шахты строятся под землей, для расширения области добычи полезных ископаемых. Они позволят бесконечно добывать близлежащие ресурсы. Использование кирки сущестенно ускорит процесс добычи.	Os Túneis de Mineração podem ser construídos no subsolo para ampliar o alcance das minas. Os recursos subterrâneos próximos podem ser acessados e colhidos infinitamente. O fornecimento de picaretas acelera o processo de mineração subterrânea.	可以在地下建造礦井以擴大礦場的範圍。 附近的地下資源可以無限採集。 提供十字鎬將加快地下採礦過程。	地下に坑道を建設して、鉱山の範囲を広げることができます。\n近くの地下資源にアクセスして際限なく収穫することができます。\nツルハシを供給すると、地下採掘の速度が速くなります。	Madenlerin menzilini genişletmek için yeraltına Maden Şaftları inşa edilebilir. Yakındaki yer altı kaynaklarına sınırsız şekilde erişilebilir ve bu kaynaklar toplanabilir. Kazmaların tedarik edilmesi yeraltı madenciliği sürecini hızlandıracaktır.	Důlní šachty mohou být vybudovány pod zemí, aby se rozšířil rozsah dolů. Nedaleké podzemní zdroje lze těžit donekonečna. Dodání krumpáčů urychlí proces podzemní těžby.	I miei alberi possono essere costruiti sottoterra per estendere la gamma di miniere. Le risorse sotterranee nelle vicinanze sono accessibili e raccolte infinitamente. La fornitura di pickax accelererà il processo minerario sotterraneo.
ProTipHeaderPipes	Tubi	Tuberías	管道	Tuyaux	Rohre	Tubos	Трубы	Tubos	管道	パイプ	Borular	Trubky	Tubi
ProTipPipes	È possibile utilizzare tubi per trasportare alcuni tipi di articoli. Possono essere posizionati sopra o sotto terra. Utilizzare i connettori per tubi per attaccare i tubi agli edifici vicini.	Puede utilizar los tubos para el transporte de algunos tipos de artículos. Se pueden colocar por encima o por debajo del suelo. Use las uniones de tubo para unir tuberías de los edificios cercanos.	您可以使用管道运输某些类型的项目。它们可以放在地上或地下。使用管道连接到管道连接到附近的建筑物。	Vous pouvez utiliser les Tuyaux pour transporter certains types d'objets. Ils peuvent aussi être placés au dessus ou en dessous du sol. Utiliser des Connecteurs pour attacher les Tuyaux aux bâtiment proches.	Du kannst Rohre zum Transportieren einiger Gegenstände verwenden . Sie können über- oder unterirdirsch platziert werden. Benutze Rohrverbinder, um nahe Gebäude zu verbinden.	Você pode usar Pipes para o transporte de alguns tipos de itens. Eles podem ser colocados acima ou abaixo do solo. Utilize um tubo de conectores para ligar tubos de edifícios próximos.	Вы можете использовать трубы для транспортировки некоторых предметов. Трубы можно размещать над или под землей. Используйте клапаны, чтобы подсоединить трубу к ближайшему зданию.	Você pode usar tubos para transportar alguns tipos de itens. Eles podem ser colocados acima ou abaixo do solo. Use Conectoresde Tubos  para conectar os tubos aos edifícios próximos.	您可以使用管道運輸某些類型的物品。 它們可以放置在地上或地下。 使用管道連接器將管道連接到附近的建築。	パイプを使って、いくつかの種類のアイテムを運ぶことができます。\nパイプは地上または地下に配置することができます。\n近くの建物にパイプを取り付けるには、パイプコネクタを使用します。	Bazı türdeki eşyaları taşımak için Boruları kullanabilirsiniz. Yer üstüne veya altına yerleştirilebilirler. Boruları yakındaki binalara bağlamak için Boru Konektörlerini kullanın.	Potrubí můžete použít k přepravě některých typů předmětů. Mohou být umístěny nad nebo pod zemí. Použijte Spojovače trubek k připojení potrubí k blízkým budovám.	È possibile utilizzare tubi per trasportare alcuni tipi di articoli. Possono essere posizionati sopra o sotto terra. Utilizzare i connettori per tubi per attaccare i tubi agli edifici vicini.
ProTipWagons	I carri possono trasportare {0} articoli alla volta e possono viaggiare rapidamente su strade di pietra. Tuttavia, non possono raccogliere risorse.	Vagones pueden llevar {0} elementos a la vez, y pueden viajar rápidamente en los caminos de piedra. Sin embargo, no pueden recoger los recursos.	手推车一次可以携带{0}件物品，并且在石板路快速行驶。但是他们无法采集资源。	Les chariots peuvent transporter {0} éléments à chaque fois et peuvent se déplacer plus rapidement sur les routes en pierre. Ils ne peuvent cependant pas récolter eux-mêmes les ressources.	Wagen können {0} Gegenstände gleichzeitig tragen und sind schneller auf Steinstraßen. Allerdings können sie keine Ressourcen ernten.	Vagões pode carregar {0} itens de uma vez, e eles podem viajar rapidamente em estradas de pedra. No entanto, eles não podem colher recursos.	Тележки могут перевозить {0} предмета(ов) за раз, быстро перемещаясь по каменным дорогам, но не могут собирать ресурсы.	As carroças podem carregar {0} itens por vez e podem se deslocar rapidamente em estradas de pedra. Entretanto, não podem colher recursos.	手推車一次可以攜帶 {0} 件物品，並且可以在石路上快速行駛。 但是，他們無法採集資源。	ワゴンは{0}のアイテムを一度に運ぶことができ、石の道を素早く移動することができます。ただし、資源を収穫することはできません。	Vagonlar tek seferde {0} eşya taşıyabilir ve taş yollarda hızlı bir şekilde ilerleyebilir. Ancak kaynakları toplayamıyorlar.	Vozy mohou přepravovat {0} položek najednou a mohou rychle cestovat po kamenných cestách. Nemohou však sklízet zdroje.	I carri possono trasportare {0} articoli alla volta e possono viaggiare rapidamente su strade di pietra. Tuttavia, non possono raccogliere risorse.
Campaign1_Title	#N/A	#N/A	#N/A	#N/A	#N/A	#N/A	#N/A	#N/A	#N/A	#N/A	#N/A	#N/A	#N/A
Campaign1_IntroMessage1	Alcuni coloni hanno fondato un piccolo villaggio nel deserto. Aiuta a crescere in una città più grande raccogliendo risorse, creando merci utili e costruire case.	Unos colonos han fundado un pequeño pueblo en el desierto. Ayúdalo a crecer a una ciudad más grande mediante la recopilación de recursos, la elaboración de bienes útiles, y la construcción de casas.	一些定居者成立于荒野的一个小村庄。通过采集资源、制作有用的物品和建造房屋来帮助它成长为一个更大的城镇。	Quelques colons ont fondé un petit village dans une région sauvage. Aidez-le à devenir une ville en récoltant des ressources, en fabriquant des biens utiles et en construisant des maisons.	Ein paar Siedler haben ein kleines Dorf in der Wildnis gegründet. Hilf ihnen, zu einer großen Stadt zu wachsen, indem du Ressourcen sammelst, nützliche Gegenstände herstellst und Gebäude baust	Alguns colonos fundaram uma pequena aldeia no deserto. Ajudá-la a crescer em uma cidade maior, reunindo recursos, a elaboração de bens úteis e construção de casas.	Несколько поселенцев нашли маленькую деревню в пустыне. Помогите им отсроить большой город, добывая ресурсы, создавая инструменты и строя дома.	Alguns colonos fundaram um pequeno vilarejo na região selvagem. Ajude-a a se transformar em uma cidade maior, coletando recursos, fabricando produtos úteis e construindo casas.	一些定居者在荒野中建立了一個小村莊。 通過採集資源、製作有用的物品和建造房屋來幫助它成長為一個更大的城鎮。	荒野に数人の入植者が小さな村を作りました。\n資源を集めて役立つアイテムを作り、住宅を増やして大きな町に成長させましょう。	Birkaç yerleşimci vahşi doğada küçük bir köy kurdu. Kaynakları toplayarak, faydalı ürünler üreterek ve evler inşa ederek daha büyük bir kasabaya dönüşmesine yardımcı olun.	Několik osadníků založilo malou vesnici v divočině. Pomozte jim vyrůst ve větší město tím, že budete shromažďovat zdroje, vyrábět užitečné zboží a stavět domy.	Alcuni coloni hanno fondato un piccolo villaggio nel deserto. Aiuta a crescere in una città più grande raccogliendo risorse, creando merci utili e costruire case.
Campaign2_IntroMessage1	#N/A	#N/A	#N/A	#N/A	#N/A	#N/A	#N/A	#N/A	#N/A	#N/A	#N/A	#N/A	#N/A
PrefVideoOptionVsyncNone	Non sincronizzare	No sincronizar	不同步	Ne pas synchroniser	Nicht synchron	Não sincronizar	Выкл	Não sincronizar	不同步	同期しない	Senkronize Etme	Nesynchronizovat	Non sincronizzare
PrefVideoOptionVsyncEveryBlank	ogni Blank	Cada blanco	每帧	À chaque signal vertical	Jeder Blank	Cada espaço em branco	Каждый кадр	Todos os espaços em branco	每一幀	リフレッシュレートと同期	Her Boş	Každý prázdný	ogni Blank
PrefVideoOptionVsyncEvery2ndBlank	Ogni secondo Blank	Cada segundo en blanco	每两帧	Tous les 2 signaux verticaux	Jeder 2. Blank	Cada 2º espaço em branco	Каждый второй кадр	Todo segundo espaço em branco	每兩幀	リフレッシュレートの半分	Her 2. Boşlukta	Každý druhý prázdný	Ogni secondo Blank
PrefVideoOptionWindowModeWindowed	windowed	Ventana	窗口模式	Fenêtré	Fenstermodus	Janela	Оконный	Em janela	視窗	ウィンドウ	Pencereli	V okně	windowed
PrefVideoOptionWindowModeFullscreenWindowed	finestra a tutto schermo	Modo Pantalla Completa	全屏窗口模式	Plein écran fenêtré	Vollbild	Janela em tela cheia	Полноэкранный	Janela de Tela Cheia	全螢幕視窗	ボーダレスウィンドウ	Tam Ekran Penceresi	Celá obrazovka	finestra a tutto schermo
PrefVideoOptionWindowModeFullscreenExclusive	Schermo intero esclusivo	Pantalla Completa Exclusiva	全屏模式	Plein écran	Vollbild Exklusiv	Exclusivo em tela cheia	Окно без рамки	Exclusivo em Tela Cheia	全螢幕	フルスクリーン	Tam Ekrana Özel	Exkluzivní celá obrazovka	Schermo intero esclusivo
